german_context;src_term;tgt_term;subset
Die sachliche Zuständigkeit der österreichischen Gerichte hängt entweder vom Wert des Streitgegenstandes (Wertzuständigkeit) oder von der Art der Streitsache (Eigenzuständigkeit) ab.;Wertzuständigkeit;competenza per valore;var
Der Kanzleibeamte hat dem ordnungsgemäß benannten Privatsachverständigen von den vorgesehenen Untersuchungen des Amtssachverständigen Mitteilung zu machen , damit er an ihnen gemäß Artikel 194 und 201 der Zivilprozeßordnung teilnehmen kann.;Privatsachverständiger;consulente di parte;var
Der Parteisachverständige ist  bei den Tätigkeiten des vom Gericht bestellten Sachverständigen anwesend und nimmt immer dann an der Verhandlung und an der nichtöffentlichen Sitzung teil, wenn der vom Gericht bestellte Sachverständige einschreitet .;Parteisachverständiger;consulente di parte;var
Der Instruktionsrichter prüft von Amts wegen die Ordnungsmäßigkeit der Einlassung der Parteien und fordert diese, wenn nötig, auf, die Prozeßhandlungen und die Urkunden, die er als mangelhaft erkennt, zu ergänzen oder den Vorschriften anzupassen.;Einlassung der Parteien;costituzione delle parti;var
Für Besitzschutzklagen  und für die Lage auf Unterlassung einer Bauführung und wegen eines drohenden Schadens  ist das Gericht des Ortes zuständig, an dem sich der angezeigte Sachverhalt ereignet hat.;Besitzschutzklage;azione possessoria;var
Die Parteien können die Sprache oder die Sprachen, die im Schiedsverfahren zu verwenden sind, vereinbaren. Fehlt eine solche Vereinbarung, so bestimmt hierüber das Schiedsgericht.;Schiedsverfahren;giudizio arbitrale;var
Jeder Sachverständige hat vor dem Beginne der Beweisaufnahme den Sachverständigeneid zu leisten. Von der Beeidigung des Sachverständigen kann abgesehen werden, wenn beide Parteien auf die Beeidigung verzichten.;Sachverständigeneid;giuramento del consulente;var
Als rechtskräftig gilt ein Urteil, wenn es dem Verfahren der Zuständigkeitsfeststellung, der Berufung, der Kassationsbeschwerde sowie der Wiederaufnahmeklage aus den in Artikel 395, Ziffer 4 und 5, bezeichneten Gründen nicht mehr unterliegt .;Zuständigkeitsfeststellung;regolamento di competenza;var
Außer in bestimmten Fällen  schließt die Anerkennung, die entweder aus einer ausdrücklichen Annahme oder aus Handlungen hervorgeht, die mit dem Willen, sich der vom Gesetz zugelassenen Rechtsmittel zu bedienen, unvereinbar sind, die Einbringung eines Rechtsmittels aus .;Anerkennung;acquiescenza;var
Als RA wird nur zugelassen, wer die Befähigung zum Richteramt erlangen hat.;RA;avvocato;var
Der Arbeitnehmer kann sich von einem Vertreter der Gewerkschaftsorganisation, der er angehört oder der er den Auftrag erteilt, oder von einem Rechtsanwalt oder einem Arbeitsberater unterstützen lassen.;Rechtsanwalt;avvocato;var
Im Fall der notwendigen Streitgenossenschaft wird ein nur von einigen der Streitgenossen abgegebenes Geständnis vom Gericht frei gewürdigt.;Streitgenossenschaft;litisconsorzio;var
Die Außerkraftsetzung eines Gesetzes oder einer gesetzesvertretenden Maßnahme mit Gesetzeskraft oder eines Teiles derselben ist zum Volksentscheid zu bringen, wenn dies von fünfhunderttausend Wählern oder von fünf Volksvertretungen der Regionen verlangt wird.;Außerkraftsetzung;abrogazione;var
Eine Volksbefragung zwecks Abstimmung über die gänzliche oder teilweise Aufhebung eines Gesetzes oder eines Aktes mit Gesetzeskraft wird ausgeschrieben, wenn es fünfhunderttausend Wähler oder fünf Regionalräte verlangen.;Aufhebung;abrogazione;var
In Hinblick auf die in Artikel 526 CPC vorgesehenen Wirkungen darf der Beitritt nicht nach der ersten Verhandlung für das Erscheinen der Parteien erfolgen.;Beitritt;intervento;var
Die Streiteinlassung besteht darin, dass die bestreffende Partei schriftlich oder mündlich zur Sache vorbringt.;Streiteinlassung;costituzione in giudizio;var
Nach der Einlassung in das Verfahren sind alle Zustellungen und Mitteilungen an den Prozessbevollmächtigten, der sich eingelassen hat, vorzunehmen, sofern das Gesetz nicht etwas anderes bestimmt.;Einlassung in das Verfahren;costituzione in giudizio;var
Besteht zwischen Minderjährigen, die derselben Vormundschaft unterstehen, ein Interessenwiderstreit, so bestellt das Vormundschaftsgericht den Minderjährigen einen Spezialkurator.;Spezialkurator;curatore speciale;var
Die Klageschrift muss enthalten: . die bestimmte Angabe des Gegenstandes und des Grundes des erhobenen Anspruchs, sowie einen bestimmten Antrag.;Grund der erhoben Anspruch;causa petendi;var
Die Klageanschrift hat zu enthalten:  Die bestimmte Angabe des Gegenstandes des erhobenen Anspruchs.;Gegenstand der erhoben Anspruch;petitum;var
Die Widmung kann vom Eigentümer der Hauptsache oder von demjenigen, der ein dingliches Recht an derselben hat, vorgenommen werden.;dingliches Recht;diritto reale;var
Alle Durchführungsverordnungen zu diesem Gesetz sind innerhalb von 3 Monaten nach seinem In-Kraft-Treten zu erlassen.;Durchführungsverordnung;regolamento di esecuzione;var
Von der telematischen Kündigungsprozedur ausgenommen sind öffentlich Bedienstete ebenso wie Hausangestellte und Arbeitnehmer, die während der Probezeit kündigen. Aufrecht bleibt die bereits bestehende Vorgehensweise bei der Selbstkündigung von Müttern innerhalb des dritten Lebensjahres des Kindes.;Hausangestellter;domestico;var
Für jede Abteilung des Kindergartens werden eine Kindergärtnerin oder ein Kindergärtner und eine pädagogische Mitarbeiterin oder ein pädagogischer Mitarbeiter zugewiesen.;pädagogischer Mitarbeiter;assistente di scuola dell'infanzia;var
Der spezialisierte Straßenwärter/die spezialisierte Straßenwärterin verrichtet nach den Anweisungen des/der Vorgesetzten Arbeiten im Zusammenhang mit dem Bau, der Instandhaltung und Überwachung von Straßen und Kunstbauten und wartet die entsprechenden Maschinen und Geräte.;spezialisiert Straßenwärter;cantoniere specializzato;var
Stellt der Sozialassistent fest, daß die Eltern, die der Anvertrauung zugestimmt haben, den Minderjährigen vernachlässigen, so verfaßt er einen Bericht, der über den Direktor des Landesamtes der zuständigen Gerichtsbehörde vorzulegen ist .;Sozialassistent;assistente sociale;var
Der Werbesachbearbeiter/die Werbesachbearbeiterin hilft bei der Organisation und Abwicklung von Werbeveranstaltungen im Fremdenverkehrssektor mit.;Werbesachbearbeiter;assistente promozionale;var
Der Betriebsarzt übt die eigene Tätigkeit in folgender Form aus: a) als Beschäftigter oder Mitarbeiter einer externen öffentlichen oder privaten Struktur, die mit dem Unternehmer konventioniert ist b) als Freiberufler .;Freiberufler;libero professionista;var
Die Nichtbeachtung der Sorgfalts- und Treuepflicht kann je nach der Schwere der Verfehlung und im Einklang mit den Ständischen Vorschriften zur Anwendung von Disziplinarmaßnahmen führen.;Disziplinarmaßnahme;sanzione disciplinare;var
Die Regierung der Republik besteht aus dem Präsidenten des Ministerrates und den Ministern, die zusammen den Ministerrat bilden.;Ministerrat;Consiglio dei ministri;var
Gelegentlich gibt es auch Minister ohne Geschäftsbereich sie sind nur Kabinettsmitglieder, nicht aber oberste Verwaltungsbehörde.;Minister ohne Geschäftsbereich;ministro senza portafoglio;var
Gemeinden, Provinzen, Großstädte mit besonderem Status und Regionen sind autonome Körperschaften mit eigenen Statuten, Befugnissen und Aufgaben gemäß den in der Verfassung verankerten Grundsätzen.;Gemeinde;comune;var
In den Gemeinden der Provinz Bozen hat jede Sprachgruppe das Recht, im Gemeindeausschuss vertreten zu sein, wenn sie im Gemeinderat mit wenigstens zwei Räten vertreten ist.;Gemeinderat;consiglio comunale;var
Die Mitglieder der Gemeindeleitstelle für den Zivilschutz werden vom Gemeinderat ernannt sie haben die Aufgabe, den Bürgermeister in der Vorhersage, in der Vorbeugung und in der Durchführung der im Katastrophenfall zu ergreifenden Maßnahmen zu unterstützen.;Bürgermeister;sindaco;var
Falls mit der Verwaltung der Gemeinnutzungsgüter, welche der Gemeinde gehören, der Gemeindeausschuss betraut wird, kann diese über den Haushaltsplan der Gemeinde abgewickelt werden.;Gemeindeausschuss;giunta comunale;var
Der Gemeindeausschuss besteht aus dem Bürgermeister als Vorsitzendem und aus den Gemeindereferenten, deren Anzahl in der Satzung  bestimmt ist.;Gemeindereferent;assessore comunale;var
Die Unterschrift muss von einer der folgenden  Personen beglaubigt werden: Notare, Friedensrichter, , Bürgermeister, Gemeindeassessoren und Landesräte, Präsidenten der Gemeinderäte und Landtage, Präsidenten und Vizepräsidenten der Stadtviertelräte, Gemeindesekretäre und Sekretäre der Provinzen, .;Gemeindeassessor;assessore comunale;var
Die Gemeinderatsmitglieder haben das Initiativrecht in jeder dem Rat zur Beschlussfassung unterbreiteten Angelegenheit.;Gemeinderatsmitglied;consigliere comunale;var
Die Einrichtung durch Gesetz, der eigene und übertragene Wirkungsbereich, die Weisungsfreiheit im eigenen Wirkungsbereich, die Staatsaufsicht, die demokratische Bestellung der Organe, die Privatrechtsfähigkeit und die Satzungsautonomie stellen die organisationsrechtlichen und funktionalen Grundlagen und Schranken der nichtterritorialen Selbstverwaltung dar.;Satzungsautonomie;autonomia statutaria;var
Gemeinden, Provinzen, Großstädte mit besonderem Status und Regionen haben Finanzautonomie für Einnahmen und Ausgaben.;Finanzautonomie;autonomia finanziaria;var
Die Minister sind in ihrer Gesamtheit für die Handlungen des Ministerrates und einzeln für die Handlungen ihres Geschäftsbereiches verantwortlich.;Geschäftsbereich;dicastero;var
Soweit im Gesellschaftsvertrag nichts anderes bestimmt ist, kann ein Gesellschafter nicht ohne Zustimmung aller Gesellschafter über seinen Gesellschaftsanteil verfügen.;Gesellschaftsanteil;quota sociale;var
Der Wille, Bürgschaft zu leisten, muß ausdrücklich erklärt werden.;Bürgschaft;contratto di fideiussione;var
Die Abberufung eines im Gesellschaftsvertrag bestellten Geschäftsführers ist wirkungslos, wenn nicht ein wichtiger Grund vorliegt.;Geschäftsführer;amministratore;var
Die Verwalter der an der Verschmelzung beteiligten Gesellschaften haben einen Bericht zu erstellen, in welchem der Verschmelzungsplan und insbesondere das Umtauschverhältnis für die Aktien oder Anteile unter rechtlichen und wirtschaftlichen Gesichtspunkten erläutert und begründet werden müssen.;Verwalter;amministratore;var
Die Verwalter können  wiedergewählt und von der Gesellschafterversammlung jederzeit abberufen werden, auch wenn sie im Gründungsvertrag bestellt worden sind .;Verwalter;amministratore della società;var
Die Bestimmungen der Artikel 2206 und 2207 sind auch auf Bevollmächtigte anzuwenden, die aufgrund einer ständigen Rechtsbeziehung die Befugnis haben, für den Unternehmer die mit dem Betrieb des Unternehmens zusammenhängenden Rechtshandlungen vorzunehmen, auch wenn sie dieses nicht leiten.;Bevollmächtigter;procuratore;var
Die Verwalter haben den Jahresabschluß, der aus der Bilanz, der Gewinn- und Verlustrechnung und dem Anhang besteht, aufzustellen.;Gewinn- und Verlustrechnung;conto economico;var
Die entsprechende Gegenbuchung kann entweder als Aufwand in der GuV-Rechnung erfolgen (als Steuern des Geschäftsjahres) oder aber als Abzug von den betreffenden  Rücklagen.;GuV-Rechnung;conto dei profitti e delle perdite;var
Der Auftrag umfasst nicht nur die Rechtshandlungen, für die er erteilt wurde, sondern auch jene, die zu ihrer Durchführung notwendig sind.;Auftrag;mandato;var
Bei der Gesellschaft mit beschränkter Haftung haftet für die Verbindlichkeiten der Gesellschaft nur die Gesellschaft mit ihrem Vermögen.;Gesellschaft mit beschränkter Haftung;S.r.l.;var
Die Gesellschafter einer Kapitalgesellschaft (Gesellschaft mit beschränkter Haftung – GmbH, Aktiengesellschaft – AG) sind verpflichtet ein Mindestkapital einzuzahlen .;Gesellschaft mit beschränkter Haftung;società a responsabilità limitata;var
Das Statut der Region wird einem Referendum unterworfen, wenn innerhalb von drei Monaten nach seiner Veröffentlichung ein Fünfzigstel der Wahlberechtigten der Region oder ein Fünftel der Mitglieder des Regionalrates dies beantragen.;Referendum;referendum;var
Eine Volksabstimmung zur vollständigen oder teilweisen Aufhebung eines Landesgesetzes wird anberaumt, wenn dies mindestens 13.000 Wähler fordern, die in die Wählerlisten einer Gemeinde des Landes eingetragen und für die Wahl des Südtiroler Landtages wahlberechtigt sind.;Volksabstimmung;referendum;var
Eine Volksbefragung zwecks Abstimmung über die gänzliche oder teilweise Aufhebung eines Gesetzes oder eines Aktes mit Gesetzeskraft wird ausgeschrieben, wenn es fünfhunderttausend Wähler oder fünf Regionalräte verlangen.;Volksbefragung;referendum popolare;var
Wer gegen die Mitteilungspflicht  verstößt, muss eine Verwaltungsstrafe von 500,00 Euro bis zu 1.500,00 Euro entrichten.;Verwaltungsstrafe;sanzione amministrativa;var
Die Regelung des Kollektivarbeitsvertrages ist auch auf die  landwirtschaftlichen Gemeinschaftsverhältnisse und auf Pachtverhältnisse mit dem Selbstbebauer eines Grundstücks anzuwenden.;Selbstbebauer;coltivatore diretto;var
Die Adoption darf zugunsten von Minderjährigen vorgenommen werden, die gemäß den folgenden Artikeln zur Adoption freigegeben worden sind.;Adoption;adozione;var
Die Zulage wird außerdem im Falle einer Adoption oder einer  Anvertrauung zur Betreuung vor der Adoption gewährt .;Anvertrauung zur Betreuung vor der Adoption;affidamento preadottivo;var
Der Beitritt derjenigen, die ein Interesse daran haben, und die Satzung des Konsortiums müssen aus einer Urkunde hervorgehen.;Beitritt;adesione;var
Das Vormundschaftsgericht nimmt die Bestellung des Vormundes und des Vormundstellvertreters vor, sobald es von der Tatsache, die die Eröffnung der Vormundschaft nach sich zieht, Kenntnis erlangt hat.;Vormund;tutore;var
Die Ablösung erfolgt durch Zahlung jenes Betrags, der sich aus der Kapitalisierung des jährlichen Pachtzinses auf der Grundlage der gesetzlichen Zinsen ergibt. Die Einzelheiten werden durch Sondergesetze geregelt.;gesetzlich Zins;interessi legali;var
Zur ordnungsgemäßen Durchführung der mit den Hauptuntersuchungen verbundenen Kontrollen und Prüfungen müssen die Unternehmen laut Absatz 8 geeignete, in der Verordnung näher festgelegte fachliche und berufliche Voraussetzungen besitzen und über entsprechende Ausstattungen und Räumlichkeiten verfügen.;Verordnung;regolamento;var
Wer einen Zuschuß im Sinne dieses Gesetzes bezieht, muß diesen samt Zinsen in der Höhe des Diskontsatzes rückerstatten, wenn er innerhalb von zehn Jahren die Selbstbearbeitung des Hofes einstellt oder den Hof oder Teile desselben veräußert .;Diskontsatz;tasso di sconto;var
Vor dem Hintergrund einer relativ günstigen Wirtschaftsentwicklung in Südtirol, die sich auf fast alle Sektoren erstreckte, konnten auch die Raiffeisenkassen im abgelaufenen Jahr mit guten Ergebnissen aufwarten.;Raiffeisenkasse;cassa rurale ed artigiana;var
Ein Gläubiger kann auch ohne Einwilligung des Schuldners seine Forderung entgeltlich oder unentgeltlich übertragen, sofern die Forderung nicht höchstpersönlicher Natur oder die Übertragung nicht gesetzlich verboten ist.;Forderung;credito;var
Zur Bestimmung der Zuständigkeit gilt bei Gesellschaften ohne Rechtspersönlichkeit, nicht anerkannten Vereinen oder Komitees, wie sie in den Artikeln 36 und folgenden des Zivilgesetzbuches vorgesehen sind, als Sitz der Ort, an dem sie Tätigkeiten ständig ausüben.;Zivilgesetzbuch;codice civile;var
Die Entlohnung des Arbeitnehmers  ist in dem von den Ständischen Vorschriften bestimmten Ausmaß und in der Art und Weise und zu den Zeitpunkten zu leisten, die an dem Ort gebräuchlich sind, an dem die Arbeit geleistet wird.;Entlohnung;retribuzione;var
Die jährliche Vergütung für die Aufsichtsratsmitglieder muß  von der Gesellschaftsversammlung  bestimmt werden.;Vergütung;retribuzione;var
Die Dokumente (von 1 - 4 : Geburtsschein, Ehebescheinigung, Wohnsitzbescheinigung, Familienbogen) sind in Original dem Antrag beizulegen und können nicht durch Eigenerklärungen ersetzt werden.;Wohnsitzbescheinigung;certificato di residenza;var
Um die monatlichen Studienbeihilfen zu erhalten, müssen die betreffenden Praktikanten an das Landesamt für Ausbildung des Gesundheitspersonals ein Gesuch auf Stempelpapier richten und dabei folgende Unterlagen beilegen: c) Bescheinigung über den Wohnsitz, ….;Bescheinigung über den Wohnsitz;certificato di residenza;var
Das Zulassungsgesuch ist auf Stempelpapier abzufassen und innerhalb des jährlich neu festgelegten Termins dem Landesrat für Gesundheitswesen zu übermitteln. Dem Gesuch müssen folgende Unterlagen beigefügt werden:  Staatsbürgerschaftsbescheinigung .;Staatsbürgerschaftsbescheinigung;certificato di cittadinanza;var
Als Handwerksunternehmen gilt außerdem ein Unternehmen, das  in Form einer Gesellschaft  gegründet und geführt wird, vorausgesetzt, daß die Mehrheit der Gesellschafter vorwiegend die eigene, auch manuelle Tätigkeit in den Produktionsprozeß einbringt .;Handwerksunternehmen;impresa artigiana;var
Handelt es sich um einen Handwerksbetrieb in Form einer Gesellschaft oder Genossenschaft, muß die Mehrheit der Mitglieder  im Besitze der Voraussetzungen gemäß Absatz 2 sein.;Handwerksbetrieb;impresa artigiana;var
Der Schiedsvertrag ist bei sonstiger Nichtigkeit schriftlich zu errichten und hat den Gegenstand des Rechtsstreits zu bestimmen.;Schiedsvertrag;compromesso;var
Zwecks Reduzierung des Prämiensatzes für die Versicherung gegen Arbeitsunfälle und Berufskrankheiten wird die Einführung seitens der Unternehmen von technologischen oder organisatorischen Lösungen, die vom INAIL überprüft wurden, berücksichtigt.;Versicherung gegen Arbeitsunfälle und Berufskrankheiten;assicurazione contro gli infortuni sul lavoro e le malattie professionali;var
Das Domizil einer Person befindet sich an dem Ort, an dem sie den Hauptsitz ihrer Geschäfte und Interessen begründet hat.;Domizil;domicilio;var
In keinem Fall kann für Nicht-EU-Bürgerinnen und -Bürger und für Staatenlose die Genehmigung über die gesetzlich vorgesehene Aufenthaltsdauer bzw. über die Dauer der Gültigkeit der Aufenthaltsgenehmigung oder des Einreisevisums hinaus gehen.;Staatenlose;apolide;var
Die Ehefrau behält außer bei ausdrücklichem Verzicht die italienische Staatsbürgerschaft, auch wenn sie auf Grund ihrer Eheschließung oder auf Grund der Änderung der Staatsbürgerschaft ihres Ehemannes eine fremde Staatsbürgerschaft erwirbt.;Staatsbürgerschaft;cittadinanza;var
Falls der ausländische Rechtsstreit eine Vorfrage zum Gegenstand hat, kann das italienische Gericht das Verfahren aussetzen, wenn es der Ansicht ist, daß die ausländische Verfügung für die italienische Rechtsordnung Wirkungen erzeugen kann.;ausländische Verfügung;provvedimento straniero;var
Das Kind untersteht der elterlichen Gewalt bis zu seiner Volljährigkeit oder Entlassung aus der elterlichen Gewalt.;elterlich Gewalt;potestà dei genitori;var
Die Bestimmungen hinsichtlich der Erbfolge der unehelichen Kinder sind anzuwenden, wenn die Abstammung anerkannt oder gerichtlich festgestellt worden ist.;Abstammung;filiazione;var
In Zweifelsfällen erfolgt die Auslegung der Rechtsvorschrift auf Grund des italienischen Wortlautes.;Rechtsvorschrift;norma giuridica;var
Das Departement für öffentliche Verwaltung fördert und erarbeitet entsprechend den internationalen Vorgaben, Programmen und Projekten allgemeine Vorschriften und Methoden zur Korruptionsverhütung.;Vorschrift;norma giuridica;var
Schuldverhältnisse entstehen aus Vertrag, aus unerlaubter Handlung oder aus jeder sonstigen Handlung oder Tatsache, die nach der Rechtsordnung solche zu begründen geeignet ist.;unerlaubt Handlung;fatto illecito;var
Die Trennung der Ehegatten ist zulässig. Die Trennung kann eine gerichtliche oder einverständliche sein. Das Recht, die gerichtliche Trennung oder die Bestätigung der einverständlichen Trennung zu verlangen, steht ausschließlich den Ehegatten zu.;Trennung;separazione;var
Die persönlichen Rechtsverhältnisse zwischen Ehegatten werden vom gemeinsamen Heimatrecht geregelt.;persönlich Rechtsverhältnis;rapporti personali;var
Die Legitimation durch gerichtliche Verfügung erzeugt dieselben Wirkungen wie die Legitimation durch nachfolgende Eheschließung .;Legitimation durch nachfolgende Eheschließung;legittimazione per susseguente matrimonio;var
Der Schutz der Minderjährigen wir din jedem Fall durch das Haager Übereinkommen vom 5. Oktober 1961 über die Zuständigkeit der Behörden und das anzuwendende Recht auf dem Gebiet des Schutzes von Minderjährigen  geregelt.;Schutz der Minderjährigen;protezione dei minori;var
Für das Personal der Staatspolizei, das militärisch organisierten Einrichtungen untersteht, gelten für die Sprache die Bestimmungen dieses Dekretes in all den Fällen, in denen Handlungen gesetzt werden, die die Tätigkeit der Polizei im allgemeinen betreffen .;Staatspolizei;Polizia di Stato;var
Bei der Zuweisung des Lehrpersonals an die Klassen der Grundschule achtet die Schulführungskraft im Sinne des ganzheitlichen Bildungsansatzes darauf, dass die Anzahl der Lehrpersonen im Klassenrat begrenzt bleibt.;Grundschule;scuola elementare;var
Dem Verteidiger stehen jene Befugnisse und Rechte zu, die das Gesetz dem Angeklagten zuerkennt, sofern sie nicht diesem persönlich vorbehalten sind.;Verteidiger;difensore;var
Der Amtsverteidiger ist zur Leistung des Rechtsbeistandes verpflichtet und kann nur aus einem berechtigten Grund ersetzt werden.;Amtsverteidiger;difensore d'ufficio;var
Das Gericht bestellt den Amtssachverständigen, indem es ihn unter den in eigene Listen eingetragenen oder im betreffenden Fachbereich mit besonderer Fachkenntnis ausgestatteten Person auswählt.;Amtssachverständiger;perito;var
Der Landesausschuß kann außerdem nach Anhören des  Landesbeirates weitere Fachleute oder Sachverständige hinzuziehen, wenn er dies für die Durchführung der Aufgaben der Betreuungsstelle für unerläßlich erachtet.;Sachverständiger;perito;var
Personen, die ihre Rechte nicht frei ausüben können, können sich nur dann als Zivilpartei einlassen, wenn sie in den Erhebung von Zivilklagen vorgeschriebenen Formen vertreten, ermächtigt oder mit einem Beistand versehen sind.;Zivilpartei;parte civile;var
Ruht die Funktion des Versicherungsvertreters wegen Unvereinbarkeit , so ist auch für dessen Stellvertreter auf Dauer ein Stellvertreter zu bestellen.;Unvereinbarkeit;incompatibilità;var
Die Forderungen bezüglich der Abfertigung sowie der Entschädigung gemäß Artikel 2118 werden im Falle der fruchtlosen Vollstreckung auf die beweglichen Sachen hilfsweise mit Vorrang gegenüber den nicht bevorrechtigten Forderungen im Erlös aus den Liegenschaften untergebracht.;Vollstreckung;esecuzione;var
Das Gericht trifft die notwendigen Anordnungen, um die Vollstreckung der Verfügung zu gewährleisten und auch um die Verwendung des Reisepasses und anderer für die Ausreise gültiger Ausweispapiere zu verhindern.;Reisepass;passaporto;var
Die dem Angeklagten zustehenden Rechte und Garantien erstrecken sich auf eine Person, die den Vorerhebungen unterworfen ist.;Person;persona sottoposta a indagini;var
Der Haftbefehl ist dem Beschuldigten bei der Verhaftung bekanntzugeben. Ist dies nicht möglich, so ist ihm vorläufig mitzuteilen, welcher Tat er verdächtig ist. Die Bekanntgabe des Haftbefehls ist in diesem Fall unverzüglich nachzuholen.;Verhaftung;arresto;var
Bei Fehlen von ehelichen oder unehelichen Kindern, von Vorfahren, von Brüdern oder Schwestern fällt dem Ehegatten die gesamte Erbschaft an .;Erbschaft;eredità;var
Das Dekret, mit dem der Kurator der ruhenden Verlassenschaft ernannt wird, ist auf Veranlassung des Kanzleibeamten der ernannten Person innerhalb der im Dekret festgesetzten First zuzustellen.;Verlassenschaft;eredità;var
Der Pflichtteilsberechtigte, der kraft Eintritts zum Zug kommt, hat auch die ohne ausdrücklichen Erlaß zugunsten seines Vorfahren gemachten Schenkungen und Vermächtnisse anzurechnen .;Pflichtteilsberechtigter;riservatario;var
Im Fall der Erbteilung oder der Übertragung des Betriebs haben die  Teilhaber ein Vorrecht auf den Betrieb.;Erbteilung;divisione ereditaria;var
Der Erblasser kann auch verfügen, dass die Teilung der Erbschaft oder einiger Güter derselben erst stattfinden darf, wenn eine Frist von nicht mehr als fünf Jahren ab seinem Tod abgelaufen ist.;Teilung der Erbschaft;divisione dell'eredità;var
Berichtigung inhaltlicher Fehler und Wiederaufnahme des Verfahrens bei Urteilen des Kassationsgerichtshofs.;Berichtigung inhaltlicher Fehler;correzione degli errori materiali;var
Wurde der Antragsteller wegen der im vorhergehenden Absatz erwähnten Vergehen bereits endgültig verurteilt, so ist die Zahlung der Geldbuße im Strafregister anzumerken.;Strafregister;casellario giudiziale;var
Besteht berechtigter Grund zur Annahme, daß jemand ein Überführungsstück oder zur strafbaren Handlung gehörige Sachen an seinem Körper verbirgt, so wird eine Durchsuchung der Person angeordnet.;Durchsuchung der Person;perquisizione personale;var
Kein Mitglied des Parlaments darf ohne Ermächtigung der Kammer, der es angehört, einer Leibesvisitation oder einer Hausdurchsuchung unterzogen werden .;Leibesvisitation;perquisizione personale;var
Die Bestimmungen über die Wiedereinsetzung in die früheren Rechte werden auch bei einem auf Verurteilung lautenden ausländischen Urteil angewendet, das nach Artikel 12 anerkannt worden ist.;Wiedereinsetzung in die früheren Rechte;riabilitazione;var
Unmittelbar nachdem die Erörterung für geschlossen erklärt worden ist, entscheidet das Gericht, indem es ein Urteil auf Einstellung des Verfahrens oder ein Dekret auf Einleitung des Hauptverfahrens erläßt.;Dekret auf Einleitung des Hauptverfahrens;decreto che dispone il giudizio;var
Die Berufung zur Erbschaft erfolgt durch Gesetz oder durch Testament.;Testament;testamento;var
Gläubiger des Verstorbenen können die Absonderung auch hinsichtlich solcher Sachen vornehmen, die Gegenstand des Vermächtnisses einer bestimmten Sache sind.;Vermächtnis;legato;var
Die Beteiligung des Landes Südtirol an der Konstituierung der Anstalt setzt voraus, daß in deren Statut die Vertretung des Landes in den Gesellschafts- und Aufsichtsorganen vorgesehen ist.;Statut;statuto societario;var
Die Satzung, welche die Vorschriften über die Arbeitsweise der Gesellschaft enthält, wird, auch wenn sie Gegenstand einer eigenen Urkunde bildet, als integrierter Bestandteil des Gründungsvertrags betrachtet und muß diesem angeschlossen sein.;Satzung;statuto societario;var
Natürliche Energien, die wirtschaftlichen Wert haben, gelten als bewegliche Sachen.;beweglich Sache;cosa mobile;var
Die Ersitzung einer Gesamtsache  oder von dinglichen Nutzungsrechten an einer solchen tritt durch einen zwanzig Jahre lang dauernden Besitz ein.;Gesamtsache;universalità di cose;var
Die natürlichen Früchte gehören dem Eigentümer der Sache, die sie hervorbringt, außer ihr Eigentum steht anderen zu.;natürlich Früchte;frutti naturali;var
Die Zivilfrüchte werden Tag für Tag anch Maßgabe der Dauer des Rechts erworben.;Zivilfrüchte;frutti civili;var
Der Erwerb vollzieht sich kraft Gesetzes ohne Erfordernis der Annahme  und ohne daß eine Ausschlagung vorgenommen werden kann .;Erwerb;acquisto;var
Solange nicht die Absonderung erfolgt, bilden die Früchte einen Bestandteil der Sache.;Absonderung;separazione dei frutti;var
Die Rechtsstellung des Ausländers wird in Übereinstimmung mit den völkerrechtlichen Bestimmungen und Verträgen gesetzlich geregelt.;Rechtsstellung;condizione giuridica;var
Das Staatsbürgerschaftsgesetz (StbG) – regelt, unter welchen Voraussetzungen Menschen die rechtliche Stellung („status“) eines österreichischen Staatsbürgers zukommt.;rechtliche Stellung;condizione giuridica;var
Das Deutsche Volk bekennt sich darum zu unverletzlichen und unveräußerlichen Menschenrechten als Grundlage jeder menschlichen Gemeinschaft, des Friedens und der Gerechtigkeit in der Welt.;unveräußerlich;inalienabile;var
Bei schwerer und dringender öffentlicher, militärischer oder ziviler Notwendigkeit kann die Requierierung von beweglichen oder unbeweglichen Sachen angeordnet werden.;Requirierung;requisizione;var
Das Eigentum an Grund und Boden erstreckt sich auf den Bereich unter der Erdoberfläche mit allem, was er enthält, und der Eigentümer kann jede Art von Grabung oder Bau vornehmen, die dem Nachbarn keinen Schaden zufügt.;Eigentum an Grund und Boden;proprietà immobiliare;var
Das Grundeigentum unterliegt in den von Sondergesetzen  vorgesehenen Fällen besonderen Vorschriften zur Erreichung von Zwecken von öffentlichem Interesse .;Grundeigentum;proprietà del fondo;var
Das Eigentum an Grund und Boden erstreckt sich auf den Bereich unter der Erdoberfläche.;Bereich unter der Erdoberfläche;sottosuolo;var
Der Erbpächter hat die gleichen Rechte, die der Eigentümer an den Früchten des Bodens, am Schatz und bezüglich der Verwertung des Untergrunds in Übereinstimmung mit den Bestimmungen der Sondergesetze hätte.;Untergrund;sottosuolo;var
Bei Zwangsübertragungen  werden Grunddienstbarkeiten je nach den Erfordernissen der neuen Anordnung aufgehoben, erhalten oder begründet.;Grunddienstbarkeit;servitù regolare;var
Ist die vermachte Sache mit einer Dienstbarkeit , mit einem Grundzins oder mit einer anderen auf dem Grundstück haftenden Last oder mit einer Grundrente  beschwert, so ist die Belastung vom Vermächtnisnehmer zu tragen.;Dienstbarkeit;servitù regolare;var
Der Landesrat für Wohnungsbau gewährt dem Wohnbauinstitut einen Beitrag für den Ankauf von Grundstücken im Siedlungsgebiet, die nach Änderung der urbanistischen Nutzungswidmung als Baugrund zweckbestimmt werden können und für die Realisierung genehmigter Bauprogramme notwendig sind.;Baugrund;area edificabile;var
Der für den Wohnungsbau zuständige Landesrat gewährt den Gemeinden oder gemeinnützigen Gesellschaften und Körperschaften eine Finanzierung für den Ankauf von bebauten und bebaubaren Grundstücken in Mischgebieten, in historischen Ortskernen und in Gebieten urbanistischer Neugestaltung .;bebaubares Grundstück;terreno edificabile;var
Wer eine auf zugewiesenem Bauland gebaute Wohnung veräußert, vermietet oder mit dinglichen Nutzungsrechten belastet, muss den Nachweis erbringen, daß er selbst über eine dem Bedarf seiner Familie angemessene Wohnung verfügt.;Bauland;area fabbricabile;var
Erlangt der Eigentümer direkt vom neuen Besitzer oder Inhaber die Rückgabe der Sache, so ist er verpflichtet, dem vorhergebenden Besitzer oder Inhaber den an Stelle der Sache erhaltenen Betrag zurückzugeben.;Inhaber;detentore;var
In jedem Fall ist das Verlangen auf Herausgabe der Materialien  nach Ablauf von sechs Monaten ab dem Tag, an dem der Eigentümer von der Verbindung Kenntnis erhalten hat, nciht mehr zulässig .;Verbindung;incorporazione;var
Das Erlöschen des Überbaurechts wegen Zeitablaufs führt zum Erlöschen der vom Überbauberechtigten begründeten dinglichen Rechte.;Überbaurecht;superficie;var
Die Personen, denen die Flächen in Gewerbegebieten zugewiesen werden, können die Verwirklichung der Produktionsanlagen durch Abtretung des Erbbaurechtes auch Leasingunternehmen anvertrauen.;Erbbaurecht;diritto di superficie;var
Der Fruchtnießer kann Hinzufügungen anbringen, die die wirtschaftliche Widmung der Sache nicht verändern.;Hinzufügung;addizione;var
Wenn er nicht mit der Sorgfalt eines ordentlichen Hausvaters waltet, ist er zum Ersatz des den Parteien entstandenen Schadens verpflichtet.;Sorgfalt eines ordentlichen Hausvaters;diligenza del buon padre di famiglia;var
In Ansehung der Servituten findet ein doppeltes Klagerecht statt. Man kann gegen den Eigentümer das Recht der Servitut behaupten oder, der Eigentümer kann sich über die Anmaßung einer Servitut beschweren. .;Anmaßung;usurpazione;var
Der Eigentümer des herrschenden Grundstücks darf keine Neuerungen vornehmen, die die Lage des dienenden Grunstücks zusätzlich erschweren.;herrschend Grundstück;fondo dominante;var
Der Eigentümer des dienenden Grundstücks ist nicht verpflichtet, irgendeine Handlung vorzunehmen, um die Ausübung der Dienstbarkeit durch den Berechtigten zu ermöglichen, es sei denn, daß das Gesetz oder der Rechtstitel etwas anderes bestimmt .;dienend Grundstück;fondo servente;var
Wer ein Handelsunternehmen mit Aktiven und Passiven oder wer eine Erbschaft kauft und übernimmt, dessen eigene Forderung oder Schuld an den Unternehmer oder an die Erbschaft erlischt durch Vereinigung.;Vereinigung;confusione;var
Die unteilbaren Verbindlichkeiten sind, vorbehaltlich der Vorschriften der folgenden Artikel, durch die Vorschriften über die Gesamtschuldverhältnisse geregelt, soweit diese anwendbar sind.;Gesamtschuldverhältnis;obbligazione solidale;var
Eine Gesamtschuld entsteht, wenn mehrere Personen zur Leistung einer unteilbaren Sache verpflichtet sind;Gesamtschuld;obbligazione solidale;var
Im Innenverhältnis teilt sich die Gesamtverbindlichkeit unter den verschiedenen Schuldnern oder unter den verschiedenen Gläubigern auf .;Gesamtverbindlichkeit;obbligazione in solido;var
Am Zugang zum Gemeinschaftseigentum oder an dem am stärksten gemeinschaftlich genutzten Ort, der auch Dritten zugänglich ist, werden die Personalien und das Domizil des Verwalters sowie seine Zustelladressen samt Telefonnummern ausgehängt.;Gemeinschaftseigentum;condominio;var
Wenn eine gesonderte Verwendung nicht möglich ist, ist die Neuerung unstatthaft, außer die Mehrheit der Miteigentümer, die sie beschlossen oder gutgeheißen hat, ist bereit, den gesamten Aufwand für sie zu tragen.;Neuerung;innovazione;var
Wenn die Klage oder die Verfügung einen Inhalt aufweist, der über die Aufgaben des Verwalters hinausreicht, ist dieser verpflichtet, davon unverzüglich die Versammlung der Miteigentümer zu verständigen.;Versammlung der Miteigentümer;assemblea dei condomini;var
Der Eheschließung hat das vom Standesbeamten durchzuführende Aufgebot voranzugehen.;Standesbeamter;ufficiale dello stato civile;var
Die Versöhnung der Ehegatten bewirkt die Aufgabe der bereits eingereichten Klage auf Ehetrennung.;Versöhnung;riconciliazione;var
Die einverständliche Ehetrennung wird mit der Bestätigung durch das Landesgericht wirksam, das in nichtöffentlicher Sitzung aufgrund eines Berichts des Präsidenten verfügt.;einverständliche Ehetrennung;separazione consensuale;var
Es wird der Besitz desjenigen vermutet, der die Verfügungsgewalt tatsächlich ausübt, sofern nicht bewiesen wird, daß er sie anfänglich nur auf Grund einer Innehabung ausgeübt hat.;Innehabung;detenzione;var
Unbeschadet der Rechte, die Dritte kraft Besitzes in gutem Glauben  erworben haben, kann der Auftraggeber die Herausgabe der beweglichen Sachen verlangen , die auf seine Rechnung von dem in eigenem Namen handelnden Beauftragten  erworben wurden.;Besitz in gut Glaube;possesso di buona fede;var
Die Klage auf Wiederherstellung kann auch gegen denjenigen gerichtet werden, der den Besitz durch Einzelrechtsnachfolge und in Kenntnis der erfolgten Entziehung erworben hat.;Klage auf Wiederherstellung;azione di spoglio;var
Wenn es sich um die Ausübung von Befugnissen handelt, die Gegenstand einer durch die öffentliche Verwaltung erteilten Konzession sein können, ist auch Klage auf Erhaltung des Besitzes zulässig.;Klage auf Erhaltung des Besitzes;azione di manutenzione;var
Jede Vereinbarung, die wie auch immer auf die Bestellung einer Mitgift abzielt, ist nichtig.;Mitgift;dote;var
Sachen, hinsichtlich derer keiner der Ehegatten das Alleineigentum nachweisen kann, stehen zu gleichen Teilen im ungeteilten Eigentum beider Ehegatten.;ungeteilt Eigentum;proprietà pro indiviso;var
Sofern nicht ein anderes Rechtsverhältnis vorliegt, hat der Familienangehörige, der seine Arbeitskraft fortdauernd für die Familie oder im Familienunternehmen einsetzt, Recht auf Unterhalt gemäß der Vermögenslage der Familie .;Familienunternehmen;impresa familiare;var
Den unehelichen Kindern, die ein Recht auf Unterhalt, Ausbildung und Erziehung haben, gebührt eine lebenslange Rente in Höhe des Ertrages des Erbteils, auf den sie Anspruch hätten, wäre die Abstammung festgestellt oder anerkannt worden.;Recht auf Unterhalt;diritto al mantenimento;var
Jeder arbeitsunfähige Staatsbürger, dem die zum Leben erforderlichen Mittel fehlen, hat Anspruch auf Unterhalt und Fürsorge.;Anspruch auf Unterhalt;diritto al mantenimento;var
Gestaltungsurteil bedeutet, daß unmittelbar durch das gerichtliche Urteil die Rechtslage gestaltet wird.;Gestaltungsurteil;sentenza costitutiva;var
Wenngleich die Gattungsschuld den Schuldner zur Leistung beliebiger Sachen einer Gattung verpflichtet, müssen zu diesem Zweck einmal individuell bestimmte Sachen ausgewählt werden.;Gattungsschuld;obbligazione generica;var
Gegen den Willen des Schuldners und des Gläubigers ist  die Erfüllung durch einen Dritten nicht möglich.;Erfüllung durch einen Dritten;adempimento del terzo;var
Zur Feststellung des Datums von Quittungen kann das Gericht unter Berücksichtigung der Umstände jedes beliebige Beweismittel zulassen.;Quittung;quietanza;var
Scheingeschäfte werden meist zur Täuschung der Behörden oder dritter Personen geschlossen.;Scheingeschäft;negozio simulato;var
Ein Freispruch kann nur mit Rücksicht auf die unter Anklage gestellte Tat, nicht aber mit Rücksicht auf ihre rechtliche Bezeichnung gefällt werden.;Freispruch;assoluzione;var
Bei Nichteinhaltung der Pflichten und bei unentschuldigten Absenzen schlagen der Primararzt und der Direktor der Apotheke dem Sanitätsdirektor einen schriftlichen Verweis vor.;Verweis;richiamo;var
Das Vormundschaftsgericht bestellt die Person zum Vormund, welche der Elternteil, der zuletzt die elterliche Verantwortung ausgeübt hat, als solchen benannt hat. Die Benennung kann durch Testament, durch öffentliche Urkunde oder durch beglaubigte Privaturkunde erfolgen.;beglaubigte Privaturkunde;scrittura privata autenticata;var
Die Klage auf Bestreitung der Vaterschaft zu dem während der Ehe empfangenen Kind ist nur in folgenden Fällen zulässig .;Bestreitung der Vaterschaft;disconoscimento di paternità;var
Liegt eine Kindesunterschiebung oder eine Kindesvertauschung vor, so kann das Kind, obwohl die Geburtskunde mit dem tatsächlichen Personenstand übereinstimmt, einen anderen Personenstand beanspruchen .;Kindesunterschiebung;supposizione di parto;var
Die Vaterschaftsbestreitungsklage seitens der Mutter muss innerhalb einer Frist von sechs Monaten ab der Geburt des Kindes eingebracht werden oder ab dem Tag, an dem sie Kenntnis von der Zeugungsunfähigkeit des Ehemanns zum Zeitpunkt der Empfängnis erhalten hat.;Vaterschaftsbestreitungsklage;azione di disconoscimento della paternità;var
Einfriedungen und Anpflanzungen müssen nach den Vorschriften der Bauleitpläne und Verkehrspläne errichtet werden und dürfen auf keinen Fall das zur Wahrung der Verkehrssicherheit notwendige Sichtfeld einschränken die diesbezügliche Beurteilung obliegt dem Straßeneigentümer.;Bauleitplan;piano urbanistico;var
Ein durch Eintritt zur Erbfolge berufener Nachkomme hat das auszugleichen, was dem Vorfahren geschenkt worden ist, auch wenn er dessen Erbschaft ausgeschlagen hat.;Vorfahre;ascendente;var
Ein durch Eintritt zur Erbfolge berufener Nachkomme hat das auszugleichen, was dem Vorfahren geschenkt worden ist, auch wenn er dessen Erbschaft ausgeschlagen hat.;Nachkomme;discendente;var
Die Zustimmung der in den Artikeln 296 und 297 CCangeführten Personen kann durch eine Person abgegeben werden, die mit einer durch öffentliche Urkunde oder durch beglaubigte Privaturkunde erteilten Spezialvollmacht versehen ist.;Spezialvollmacht;procura speciale;var
Die Entlassung aus der elterlichen Verantwortung verleiht dem Minderjährigen die Fähigkeit, jene Rechtshandlungen vorzunehmen, die nicht über die ordentliche Verwaltung hinausgehen.;Entlassung aus der elterlichen Verantwortung;emancipazione;var
Wenn nach dreijähriger Dauer der gesetzlichen Trennung nicht innerhalb der darauffolgenden sechs Monate der Antrag auf Auflösung oder auf Aufhebung der Rechtswirkungen der Ehe eingebracht wird, wird die Wohnbauförderung widerrufen.;Rechtswirkungen;effetti civili;var
Das Pfand haftet für die Forderung in deren jeweiligem Bestand, insbesondere auch für Zinsen und Vertragsstrafen.;Pfand;pegno;var
Wenn das Pfandrecht vor dem Inkrafttreten des Gesetzbuches entstanden ist, werden die Voraussetzungen für die Wirksamkeit des Vorrechtes durch die früheren Gesetze bestimmt.;Pfandrecht;pegno;var
Der Dienst hat folgende Aufgaben zu erfüllen: Führung der Lieferantenkartei und Aufstellung der übrigen Verbindlichkeiten.;Verbindlichkeit;debito;var
Wer gegenüber ein und derselben Person mehrere gleichartige Schulden hat, kann bei der Zahlung erklären, welche Schuld er tilgen will.;Schuld;debito;var
Das Vormundschaftgericht nimmt die Bestellung des Vormundes und des Vormundstellvertreters vor, sobald es von der Tatsache, die die Eröffnung der Vormundschaft nach sich zieht, Kenntnis erlangt hat.;Vormundstellvertreter;protutore;var
Unbeschadet eines anderslautenden Willens der Parteien hat der Darlehensnehmer dem Darlehensgeber Zinsen zu zahlen .;Darlehensgeber;mutuante;var
Erfüllt der Darlehensnehmer nicht die Verpflichtung zur Zahlung der Zinsen, so kann der Darlehensgeber die Aufhebung des Vertrags verlangen.;Darlehensnehmer;mutuatario;var
Die Wirkung des Gläubigerverzugs besteht nicht etrwa darin, daß der Schuldner die Abnahme des geschuldeten Gegenstands erzwingen kann. Die Abnahme ist ein Recht keine (echte) Pflicht.;Gläubigerverzug;mora del creditore;var
Sind das Realangebot und die Hinterlegung gültig, gehen die dafür erforderlich gewordenen Kosten zu Lasten des Gläubigers.;Realangebot;offerta reale;var
Verweigert der Gläubiger die Annahme des Realangebots oder erscheint er nicht zur Empfangnahme der ihm mittels Aufforderung angebotenen Sachen, so kann der Schuldner die Hinterlegung vornehmen.;Aufforderung;intimazione;var
Wenn die Verpflichtung zur Vornahme einer Handlung nicht erfüllt wird, kann der Berechtigte die Vornahme auf Kosten des Verpflichteten unter Beachtung der in der Zivilprozeßordnung festgesetzten Formen erlangen.;Verpflichtung zur Vornahme einer Handlung;obbligo di fare;var
Nach fruchtlosem Ablauf dieser Frist können die Verwalter auf Gefahr und Rechnung des säumigen Gesellschafters seinen Anteil zu dem aus der letzten genehmigten Bilanz sich ergebenden Wert verkaufen.;Gefahr;rischio;var
Der entgangene Gewinn ist durch das Gericht nach gerechter Abwägung der Umstände des Einzelfalls zu bewerten.;entgangen Gewinn;lucrum cessans;var
Hat zur Verursachung des Schadens ein schuldhaftes Verhalten des Gläubigers beigetragen, so wird der Ersatz nach der Schwere des Verschuldens und dem Umfang der daraus entstandenen Folgen gemindert.;schuldhaftes Verhalten;fatto colposo;var
Jedwede vorsätzliche oder fahrlässige Handlung, die einem anderen einen rechtswidrigen Schaden zufügt, verpflichtet denjenigen, der sie begangen hat, den Schaden zu ersetzen.;fahrlässige Handlung;fatto colposo;var
Das Transparenzgebot begnügt sich nicht mit formeller Textverständlichkeit, sondern verlangt, dass Inhalt und Tragweite vorgefasster Vertragsklauseln für den Verbraucher durchschaubar sind.;Vertragsklausel;clausola contrattuale;var
Die Neuerung ist unwirksam, wenn die ursprüngliche Verbindlichkeit nicht bestand.;Neuerung;novazione;var
Die Aufrechnung findet nur zwischen zwei Schulden statt, die einen Geldbetrag oder eine Menge vertretbarer Sachen der gleichen Gattung zum Gegenstand haben und die gleichermaßen feststehen und fällig sind.;Aufrechnung;compensazione;var
Das Konkursverfahren eröffnet allen Gläubigern die Möglichkeit, sich an der Verteilung des Vermögens des Gemeinschuldners zu beteiligen.;Gemeinschuldner;fallito;var
Verstreicht die festgelegte Frist erfolglos, veranlasst die  zuständige Behörde den Abbruch oder die Befestigung von Amts wegen und lastet die Kosten dem Eigentümer an.;von Amts wegen;d'ufficio;var
Bei Verträgen mit wechselseitigen Leistungen kann die wegen nachfolgender Unmöglichkeit der geschuldeten Leistung befreite Partei nicht die Gegenleistung verlangen und hat eine solche, die sie bereits erhalten hat, nach den Vorschriften über die Rückforderung einer Nichtschuld zurückzugeben.;nachfolgende Unmöglichkeit;impossibilità sopravvenuta;var
Bei der Unmöglichkeit einer Leistung ist  zwischen anfänglicher - d.h. bereits vor Entstehen des Schuldverhältnisses, also i.d.R. vor Vertragsschluß bestehender - und nachträglicher Unmöglichkeit zu unterscheiden.;nachträgliche Unmöglichkeit;impossibilità sopravvenuta;var
Der Geschäftsführer kann im Namen des Geschäftsherrn hinsichtlich jener Verbindlichkeiten vor Gericht auftreten, die aus Rechtshandlungen herrühren, die beim Betrieb des von ihm geleiteten Unternehmens vorgenommen wurden.;Geschäftsführer;preposto;var
Bei unteilbarer Leistung  steht die Teilunmöglichkeit jedoch der vollständigen Unmöglichkeit gleich, das heißt der Schuldner wird in vollem Umfang frei.;Teilunmöglichkeit;impossibilità parziale;var
Die Nichtigerklärung von Verträgen kann nur ausgesprochen werden, wenn sich aus dem Nachteil, der dem Unzurechnungsfähigen erwachsen ist oder noch erwachsen kann, oder aus der Art des Vertrages oder sonstwie die Schlechtgläubigkeit der anderen Vertragspartei ergibt .;Schlechtgläubigkeit;mala fede;var
Der Miterbe, der seinen Anteil oder einen Teil desselben einem Außenstehenden veräußern will , hat das Veräußerungsangebot unter Angabe des Preises den übrigen Miterben zuzustellen, die ein Vorkaufsrecht haben.;Miterbe;coerede;var
Das Kindschaftsreformgesetz (1998) gestaltet die einzelnen Regelungsbereiche (Abstammung, elterliche Sorge, Umgang, Unterhatl) für alle Kinder ohne zwischen ehelichen und nichtehelichen Kindern zu unterscheiden.;nichtehelich Kind;figlio naturale;var
Der Übernehmer der Rechte des Teilhabers ist mit dem Überträger gesamtschuldnerisch zur Zahlung der von diesem geschuldeten und nicht geleisteten Beiträge verpflichtet.;Übernehmer;cessionario;var
Die Adoption begründet keine zivilrechtlichen Beziehungen zwischen dem Adoptierenden und der Familie des Adoptierten .;Adoptierender;adottante;var
Die persönliche Sicherheit hat 1. schriftlich 2. von Seiten des Sicherungsgebers unkündbar 3. bis zur vollständigen Erfüllung der Schuld wirksam und 4. gegenüber dem Sicherungsgeber rechtlich durchsetzbar zu sein.;persönliche Sicherheit;garanzia personale;var
Der Angewiesene kann gegen den Anweisungsempfänger die sich aus seinen Rechtsbeziehungen zu diesem ergebenden Einwendungen erheben.;Einwendung;eccezione;var
Dieselben Bestimmungen sind zu beachten, wenn der Gläubiger der zu seinen Gunsten abgeschlossenen Schuldübernahme durch Vertrag mit dem Schuldner beigetreten ist und die Befreiung des ursprünglichen Schuldners eine ausdrückliche Bedingung der Vereinbarung war.;Schuldübernahme;accollo;var
Während bei der Gattungsschuld nur eine, wenn auch gattungsmäßig bestimmte Leistung geschuldet wird, sind bei der Wahlschuld mehrere Leistungen in obligatione, von denen aber nur eine nach Wahl in solutione ist.;Wahlschuld;obbligazione alternativa;var
Ein Zahlungsversprechen oder eine Schuldanerkenntnis entbindet denjenigen, zu dessen Gunsten es gemacht worden ist, von der Last, das ihm zugrundeliegende Rechtsverhältnis zu beweisen.;Schuldanerkenntnis;riconoscimento del debito;var
Der Rechtsgrund ist unerlaubt, wenn er gegen zwingende Vorschriften, die Grundwertungen der Rechtsordnung oder die guten Sitten verstößt.;Rechtsgrund;causa;var
Das mit den auf Termin verkauften Wertpapieren verbundene Optionsrecht steht dem Käufer zu.;Optionsrecht;diritto di opzione;var
Gewähren die Aktien ein Bezugsrecht, steht dieses dem Gesellschafter zu.;Bezugsrecht;diritto di opzione;var
Der Ausgleichung nicht unterworfen sind die dem Ehegatten gemachten Schenkungen von geringfügigem Wert.;Ausgleichung;collazione ereditaria;var
Der Fälschungsstreit kann sowohl selbständig als auch im Rahmen eines Rechtsstreits in jeder Lage und Instanz des Verfahrens eingeleitet werden, solange die Echtheit der Urkunde nicht mit einem rechtskräftigen Urteil festgestellt worden ist.;Fälschungsstreit;querela di falso;var
In der ausschließlichen Zuständigkeit der ordentlichen Gerichtsbarkeit verbleiben die Fälschungsklage und die Fragen bezüglich des Status und der Rechtsfähigkeit und der Handlungsfähigkeit von Privatpersonen mit Ausnahme der Prozeßfähigkeit.;Fälschungsklage;querela di falso;var
Darüber hinaus erfolgt häufig auch eine stillschweigende Annahme, wenn der Erbe nach außen als Erbe auftritt, ohne deutlich zu machen, dass er sich zwischen Annahme oder Ausschlagung noch nicht entschieden hat.;stillschweigende Annahme;accettazione tacita;var
Eine Verfügung zur Gesamtrechtsnachfolge  ist nichtig, wenn sie vom Erblasser unter der Bedingung gemacht wurde, daß er seinerseits im Testament des Erben oder des Vermächtnisnehmers begünstigt wird.;Vermächtnisnehmer;onorato;var
Bei gesetzlicher Erbfolge wächst der Teil desjenigen, der ausschlägt, denen an, die mit dem Ausschlagenden zusammengetroffen wären .;gesetzlich Erbfolge;successione ab intestato;var
Der Vertrag ist unerlaubt, wenn sich die Parteien zum Abschluß des Vertrages auschließlich aus einem für beide gemeinsamen unerlaubten Beweggrund entschlossen haben.;Beweggrund;motivo;var
Während des Schwebens der aufschiebenden Bedingung kann der Erwerber eines Rechts Rechtshandlungen zur Sicherung vornehmen.;aufschiebend Bedingung;condizione sospensiva;var
Die Personen, zu deren Gunsten das Gesetz einen Anteil der Erbschaft oder andere Erbfolgerechte vorbehält, sind  der Ehegatte, die ehelichen Kinder .;Anteil;quota di eredità;var
Die Beteiligung an einem Gewerbe in der Form einer stillen Gesellschaft begründet ein rein schuldrechtliches Verhältnis zwischen dem stillen Gesellschafter und dem Inhaber des Handelsgewerbes.;still Gesellschaft;associazione in partecipazione;var
Das notarielle Testament kann ein öffentliches  oder ein geheimes  sein.;notariell Testament;testamento per atto di notaio;var
Wenn der Beschwerte oder der Dritte die Wahl nicht vornehmen kann oder will, wird diese vom Präsidenten des Landesgerichts, in dessen Sprengel die Erbfolge eröffnet wurde, nach Aufnahme zweckdienlicher Informationen durch Dekret getroffen.;Beschwerter;onerato;var
Die auflösende Bedingung läßt das Rechtsgeschäft sofort wirksam werden .;auflösende Bedingung;condizione risolutiva;var
Vermachen Eltern den Töchtern ein Heiratsgut, so wird dasselbe, wofern es nicht ausdrücklich als ein Vorausvermächtnis erklärt worden, in den gesetzlichen oder letztwilligen Erbteil eingerechnet.;Vorausvermächtnis;prelegato;var
Die Ersatzerbfolge kann auch wechselseitig zwischen den eingesetzten Miterben bestehen. Sind sie zu ungleichen Teilen eingesetzt worden, wird vermutet, daß das Verhältnis zwischen den bei der ersten Erbeinsetzung festgesetzten Anteilen auch bei der Ersatzerbfolge wiederholt ist .;Ersatzerbfolge;sostituzione;var
Der Eingesetzte hat den Genuß und die freie Verwaltung der Güter, die Gegenstand der Nacherbfolge sind .;Nacherbfolge;sostituzione fedecommissaria;var
Vor der Vornahme der Teilung hat der Testamentsvollstrecker die Erben zu hören.;Testamentsvollstrecker;esecutore testamentario;var
Wird der Betrieb durch Rechtsgeschäft von Todes wegen übertragen, so darf er bis zur endgültigen Regelung der Erbfolge aufgrund der vorher bestehenden Erlaubnis von erbberechtigten Personen, vom Nachlaßpfleger oder vom Testamentvollstrecker fortgeführt werden .;Testamentvollstrecker;esecutore testamentario;var
Der Erbe muß die Güter dem  bestellten Kurator übergeben. Nach erfolgter Übergabe ist er von jeder Haftung für Erbschaftsschulden befreit.;Erbschaftsschuld;debito ereditario;var
Folglich ist der Erbe nicht verpflichtet, über den Wert der ihm zugekommenen Güter hinaus Erbschaftsverbindlichkeiten und Vermächtnisse zu erfüllen.;Erbschaftsverbindlichkeit;debito ereditario;var
Hat bei der Gesamtschuld ein Schuldner die Leistung erbracht oder mehr als den von ihm im Innenverhältnis geschuldeten Teil bezahlt, so steht im der Rückgriff (Regreß) gegen sein Mitschuldner zu.;Rückgriff;regresso;var
Die Veräußerung eines Rechts oder die Übernahme einer Verpflichtung ist nichtig, wenn sie an eine aufschiebende Bedingung geknüpft wird, die sie vom bloßen Willen des Veräußerers beziehungsweise von jenem des Schuldners abhängig macht.;Veräußerung;alienazione;var
Ist die Erbmasse erschöpft, so haben die nicht befriedigten Gläubiger nur ein Rückgriffsrecht gegen die Vermächtnisnehmer in Höhe des Wertes des Vermächtnisses .;Erbmasse;massa ereditaria;var
Die Vertragsstrafe wird unabhängig vom Beweis eines Schadens geschuldet.;Vertragsstrafe;penale;var
Besteht ein Mißverhältnis zwischen der Leistung der einen Partei und jener der anderen , kann die geschädigte Partei die Rückgängigmachung des Vertrages verlangen.;Rückgängigmachung;rescissione;var
Der Aufsichtsrat hat im Fall der Unterlassung durch die Verwalter die Gesellschafterversammlung einzuberufen.;Unterlassung;omissione;var
Die Überprüfung einer von der Partei bereits genehmigten Rechnung kann, auch in einem eigenen Verfahren, nur im Fall eines sachlichen Fehlers, einer Auslassung, einer Fälschung oder einer Doppelverrechnung von Posten verlangt werden.;Auslassung;omissione;var
Die Abmachung des Heimfalls bewirkt, daß jede Veräußerung der geschenkten Güter aufgelöst ist und diese an den Schenker frei von jeder Last oder Hypothek zurückfallen .;Abmachung des Heimfalls;patto di ritorno;var
Das unbefristete bzw. befristete Dienstverhältnis entsteht bei der Unterzeichnung des Individualvertrags, die bei Dienstantritt erfolgt.;Individualvertrag;contratto individuale;var
Ein Arbeitsvertrag, der unter Nichtbeachtung der Bestimmungen über die Regelung der Nachfrage nach Arbeit und des Angebots von Arbeit abgeschlossen wird, kann unbeschadet der Anwendung strafrechtlicher Maßnahmen für nichtig erklärt werden.;Arbeitsvertrag;contratto di lavoro;var
Die Arbeitnehmer werden in leitende Angestellte, höhere Angestellte, Angestellte und Arbeiter eingeteilt.;hoch angestellter;quadro;var
Den Vertrag zugunsten Dritter erkennt man an seiner Rechtsfolge: er verpflichtet den Vertragsschuldner derart zur Leistung an den Dritten, daß dieser die Leistung selbst fordern darf (BGB § 328 I).;Vertrag zugunsten Dritter;contratto a favore di terzi;var
Der Versprechende kann dem Dritten gegenüber die Einwendungen erheben, die auf dem Vertrag beruhen, aus dem der Dritte sein Recht herleitet .;versprechend;promittente;var
Sofern der Vertrag nichts anderes vorsieht, erlischt ein mehrseitiger Vertrag nicht schon deshalb, weil die Zahl der Vertragsparteien unter die für sein Inkrafttreten erforderliche Zahl sinkt.;mehrseitiger Vertrag;contratto plurilaterale;var
Ein Vertrag kann nicht für nichtig erklärt werden, wenn ein Minderjähriger mit Täuschungshandlungen seine Minderjährigkeit verheimlicht hat .;Täuschungshandlung;raggiro;var
Das für den Auftraggeber günstigste Angebot wird während des Eröffnungstermins überprüft, und falls keine Rechenfehler gefunden werden, wird der Bauauftrag zugeschlagen.;Rechenfehler;errore di calcolo;var
Der Berechnungsirrtum führt nicht zur Nichtigerklärung des Vertrages, sondern nur zur Berichtigung, außer er erweist sich als Irrtum über den Umfang und war für die Einwilligung ausschlaggebend.;Berechnungsirrtum;errore di calcolo;var
Erfüllt bei Verträgen mit wechselseitigen Leistungen einer der Vertragsteile seine Verpflichtungen nicht, kann der andere nach seiner Wahl die Erfüllung oder die Aufhebung des Vertrages verlangen, in jedem Fall unbeschadet des Ersatzes des Schadens.;Aufhebung des Vertrages;risoluzione del contratto;var
Die Bestimmungen über die Wirkungen der nachträglich eingetretenen übermäßigen Belastung finden auch auf die vor dem Inkrafttreten des Gesetzbuches abgeschlossenen Verträge Anwendung, wenn die Umstände und Ereignisse, aus denen sich die übermäßige Belastung ergibt, nachher eingetreten sind.;übermäßige Belastung;eccessiva onerosità;var
Unberührt bleiben jene Gebräuche, die vorsehen, daß auch ohne ausdrückliche Abmachung Gewähr für die gute Gebrauchsfähigkeit zu leisten ist.;Gewähr für die gute Gebrauchsfähigkeit;garanzia di buon funzionamento;var
Der Erbschaftskauf hat bei sonstiger Nichtigkeit schriftlich zu erfolgen .;Erbschaftskauf;vendita di eredità;var
Die Anhängigkeit des Rechtsstreits vor dem ausländischen Gericht bestimmt sich nach den Gesetzen des Staates, in dem das Verfahren abgewickelt wird.;Anhängigkeit der Rechtsstreit;litispendenza;var
Die Entlohnung des Lehrlings darf nicht in der Form des Akkordlohns erfolgen.;Lehrling;apprendista;var
Für den Urlaub auf dem Bauernhof können Räume verwendet werden, die sich in den Gebäuden des landwirtschaftlichen Unternehmers - oder in Gebäuden auf seinem Grund - befinden und nicht für den landwirtschaftlichen Betrieb benötigt werden.;landwirtschaftlich Unternehmer;imprenditore agricolo;var
Der mit der beglaubigten Unterschrift der Vertragsteile versehene Gründungsvertrag  ist von den Geschäftsführern innerhalb von dreißig Tagen zur Eintragung bei jenem Handelsregisteramt zu hinterlegen, in dessen Sprengel der Sitz der Gesellschaft festgelegt wird.;Handelsregisteramt;ufficio del registro delle imprese;var
In das Handelsregister sind die Unternehmer einzutragen, die 4) eine Banktätigkeit oder eine Versicherungstätigkeit ausüben.;Banktätigkeit;attività bancaria;var
Innerhalb von dreißig Tagen ab dem Beginn des Unternehmens hat der Unternehmer, der eine Handelstätigkeit ausübt, die Eintragung beim Handelsregisteramt, in dessen Sprengel er den Sitz festlegt, zu beantragen .;Handelstätigkeit;attività commerciale;var
Die Abstempelung und Vidimierung der Journal- und Inventarbücher sowie der Register, die ausschließlich von Steuerbestimmungen vorgesehen sind (MWST-Register), ist nicht mehr vorgeschrieben.;Vidimierung;vidimazione;var
Wenn der Werkhersteller das Werk nicht gemäß den vom Vertrag festgesetzten Bedingungen und nicht fachgemäß ausführt, kann der Besteller eine angemessene Frist festsetzen, innerhalb welcher der Werkhersteller diesen Bedingungen nachzukommen hat.;Werkhersteller;prestatore d'opera;var
Das Zurückbehaltungsrecht ist ausgeschlossen, wenn die Zurückbehaltung des Gegenstandes der von dem Schuldner vor oder beider Übergabe erteilten Anweisung oder der von dem Gläubiger übernommenen Verpflichtung, in einer bestimmten Weise mit dem Gegenstande zu verfahren, widerstreitet.;Zurückbehaltungsrecht;ritenzione;var
Eine Person verliert den Arbeitslosenstatus, sobald sie eine abhängige Arbeit oder eine selbständige Beschäftigung beginnt.;abhängige Arbeit;attività lavorativa dipendente;var
Auf den Vertrag über die Arbeit im Haushalt sind die in den Artikeln 2118 und 2119 des Zivilgesetzbuches festgesetzten Vorschriften über den freiwilligen Rücktritt und den Rücktritt aus wichtigem Grund anwendbar.;Arbeit im Haushalt;lavoro domestico;var
Wer Hausarbeit leistet, ist verpflichtet, alles, was sich auf das Familienleben bezieht, angemessen vertraulich zu behandeln.;Hausarbeit;lavoro domestico;var
Der Vertrag über eine einfache Gesellschaft ist an keine besonderen Formen gebunden, außer an jene, die wegen der Art der eingebrachten Güter vorgeschrieben sind.;einfache Gesellschaft;società civile;var
Der Gründungsvertrag muß angeben:  die Firma, den Sitz der Gesellschaft und die allfälligen Zweigniederlassungen .;Sitz der Gesellschaft;sede della società;var
Bei Fehlen einer anderslautenden Vertragsbestimmung steht die Vertretungsmacht jedem geschäftsführenden Gesellschafter zu und erstreckt sich auf alle Rechtshandlungen, die zum Gesellschaftsgegenstand gehören.;Gesellschaftsgegenstand;oggetto sociale;var
Der Pachtzins kann auch in einem Anteil oder in einer bestimmten oder veränderlichen Menge der Früchte des Pachtgrundstücks bestehen.;Pachtzins;canone di affitto;var
Wenn es sich um ein Werk handelt, das in einzelnen Teilleistungen auszuführen ist, kann jeder der Vertragsteile verlangen, daß die Prüfung hinsichtlich der einzelnen Teilleistungen vorgenommen wird.;Teilleistung;partita;var
Sind zur Durchführung der Beförderung besondere Urkunden erforderlich, hat der Absender diese dem Beförderer bei der Übergabe der zu befördernden Sachen auszuhändigen.;Beförderung;trasporto;var
Ein Agenturvertrag auf bestimmte Zeit, der nach Vertragsende von den Parteien weiter ausgeführt wird, wandelt sich in einen Vertrag auf unbestimmte Zeit um.;Agenturvertrag;contratto di agenzia;var
Ist keine bestimmte Vertragsdauer vereinbart, so kann der Maklervertrag von jedem Vertragspartner jederzeit ohne Einhaltung einer Frist gekündigt werden.;Maklervertrag;contratto di mediazione;var
Der Makler hat Anspruch auf die Provision von jeder der Parteien, wenn das Geschäft durch sein Zutun zustandegekommen ist.;Makler;mediatore;var
Ohne Einwilligung des Hinterlegers darf der Verwahrer die hinterlegte Sache weder gebrauchen noch anderen in Verwahrung geben.;Verwahrer;depositario;var
Ohne Einwilligung des Hinterlegers darf der Verwahrer die hinterlegte Sache weder gebrauchen noch anderen in Verwahrung geben.;Hinterleger;depositante;var
Bei der Kommanditgesellschaft auf Aktien haften die Komplementäre als Gesamtschuldner und unbeschränkt für die Verbindlichkeiten der Gesellschaft und haften die Kommanditisten beschränkt auf den gezeichneten Kapitalanteil.;Kommanditgesellschaft auf Aktien;S.a.p.a.;var
Eine KGaA stellt eine Sonderform der Aktiengesellschaft dar, und vereint Aspekte einer AG mit denen einer Kommanditgesellschaft.;KGaA;S.a.p.a.;var
Die öffentlichen Lagerhäuser haben auf Verlangen des Einlagerers einen Lagerschein über die eingelagerten Waren auszustellen.;Lagerschein;fede di deposito;var
Das Indossament überträgt sämtliche sich aus dem Papier ergebenden Rechte.;Indossament;girata;var
"Ergeben sich alle Vertragsbestandteile aus einer Urkunde, in der die Bestimmung ""an Order"" oder eine andere gleichbedeutende enthalten ist, bewirkt die Indossierung der Urkunde die Einsetzung des Indossatars an die Stelle des Indossanten.";Indossierung;girata;var
Der Besitzer des bloßen Lagerscheins kann die eingelagerten Sachen auch vor der Fälligkeit der Forderung, für die sie in Pfand gegeben wurden, zurücknehmen, indem er beim öffentlichen Lagerhaus den dem Pfandgläubiger bei Fälligkeit geschuldeten Betrag hinterlegt.;Pfandgläubiger;creditore pignoratizio;var
Das Indossament ist auf das Papier zu schreiben und durch den Indossanten zu unterfertigen.;Indossant;girante;var
Der Entlehner hat die Sache mit der Sorgfalt eines guten Familienvaters  aufzubewahren  und zu erhalten.;Entlehner;comodatario;var
Für die Verbindlichkeiten der Gesellschaft haften überdies persönlich (2740) und als Gesamtschuldner (1292 ff.) die Gesellschafter, die im Namen und für Rechnung der Gesellschaft gehandelt haben (2266) und, vorbehaltlich einer gegenteiligen Abmachung, die übrigen Gesellschafter (204 ÜbgB.).;Verbindlichkeiten der Gesellschaft;obbligazioni sociali;var
Im Fall der Zahlungsunfähigkeit der Gesellschaft haftet für Gesellschaftsverbindlichkeiten, die in dem Zeitraum entstanden sind, für welchen sich ergibt, daß die Aktien einer einzigen Person gehörten, diese Person unbeschränkt.;Gesellschaftsverbindlichkeiten;obbligazioni sociali;var
Bankverträge sind gestützt auf die AGB, die Vertragsmuster, den Briefwechsel zwischen Bank und Kunden, die Unterschriftenkarten sowie die Verkehrssitte im Bankbereich, auszulegen und zu ergänzen.;Bankvertrag;contratto bancario;var
Die Liquidatoren können die zur Liquidation erforderlichen Rechtshandlungen vornehmen und können, wenn die Gesellschafter nichts anderes vorgesehen haben, die Güter der Gesellschaft in Bausch und Bogen verkaufen und Vergleiche und Schiedsverträge abschließen.;Liquidator;liquidatore;var
Stellt die Bank ein Sparbuch aus, so sind die Einzahlungen und Behebungen in das Buch einzutragen.;Sparbuch;libretto di deposito a risparmio;var
Bei Fehlen einer Aufforderung durch den Käufer muß der Verkäufer den Verkauf der Optionsrechte für Rechnung des Käufers durch einen Börsenmakler oder ein Kreditinstitut besorgen.;Börsenmakler;stockbroker;var
Beim Bankvorschuss gegen Verpfändung von Wertpapieren oder Waren kann die Bank nicht über die als Pfand erhaltenen Sachen verfügen, wenn sie eine Urkunde ausgestellt hat, in der diese Sachen einzeln angeführt sind.;Bankvorschuss;anticipazione bancaria;var
Personengesellschaften und Kapitalgesellschaften. Bei der Personengesellschaft (Offene Handelsgesellschaft – OHG oder Kommanditgesellschaft – KG) müssen die Gesellschafter kein Mindestkapital aufbringen und haften mit ihrem persönlichen Vermögen für die Schulden des Unternehmens.;Offene Handelsgesellschaft;S.n.c.;var
Der mit der beglaubigten Unterschrift der Vertragsteile versehene Gründungsvertrag  ist von den Geschäftsführern innerhalb von dreißig Tagen zur Eintragung bei jenem Handelsregisteramt zu hinterlegen, in dessen Sprengel der Sitz der Gesellschaft festgelegt wird.;beglaubigt Unterschrift;sottoscrizione autenticata;var
Für bestehende Schuldverhältnisse muss die gesamtschuldnerische Haftung übernommen werden.;gesamtschuldnerische Haftung;responsabilità solidale;var
Wenn in der Abmachung eine längere Dauer angegeben oder die Dauer nicht festgesetzt worden ist, gilt das Wettbewerbsverbot für einen Zeitraum von fünf Jahren ab der Übertragung.;Wettbewerbsverbot;obbligo di non concorrenza;var
Die nicht verkauften Aktien müssen  unter entsprechender Herabsetzung des Kapitals vernichtet werden.;Herabsetzung des Kapitals;riduzione di capitale;var
Der Eröffnung des Konkurses wird nicht stattgegeben, wenn die Höhe der fälligen und nicht bezahlten Schulden, die sich aus den Akten des Konkurseröffnungsverfahrens ergeben, insgesamt unter fünfundzwanzigtuasend Euro liegt. .;Eröffnung des Konkurses;dichiarazione di fallimento;var
Bestimmt der Gründungsvertrag nichts anderes, sind für die Bestellung der Geschäftsführer und für ihre Abberufung  die Einwilligung der Komplementäre und die Genehmigung durch soviele Kommanditisten, daß sie die Mehrheit des von den Kommanditisten gezeichneten Kapitals vertreten, erforderlich.;Kommanditist;socio accomandante;var
Liegt grobe Fahrlässigkeit vor, kann das Gericht den Strafangestellter verurteilen, dem Angeklagten und dem zivilrechtlich Haftenden, die dies beantragt haben, den Schaden zu ersetzen.;grobe Fahrlässigkeit;colpa grave;var
Der Vertrag wird aufgelöst, wenn nach dem Vertragsabschluß das Risiko wegfällt, doch hat der Versicherer so lange Anrecht auf Zahlung der Prämien, bis ihm der Wegfall des Risikos mitgeteilt worden oder sonstwie bekanntgeworden ist.;Wegfall des Risikos;cessazione del rischio;var
Der Versicherer haftet für den zufälligen Schaden, und der Versicherte für den versprochenen Preis.;Versicherter;assicurato;var
Die Verschmelzung und die Zusammenlegung von Betrieben mehrerer Versicherungsunternehmen sind kein Grund für eine Auflösung des Versicherungsvertrages.;Zusammenlegung;concentrazione aziendale;var
Ist ein Versicherungsagent zum Abschluß von Versicherungsverträgen bevollmächtigt, so ist er auch befugt, die Änderung oder Verlängerung solcher Verträge zu vereinbaren sowie Kündigungs- und Rücktrittserklärungen abzugeben;Versicherungsagent;agente di assicurazione;var
Die Mitversicherung wird normalerweise in einem einheitlichen Versicherungsschein dokumentiert sie muß deutlich erkennbar sein, anderenfalls wird der unterzeichnende Versicherer als Allein-Versicherer behandelt.;Mitversicherung;coassicurazione;var
Auf die Einlagen der Gesellschafter und auf die Geschäfte, durch die die Gesellschaft Güter und Forderungen von Gründungsgesellschaftern, Gesellschaftern und Verwaltern erwirbt, finden die Artikel 2342, 2343 und 2343-bis Anwendung.;Gründungsgesellschafter;fondatore;var
Der Gründungsvertrag und die Satzung müssen im Amtsblatt für die Aktiengesellschaften und Gesellschaften mit beschränkter Haftung veröffentlicht werden.;Amtsblatt für die Aktiengesellschaften und Gesellschaften mit beschränkter Haftung;Bollettino ufficiale delle società per azioni e a responsabilità limitata;var
Die Gesellschaft kann eigene Aktien nur in den Grenzen der in der letzten ordnungsgemäß genehmigten Bilanz ausgewiesenen verteilbaren Gewinne und verfügbaren Rücklagen erwerben.;Rücklagen;riserve;var
Die im vorhergehenden Artikel enthaltenen Beschränkungen sind nicht anzuwenden, wenn der Erwerb eigener Aktien auf Grund einer Gesamtrechtsnachfolge oder einer Verschmelzung erfolgt.;Gesamtrechtsnachfolge;successione a titolo universale;var
Solange sich die Aktien im Eigentum der Gesellschaft befinden, steht das Recht auf den Gewinn und das Bezugsrecht den anderen Aktien anteilig zu.;Recht auf den Gewinn;diritto agli utili;var
Die übrigen Gläubiger können das Urteil gegenüber dem Schuldner geltend machen, jedoch unbeschadet der persönlichen Einwendungen, die dieser gegenüber jedem von ihnen erheben kann.;persönlich Einwendung;eccezioni personali;var
Zur Anwendung der Ziffern 1) e 2) des ersten Absatzes werden auch die Stimmrechte gezählt, die abhängigen Gesellschaften, Treuhandgesellschaften oder einer vorgeschobenen Person zustehen Stimmrechte, die für Dritte zustehen, werden nicht gezählt.;abhängig Gesellschaft;controllata;var
Eine Abschrift des Jahresabschlusses sowie vollständige Abschriften des letzten Jahresabschlusses der abhängigen Gesellschaften und eine zusammenfassende Übersicht über die wesentlichen Angaben aus dem letzten Jahresabschluss der verbundenen Gesellschaften müssen  bis zur Genehmigung des Jahresabschlusses aufliegen.;verbunden Gesellschaft;società collegata;var
Die außerordentliche Gesellschafterversammlung der Gesellschafter, deren Aktien an der Börse notiert sind, kann, wenn die nach der zweiten Einberufung anwesenden Gesellschafter nicht den für die Beschlußfassung erforderlichen Teil des Kapitals vertreten, neuerlich binnen dreißig Tagen einberufen werden.;außerordentliche Gesellschafterversammlung;assemblea straordinaria;var
Jedwede vorsätzliche oder fahrlässige Handlung, die einem anderen einen rechtswidrigen Schaden zufügt, verpflichtet denjenigen, der sie begangen hat, den Schaden zu ersetzen.;Schaden;danno;var
Wer mit einem Fahrzeug fährt, für das kein Fahrzeugschein ausgestellt wurde, muss eine verwaltungsrechtliche Geldbuße zwischen 422 und 1.695 Euro zahlen. Dieselbe Geldbuße gilt für Fahrzeugeigentümer, Fruchtnießer, Leasingnehmer mit Erwerbsrecht oder Käufer unter Eigentumsvorbehalt.;Eigentumsvorbehalt;patto di riservato dominio;var
Das Recht auf Übernahme des geschlossenen Hofes ist unveräußerlich und erlischt nicht durch Verjährung oder Verfall, außer im Falle der Verjährung des Rechtes auf die Erbschaftsannahme .;Erbschaftsannahme;accettazione dell'eredità;var
Das Recht zur Annahme der Erbschaft verjährt in zehn Jahren. Die Frist läuft ab dem Tag der Eröffnung der Erbfolge und im Fall bedingter Einsetzung ab dem Tag des Eintritts der Bedingung .;Annahme der Erbschaft;accettazione dell'eredità;var
Außer den Büchern und anderen Rechnungsunterlagen, die gemäß Artikel 2214 vorgeschrieben sind, hat die Gesellschaft zu führen:  ein Buch über die Sitzungen und Beschlüsse des Aufsichtsrats .;Buch über die Sitzungen und Beschlüsse;libro delle adunanze e delle deliberazioni;var
Die im Landesverzeichnis eingetragenen Erzeugergemeinschaften und Vereinigungen müssen die vom Zivilgesetzbuch vorgesehenen Aufzeichnungen der Buchhaltung führen sowie  das Buch der Sitzungsniederschriften und der Beschlüsse der Vollversammlung .;Buch der Sitzungsniederschriften und der Beschlüsse;libro delle adunanze e delle deliberazioni;var
Der Masseverwalter verwaltet das Konkursvermögen und nimmt im Rahmen der ihm übertragenen Aufgaben alle Verfahrenshandlungen unter der Aufsicht des beauftragten Richters und des Gläubigerausschusses vor.;Masseverwalter;curatore fallimentare;var
Das Gesetz bestimmt die Fälle der Nichtwählbarkeit und der Unvereinbarkeit mit der Stellung eines Abgeordneten oder Senators.;Nichtwählbarkeit;ineleggibilità;var
Die zur Erbschaft berufene Person ist unter drei Voraussetzungen imstande, dieselbe zu erlangen: sie muss zur Zeit des Erbganges leben, erbfähig und erbwürdig sein.;zur Erbschaft berufene Person;chiamato all'eredità;var
Unabhängig von der Höhe des Fonds für die gesetzliche Rücklage muß diesem mindenstens ein Fünftel des jährlichen Reingewinns zugeführt werden.;gesetzliche Rücklage;riserva legale;var
Bei Gesellschaften ohne Aufsichtsrat ist jeder Gesellschafter berechtigt, von den Verwaltern über den Geschäftsgang der Gesellschaft Auskunft zu erhalten und die Gesellschaftsbücher einzusehen.;Gesellschaftsbücher;libri sociali;var
Die Übertragung der Anteile wird der Gesellschaft gegenüber im Zeitpunkt der Eintragung in das Gesellschafterbuch wirksam.;Gesellschafterbuch;libro dei soci;var
Ordentliche Mitglieder sind alle laut Artikel 6 aufgenommenen und im Mitgliederverzeichnis aufscheinenden Personen.;Mitgliederverzeichnis;libro dei soci;var
Außer den Büchern und anderen Rechnungsunterlagen, die gemäß Artikel 2214 vorgeschrieben sind, hat die Gesellschaft zu führen:  ein Buch über die Schuldverschreibungen, in dem der Betrag der ausgegebenen und der eingelösten Schuldverschreibung  anzugeben ist .;Buch über die Schuldverschreibungen;libro delle obbligazioni;var
Die Umdeutung ersetzt mit Wirkung für die Vergangenheit einen fehlerhaften VA Verwaltungsakt durch einen anderen, rechtmäßigen VA, ohne dass ersterer aufgehoben und letzterer erlassen wird.;Umdeutung;conversione;var
Die Verwalter haben den Jahresabschluß, der aus der Bilanz, der Gewinn- und Verlustrechnung und dem Anhang besteht, aufzustellen.;Bilanz;stato patrimoniale;var
Der Agent hat das Recht  die Aushändigung eines Auszugs aus den Rechnungsbüchern zu verlangen.;Rechnungsbücher;libri contabili;var
Die Rollen für die Vollstreckungstitel, deren Einnahmen dem Staat zustehen, werden vom Präfekten erstellt, der für den Übertretungsort zuständig ist. Stehen die Einnahmen einer anderen Körperschaft zu, so werden die Rollen von der Verwaltung erstellt, der das Feststellungsorgan angehört.;Einnahme;provento;var
Bei den Bewertungen sind folgende Richtlinien zu beachten: die Kosten des Sachanlagevermögens und des immateriellen Anlagevermögens, deren Nutzung zeitlich begrenzt ist, müssen in jedem Geschäftsjahr planmäßig im Verhältnis zu ihrer restlichen Nutzungsmöglichkeit abgeschrieben werden.;immateriell Anlagevermögen;immobilizzazioni immateriali;var
Der Elternteil, der eine neue Ehe schließt, behält den gesetzlichen Fruchtgenuß, hat aber die Verpflichtung, zugunsten des Kindes das zurückzulegen, was die Ausgaben für dessen Unterhalt, Ausbildung und Erziehung übersteigt.;Ausgaben;spese;var
Die Herstellungskosten enthalten alle unmitelbar dem Erzeugnis zurechenbaren Kosten.;Kosten;costi;var
Die vom Testamentvollstrecker zur Ausübung seines Amtes gemachten Auslagen gehen zu Lasten der Erbschaft.;Auslagen;costi;var
Zuwächse, Erzeugnisse, Gewinne und Aufwendungen werden unter den Parteien in dem von den Ständischen Vorschriften, der Vereinbarung oder den Gebräuchen festgesetzten Verhältnis erteilt.;Aufwendungen;spese;var
Der Wiederverkäufer kann an den Erzeugnissen, die er vertreibt, eine eigene Marke anbringen, darf jedoch nicht die vom Hersteller stammende Marke entfernen.;Marke;marchio;var
Bei den Bewertungen sind folgende Richtlinien zu beachten: die Kosten des Sachanlagevermögens und des immateriellen Anlagevermögens, deren Nutzung zeitlich begrenzt ist, müssen in jedem Geschäftsjahr planmäßig im Verhältnis zu ihrer restlichen Nutzungsmöglichkeit abgeschrieben werden.;Sachanlagevermögen;immobilizzazioni materiali;var
Die Bilanz ist gemäß der folgenden Gliederung aufzustellen: AKTIVA:  Finanzanlagevermögen, unter gesonderter Angabe der für jeden Forderungsposten im folgenden Geschäftsjahr fällig werdenden Beträge .;Finanzanlagevermögen;immobilizzazioni finanziarie;var
Der Bonus Steuerbonus - EX-Bonus-Renzi steht  nur mehr dann zu, wenn die Summe der steuerlichen Absatzbeträge höher ist, als die zu zahlende IRPEF.;IRPEF;imposta sui redditi delle persone fisiche;var
Dem/Der Vorsitzenden der Agentur steht ein im Ernennungsbeschluss festgelegtes monatliches Entgelt zu, das ohne MwSt. und Aufwendungen maximal 40 Prozent der im Artikel 2 Absatz 1 des Regionalgesetzes vom 21. September 2012, Nr. 6, vorgesehenen Aufwandsentschädigung eines/einer Landtagsabgeordneten entspricht.;MwSt.;imposta sul valore aggiunto;var
Die Forderungen des Staates aus der Anwendung der Mehrwertsteuer haben im Falle der gesamt-schuldnerischen Haftung des Übernehmers an den Liegenschaften, die Gegenstand der Übertragung gebildet haben oder auf die sich die Dienstleistung bezieht, ein Vorzugsrecht.;Mehrwertsteuer;IVA;var
Jede Aktie gewährt das Recht auf einen verhältnismäßigen Teil des Reingewinns und des Reinvermögens, das sich aus der Liquidation ergibt, unbeschadet der Rechte, die zu Gunsten der besonderen Arten der Aktien festgesetzt sind.;Reinvermögen;patrimonio netto;var
Das Anlagevermögen, das aus Beteiligungen an abhängigen oder verbundenen Unternehmen besteht, kann mit einem Betrag bewertet werden, der dem anteiligen, sich aus dem letzten Jahresabschluss dieser Unternehmen ergebenden Eigenkapital entspricht ….;Eigenkapital;patrimonio netto;var
Die Liquidatoren  ein Inventar zu errichten, aus dem der Aktivstand und der Passivstand des Gesellschaftsvermögens hervorgeht.;Aktivstand;attivo;var
Fällt ein Bestandteil der Aktivseite oder der Passivseite unter mehrere Posten dieser Gliederung, so ist im Anhang  die Mitzugehörigkeit zu den Posten anzumerken .;Aktivseite;attività in bilancio;var
Wird die Beteiligung erstmals aufgrund des Eigenkapital-Verfahrens angesetzt, können die Anschaffungskosten  bei den Aktiva ausgewiesen werden .;Aktiva;attivo;var
Die Liquidatoren haben  ein Inventar zu errichten, aus dem der Aktivstand und der Passivstand des Gesellschaftsvermögens hervorgeht.;Passivstand;passivo;var
Fällt ein Bestandteil der Aktivseite oder der Passivseite unter mehrere Posten dieser Gliederung, so ist im Anhang  die Mitzugehörigkeit zu den Posten anzumerken, die von demjenigen verschieden sind .;Passivseite;passività;var
Am Ende der Bilanz sind sämtliche unmittelbar oder mittelbar geleisteten Sicherheiten anzugeben, wobei zwischen Bürgschaften, Wechsel- und Scheckbürgschaften, anderen persönlichen Sicherheiten und dinglichen Sicherheiten zu unterscheiden ist .;Scheckbürgschaft;avallo;var
Die Erträge und Einnahmen, Aufwendungen und Lasten müssen unter Abzug der Rücklieferungen, Nachlässe, Gutschriften und Prämien sowie der unmittelbar mit dem Verkauf der Erzeugnisse und mit den Dienstleistungen zusammenhängenden Steuern angegeben werden.;Gutschrift;abbuono;var
Um mittels Verbesserung und Modernisierung der Betriebsstrukturen die Steigerung der Produktion und die Verminderung der Produktionskosten zu fördern, ist der Landesausschuß ermächtigt, Beiträge für die Verwirklichung von Initiativen zu gewähren, welche auf folgende Ziele gerichtet sind .;Produktionskosten;costo di produzione;var
Das Vorzugsrecht wirkt, soweit es die Erbschaftssteuer betrifft, nicht zum Nachteil der Gläubiger, die das Recht auf Absonderung der Güter des Verstorbenen von jenen des Erben ausgeübt haben.;Erbschaftssteuer;imposta di successione;var
In den folgenden Geschäftsjahren muß der Mehrwert, der sich aus der Anwendung des Eigenkapital-Verfahrens im Vergleich zu dem im Jahresabschluß des vorhergehenden Geschäftsjahrs angegebenen Wert ergibt, in einer Rücklage, die nicht verteilt werden darf, ausgewiesen werden.;Mehrwert;plusvalenza;var
Die Zahlung muß in einer Geldsorte mit innerem Wert erfolgen, wenn dies in der die Schuld begründenden Urkunde so festgesetzt ist, vorausgesetzt, daß es sich zur Zeit der Übernahme der Verbindlichkeit um eine Geldsorte in inländischer Währung gehandelt hat.;Währung;corso legale;var
Geldschuld in einer Währung, die im Inland nicht gilt.;Währung;corso legale;var
Ist das nackte Eigentum mit einer Hypothek belastet, so erstreckt sich diese bei Erlöschen des Fruchtgenusses auf das volle Eigentum.;nackt Eigentum;nuda proprietà;var
Erfolgt die Kapitalerhöhung durch eine Einlage in Natur oder in Form von Forderungen, so finden die Bestimmungen der Artikel 2342, zweiter und dritter Absatz, und 2343 Anwendung.;Kapitalerhöhung;aumento di capitale;var
Solange die für die Umwandlung festgesetzten Fristen nicht abgelaufen sind, kann die Gesellschaft weder die Herabsetzung des überflüssigen Kapitals noch eine Abänderung der Bestimmungen des Gründungsvertrags über die Gewinnverteilung beschließen .;überflüssig Kapital;capitale esuberante;var
Die Gesellschaft erwirbt die Rechtspersönlichkeit mit der Eintragung des Beschlusses in das Handelsregister und behält die Rechte und Pflichten, die sie vor der Umwandlung hatte, bei.;Umwandlung;trasformazione;var
Die übernehmende Gesellschaft darf keine Aktien oder Anteile im Austausch für Aktien oder Anteile der übertragenden Gesellschaften zuteilen, die den übertragenden Gesellschaften oder der übernehmenden Gesellschaft unmittelbar oder über Treuhandgesellschaften oder über eine vorgeschobene Person gehören.;übernehmende Gesellschaft;incorporante;var
Die Gerichtsbehörde besorgt den gerichtlichen Schutz der Rechte auf Antrag einer Partei und, sofern das Gesetz es bestimmt, auch auf Antrag der Staatsanwaltschaft oder von Amts wegen.;gerichtlich Schutz;tutela giurisdizionale;var
Das der Forderung zuerkannte Vorzugsrecht erstreckt sich auch auf die gewöhnlichen Kosten für den Beitritt im Vollstreckungsverfahren.;Vollstreckungsverfahren;processo di esecuzione forzata;var
Ist der Beamte aus dem Urlaub zurückberufen worden, sind ihm die hiedurch entstandenen unvermeidlichen Mehrauslagen zu ersetzen .;Urlaub;ferie annuali;var
Voraussetzung für die Einführung der gleitenden Arbeitszeit ist die DV - unterstützte Erfassung der Dienstzeit.;gleitend Arbeitszeit;orario di lavoro flessibile;var
Zum normalen Stundenlohn kommt noch ein Zuschlag für die Feiertagsarbeit, der in den Kollektivverträgen festgelegt ist .;Feiertagsarbeit;lavoro festivo;var
Die Haushaltsverrechnung der Ämter des Arbeitsmarktservice hinsichtlich der Besoldung der Beamten und der sonstigen Arbeitnehmer des Arbeitsmarktservice ist von der Bundesrechenzentrum GmbH mitzubesorgen.;Besoldung;stipendio;var
Der Arbeitnehmer kann auch durch gänzliche oder teilweise Beteiligung am Gewinn oder an den Erzeugnissen, durch eine Provision oder durch Naturalleistungen entlohnt werden.;Beteiligung am Gewinn;partecipazione agli utili;var
Die Versammlung der Zeichner  beschließt über den von den Gründern zu ihren eigenen Gunsten gemachten Vorbehalt der Gewinnbeteiligung .;Gewinnbeteiligung;partecipazione agli utili;var
Dem Gesuch sind alle Unterlagen beizulegen, die zur Klärung der besonderen Umstände, der Art, des Ursprungs und des Ausmaßes der Bedürftigkeit nützlich sind (Lohnstreifen, Rentenausweis oder Rentenbezugsschein, Arbeitslosenstempelkarte, ärztliche Bescheinigungen,  Ersparnisse, usw.);Lohnstreifen;busta paga;var
Gleichzeitig mit der Auszahlung des Lohnes wird dem Arbeitnehmer eine Lohntüte oder eine entsprechende Aufstellung ausgehändigt .;Lohntüte;busta paga;var
Für Steuerzahler, die etwas zurückzahlen müssen, werden diese Beträge direkt auf dem Gehaltsstreifen oder der Rente einbehalten .;Gehaltsstreifen;cedolino busta paga;var
Die Eintragung in die zusätzliche Wählerliste gilt von dem Tag an, an dem der Staatsbürger nach den geltenden Gesetzen in das Personenstandsregister der ansässigen Bevölkerung der Zuwanderungsgemeinde im Gebiet der  Region Trentino-Südtirol eingetragen wird.;Wählerliste;lista elettorale;var
Psychologen mit Wohnsitz in Südtirol, die ein Praktikum in einer Sozial- und Gesundheitseinrichtung Südtirols oder in einer mit dem Landesgesundheitsdienst vertragsgebundenen Gesundheitseinrichtung absolvieren, um die Staatsprüfung ablegen zu können, werden monatliche Studienbeihilfen gewährt .;Praktikum;tirocinio;var
Die betreffende Einrichtung muß dem Gesuch einen detaillierten Kostenvoranschlag und den entsprechenden Finanzierungsplan, eine Kopie ihres Haushaltsvoranschlages für das Jahr, auf das sich das Ansuchen bezieht, sowie die Jahresabrechnung des vorausgehenden Jahres beilegen.;Jahresabrechnung;bilancio consuntivo;var
Zu diesem Zweck haben die Erzeugergemeinschaften und die entsprechenden Vereinigungen innerhalb von 30 Tagen nach der entsprechenden Genehmigung die Rechnungslegung und die Beschlüsse laut Art. 2 Absatz 2 Ziffer 4 des Gesetzes vom 20. Oktober 1978, Nr. 674, einzureichen.;Rechnungslegung;bilancio consuntivo;var
Bei der Anordnung einer Sicherungsbeschlagnahme bestellt das Gericht einen Verwahrer und setzt die Richtlinien und Grenzen für die Verwaltung der beschlagnahmten Sachen sowie besondere Vorkehrungen fest, die für eine möglichst sichere Verwahrung und zur Vereitelung von Geheimnisverrat geeignet sind.;Sicherungsbeschlagnahme;sequestro giudiziario;var
Der Unternehmer darf die Ausführung des Werkes oder des Dienstes nur dann an einen Subunternehmer vergeben, wenn er vom Besteller dazu ermächtigt worden ist.;Unternehmer;appaltatore;var
Der klagende Werkunternehmer führte die von ihm vorgenommenen Werkleistungen nicht ordnungsgemäß durch, weshalb der beklagte Werkbesteller Verbesserung begehrte.;Werkunternehmer;appaltatore;var
Ein Werkvertrag liegt vor, wenn sich eine Person (= Auftragnehmer, Werkvertragsnehmer) gegen Entgelt (= Werklohn, Honorar) verpflichtet, für eine andere Person (= Auftraggeber, Werkbesteller) einen bestimmten Erfolg (= ein Werk) herzustellen.;Auftragnehmer;appaltatore;var
Wenn der Alleinverwalter oder alle Verwalter ausscheiden, muß die Gesellschafterversammlung zur Ersetzung der ausgeschiedenen unverzüglich vom Aufsichtsrat, der zwischenzeitlich die Handlungen der ordentlichen Verwaltung vornehmen kann, einberufen werden.;Alleinverwalter;amministratore unico;var
Die Teilentmündigung bewirkt den Verlust der Handlungsfähigkeit in Bezug auf Verfügungsgeschäfte , während Geschäfte der ordentlichen Verwaltung vom Teilentmündigten weiterhin alleine rechtgültig geschlossen werden können.;Geschäfte der ordentlichen Verwaltung;atti di amministrazione ordinaria;var
Die Mitgliederversammlung von Vereinen ist von den Verwaltern einmal im Jahr zur Genehmigung des Jahresabschlusses einzuberufen.;Mitgliederversammlung;assemblea;var
Der Sozialassistent beaufsichtigt die Anvertrauung der Minderjährigen und hält den Kontakt mit der Pflegefamilie und mit der Familie des Minderjährigen aufrecht.;Anvertrauung der Minderjährigen;affidamento;var
Die Fremdunterbringung des Kindes darf nur in Ausnahmefällen (ultima ratio) ausgeordnet werden, uzw nur dann, wenn auch die Unterstützung und Hilfe durch die Sozialdienste zu keiner Besserung der Situation des Kindes führen .;Fremdunterbringung;affidamento del minore;var
Der Vertrag über eine einfache Gesellschaft ist an keine besonderen Formen gebunden, außer an jene, die wegen der Art der eingebrachten Güter vorgeschrieben ist.;Güter;beni;var
Die Lehrabschlußprüfung bzw. Gesellenprüfung - im folgenden steht Lehrabschlußprüfung auch für Gesellenprüfung - kann in allen Berufen abgelegt werden, die Gegenstand einer Lehre sein können.;Lehre;apprendistato;var
Gegen Entscheidungen über die Aufsichtsbeschwerden wird der Rechtsschutz vor den Verwaltungsgerichten durch die Verwaltungsprozessordnung geregelt.;Aufsichtsbeschwerde;ricorso gerarchico;var
Die Leistungsvereinbarung ist ein öffentlich-rechtlicher Vertrag. Sie ist zwischen den einzelnen Universitäten und dem Bund im Rahmen der Gesetze für jeweils drei Jahre abzuschließen.;öffentlich-rechtlicher Vertrag;contratto di diritto pubblico;var
Um die Transparenz der Verwaltungstätigkeit zu gewährleisten  hat jeder  das Recht auf den Zugang zu den Verwaltungsunterlagen.;Transparenz der Verwaltungstätigkeit;trasparenza dell'attività amministrativa;var
Der Sachverständige nimmt an jenen Verhandlungen teil, zu denen ihn der Instruktionsrichter geladen hat er führt die Untersuchungen  auch außerhalb des Gerichtssprengels und, je nach Anordnung des Richters, allein oder in dessen Beisein durch.;Gerichtssprengel;circoscrizione giudiziaria;var
Steht die Geschäftsführung mehreren Gesellschaftern gemeinsam zu, ist zur Vornahme von Handlungen für die Gesellschaft die Einwilligung aller geschäftsführenden Gesellschafter erforderlich.;Handlungen für die Gesellschaft;operazioni sociali;var
Der Anteil, der dem Gesellschafter zusteht, der seine Arbeit eingebracht hat, wird, wenn er im Vertrag nicht bestimmt ist, vom Gericht nach Billigkeit festgesetzt.;Arbeit;opera;var
Die Gründer können sich unabhängig von ihrer Eigenschaft als Gesellschafter im Gründungsvertrag eine Beteiligung an den in der Bilanz ausgewiesenen Reingewinnen in einem Ausmaß von insgesamt nicht mehr als einem Zehntel und für eine Höchstdauer von fünf Jahren vorbehalten.;Eigenschaft als Gesellschafter;status di socio;var
Wer in eine bereits gegründete Gesellschaft eintritt, haftet mit den übrigen Gesellschaftern für die Verbindlichkeiten der Gesellschaft, die vor dem Erwerb der Gesellschafterstellung entstanden sind.;Gesellschafterstellung;status di socio;var
Auf Antrag eines jeden, der ein Interesse daran hat, kann die Gerichtsbehörde den Testamentsvollstrecker wegen schwerwiegender Unregelmäßigkeiten bei der Erfüllung seiner Pflichten, wegen Untauglichkeit zum Amt oder wegen Vornahme von Handlungen, die seine Vertrauenswürdigkeit beeinträchtigen, aus seinem Amt befreien.;Untauglichkeit;inidoneità;var
Die Regel gilt überhaupt nicht für die abgeleitete Firma, d.h. bei Fortführung der Firma eines von der AG übernommenen Unternehmens.;abgeleitete Firma;ragione sociale derivata;var
Tritt ein Verlust am Gesellschaftskapital ein, können Gewinne solange nicht verteilt werden, bis das Kapital wieder ergänzt oder im entsprechenden Ausmaß herabgesetzt wird.;Verlust am Gesellschaftskapital;perdita del capitale sociale;var
Bei der Kommanditgesellschaft haften die Komplementäre als Gesamtschuldner und unbeschränkt für die Verbindlichkeiten der Gesellschaft und haften die Kommanditisten beschränkt auf den eingebrachten Anteil.;Komplementär;accomandatario;var
Die Ausgabe und der Verkauf der Aktien vor der Eintragung der Gesellschaft ist nichtig.;Ausgabe;emissione;var
Für die auf unbestimmte Zeit Beauftragten gelten hinsichtlich der Gehaltsvorrückung die für das entsprechende Planstellen-Personal vorgesehenen Bestimmungen sinngemäß.;Beauftragter;incaricato;var
Die Bestimmungen des vorhergehenden Artikels finden auch auf Gesellschafter Anwendung, die bei der Einheitsgründung oder bei jener durch öffentliche Zeichnung den Gründungsvertrag abschließen.;Einheitsgründung;costituzione istantanea;var
Die Bestimmungen dieses Artikels finden auch auf die vorläufigen Bescheinigungen Anwendung.;vorläufig Bescheinigung;certificato azionario;var
"Gibt die vertragliche Vereinbarung nur die unabhängig von ihr gegebene gesetzliche Rechtslage wieder (""inhaltsleere Vertragsfloskel""), so wird das Rechtsschutzbegehren in Wahrheit auf das Gesetz gestützt und ist daher im Verfahren außer Streitsachen zu entscheiden.";Vertragsfloskel;clausola di stile;var
Die Aufnahme der Beweismittel im Beweissicherungsverfahren läßt die Fragen nach ihrer Zulässigkeit oder Erheblichkeit unberührt und ist auch kein Hindernis für ihre neuerliche Aufnahme im Verfahren in der Sache selbst.;Aufnahme der Beweismittel im Beweissicherungsverfahren;assunzione preventiva dei mezzi di prova;var
Die verfahrensrechtlichen Wirkungen, welche die Flucht nach sich zieht, treten nur in dem Strafverfahren ein, in dem die entsprechende Erklärung erfolgt ist.;Flucht;latitanza;var
Im stattgebenden Urteil, das gemäß Artikel 384 des Gesetzbuches erlassen wird, legt der Gerichtshof im einzelnen die Rechtsansicht dar, an die sich das Verweisungsgericht zu halten hat.;stattgebend Urteil;sentenza di accoglimento;var
Der inhaftierte oder in eine Anstalt zum Vollzug von Sicherungsmaßregeln eingewiesene Angeklagte kann Rechtsmittel, Erklärungen und Anträge beim Leiter der Anstalt einreichen.;Sicherungsmaßregel;misura di sicurezza personale;var
Ist die gesamte Dauer der verhängten Strafe abgelaufen , bleibt die Strafe erloschen und die vom Richter in dem auf Verurteilung lautenden Urteil oder durch eine spätere Verfügung angeordneten persönlichen Sicherungsmaßnahmen werden widerrufen.;Sicherungsmaßnahmen;misura di sicurezza personale;var
Niemand kann Sicherungsmaßnahmen unterworfen werden, die nicht ausdrücklich durch das Gesetz bestimmt sind, und nicht außerhalb der Fälle, die das Gesetz vorsieht.;Sicherungsmaßnahmen;misura di sicurezza;var
Zurechnungsfähig ist, wer im Zeitpunkt der Begehung der Tat das vierzehnte, aber noch nicht das achtzehnte Lebensjahr vollendet hatte und einsichts- und willensfähig war .;Zurechnungsfähig;imputabile;var
Wer sich im Zeitpunkt der Begehung der Tat infolge einer Krankheit in einem Geisteszustand befand, der die Einsichts- oder Willensfähigkeit erheblich vermindert, aber nicht ausschließt, ist für die begangene strafbare Handlung verantwortlich .;Willensfähigkeit;capacità di volere;var
Steht einer der Ehegatten unter Vormundschaft oder Pflegschaft, ist auch der Vormund oder der Beistand widerspruchsberechtigt.;Vormundschaft;tutela;var
Die Einlassung des Beklagten erfolgt dadurch, daß in der Kanzlei eine Verteidigungseingabe hinterlegt wird .;Verteidigungseingabe;memoria difensiva;var
Die Einlassung des Berufungsgegners erfolgt durch die in der Gerichtskanzlei vorzunehmende Hinterlegung der Akte und einer Verteidigungsschrift, in der eine ausführliche Darlegung seines gesamten Verteidigungsvorbringens enthalten sein muß.;Verteidigungsschrift;memoria difensiva;var
Die Unterbringung in einer gerichtlichen Erziehungsanstalt wird bei einem Minderjährigen unter achtzehn Jahren, der Gewohnheitsverbrecher, gewerbsmäßiger Verbrecher oder Hangverbrecher ist, stets angeordnet.;gewerbsmäßiger Verbrecher;delinquente professionale;var
Zum Hangverbrecher wird erklärt, wer, ohne rückfällig zu sein oder ohne gewohnheitsmäßig oder gewerbsmäßiger Verbrecher zu sein, ein nicht fahrlässiges Verbrechen gegen das Leben oder die persönliche Unversehrtheit begeht .;Hangverbrecher;delinquente per tendenza;var
Die Gefängnisstrafe erlischt mit Ablauf einer Frist, die das Doppelte der verhängten Strafe und in jedem Fall nicht mehr als dreißig und nicht weniger als zehn Jahre beträgt.;Gefängnisstrafe;reclusione;var
Unter der Bezeichnung in Geld abzuleistende Strafen versteht das Gesetz: die Geldstrafe und die Geldbuße.;Geldbuße;ammenda;var
Die lebenslange Gefängnisstrafe wird in einer dazu bestimmten Anstalt unter Verpflichtung zur Arbeit und in Einzelhaft bei Nacht verbüßt.;lebenslange Gefängnisstrafe;pena perpetua;var
Das der anderen Partei oder ihrem Vertreter gegenüber abgegebene außergerichtliche Geständnis hat dieselbe Beweiskraft wie das gerichtliche.;außergerichtlich Geständnis;confessione stragiudiziale;var
Das Verbot der Bekleidung öffentlicher Ämter ist unbefristet oder befristet.;Verbot der Bekleidung öffentlicher Ämter;interdizione dai pubblici uffici;var
Die Verurteilung eines Elternteils hat die Verwirkung der elterlichen Gewalt zur Folge.;Verwirkung der elterlichen Gewalt;decadenza dalla potestà dei genitori;var
Der Stiftungsakt kann vom Stifter widerrufen werden, solange die Anerkennung der Stiftung nicht erfolgt ist oder der Stifter die Tätigkeit des von ihm verfügten Werkes nicht aufnehmen lassen hat.;Stiftungsakt;negozio di fondazione;var
Die Regierungsbehörde übt die Kontrolle und Aufsicht über die Verwaltung der Stiftungen aus, sorgt für die Bestellung und Ersetzung der Verwalter oder Vertreter, wenn sich die in der Stiftungsurkunde enthaltenen Bestimmungen nicht durchführen lassen .;Stiftungsurkunde;atto costitutivo della fondazione;var
Gegenstand der Beweisführung sind Tatsachen, die sich auf die Anklage, auf die Strafbarkeit und auf die Bestimmung der Strafe oder der Sicherungsmaßnahmen beziehen.;Bestimmung der Strafe;determinazione della pena;var
Der Steuerzahler kann die Rückerstattung der irrtümlich bezahlten Abgaben innerhalb der Verfallsfrist von drei Jahren mit Ablauf vom Tag der Zahlung oder, im Falle der Verweigerung des abgabenpflichtigen Aktes, vom Datum der Mitteilung der genannten Verweigerung beantragen.;Verfallsfrist;termine di decadenza;var
Niemand kann vorbeugenden Maßnahmen unterworfen werden, wenn gegen ihn nicht schwerwiegende Schuldindizien vorliegen.;Schuldindiz;indizio di colpevolezza;var
Bei den Landesgerichten nimmt der Präsident die Bestellung des Vollstreckungsrichters nach Vorlage der Akte durch den Kanzleibeamten, die innerhalb von zwei Tagen nach ihrer Anlegung zu erfolgen hat, vor.;Vollstreckungsrichter;giudice dell'esecuzione;var
Wenn zwischen den Parteien eine Schlichtung zustande kommt, wird hierüber ein Protokoll aufgenommen, das von den Parteien und vom Sachverständigen unterschrieben und in die Amtsakte aufgenommen wird.;Amtsakte;fascicolo d'ufficio;var
Der Kanzleibeamte hat dem ordnungsgemäß benannten Privatsachverständigen von den vorgesehenen Untersuchungen des Amtssachverständigen Mitteilung zu machen (136 ZPO), damit er an ihnen gemäß Artikel 194 und 201 der Zivilprozeßordnung teilnehmen kann.;Amtssachverständiger;consulente del giudice;var
Wenn es die Natur der Streitigkeit erfordert, kann der Richter jederzeit im Sinne von Artikel 97 Amtliche Sachverständigengutachten einen Sachverständigen oder mehrere Sachverständige ernennen.;Sachverständiger;C.T.U.;var
Die Versammlung in erster Einberufung ist beschlussfähig, wenn daran so viele Miteigentümer teilnehmen, dass sie zwei Drittel des Wertes des gesamten Gebäudes und die Mehrheit der Teilhaber an der Miteigentümergemeinschaft vertreten.;Miteigentümer;partecipante al condominio;var
Bei Unterlassung der Zustellung haben die Miterben, solange die Erbgemeinschaft besteht , das Recht, den Anteil vom Erwerber und jedem späteren Rechtsnachfolger einzulösen.;Erbgemeinschaft;coeredità;var
Sind zur Durchführung der Beförderung besondere Urkunden erforderlich, hat der Absender diese dem Beförderer bei der Übergabe der zu befördernden Sachen auszuhändigen.;Beförderung;trasporto;var
Friaul - Julisch Venetien, Sardinien, Sizilien, Trentino - Alto Adige/Südtirol und Aostatal/Vallèe d‘Aoste verfügen über besondere Formen und Arten der Autonomie gemäß Sonderstatuten, die mit Verfassungsgesetz genehmigt werden.;Autonomie;autonomia;var
Die Ernennung der Friedensrichter und ihrer Stellvertreter, die Erklärung des Amtsverlustes, die Entlassung und die Amtsenthebung erfolgen durch den Präsidenten der Region auf Grund einer Delegierung durch den Präsidenten der Republik unter Beachtung der übrigen einschlägigen Bestimmungen der Gerichtsordnung.;Delegierung;delega di poteri;var
Der Minister für Infrastruktur und Verkehr kann den Präfekten und den Straßeneigentümern Richtlinien zur Anwendung der Vorschriften über die Straßenverkehrsregelung auf den in Artikel 2 genannten Straßen erteilen.;Richtlinie;direttiva;var
Die öffentlichen Angestellten stehen im ausschließlichen Dienst des Staates.;öffentlicher Angestellter;pubblico impiegato;var
Man unterscheidet kaufmännische Angestellte, gewerblich technische Angestellte, Angestellte des öffentlichen Dienstes für die vor allem der BAT gilt.;öffentlicher Angestellter;pubblico impiegato;var
Der Verwaltungsrekurs setzt nicht die Fristen für die Anfechtung vor Gericht aus. Die Einbringung eines gerichtlichen Rekurses gegen dieselbe Maßnahme führt zur Unverfolgbarkeit des Verwaltungsrekurses.;Verwaltungsrekurs;ricorso amministrativo;var
Die gesetzlichen Bestimmungen, die für die Einrichtung einer Verwaltungsbeschwerde eine längere Frist vorsehen als die in Absatz 4 angegebene, sind aufgehoben.;Verwaltungsbeschwerde;ricorso amministrativo;var
Im Lande Südtirol obliegt die Ergreifung geeigneter Maßnahmen zur Überwachung und zur Vorbeugung der Unfälle bei Bergtouren, Wanderungen und Höhlenforschungen und die Hilfeleistung an verunglückten oder sich in Gefahr befindlichen Personen sowie die Bergung der Abgestürzten den Rettungsdiensten .;Hilfeleistung;soccorso;var
Art. 20 des Landesgesetzes Nr. 17/93 betrifft Fachgutachten, die während der Ermittlungsphase des Verfahrens aufgrund einer Rechtsvorschrift des Landes, der Region, des Staates oder der Gemeinschaft von dazu vorgesehenen Organen oder Einrichtungen eingeholt werden müssen.;Ermittlungsphase;fase istruttoria;var
In der Begründung sind die Ergebnisse des Ermittlungsverfahrens, die bei der Beweiswürdigung maßgebenden Erwägungen und die darauf gestützte Beurteilung der Rechtsfrage klar und übersichtlich zusammenzufassen.;Ermittlungsverfahren;istruttoria;var
Jede Verwaltungsmaßnahme muß begründet sein  in Bezug auf das Ergebnis der Sachverhaltsermittlung.;Sachverhaltsermittlung;fase istruttoria;var
Die Verkehrspläne werden nach den Richtlinien des Ministers für Infrastruktur und Verkehr erstellt, die unter Mitwirkung des Ministers für Umwelt und Landschaftsschutz und auf der Grundlage der Empfehlungen des interministeriellen Komitees für Wirtschaftsprogrammierung im Verkehr erlassen werden.;unter Mitwirkung;di concerto;var
Das Erlöschen des Überbaurechts wegen Zeitablaufs führt zum Erlöschen der vom Überbauberechtigten begründeten dinglichen Rechte.;Überbauberechtigter;superficiario;var
Die BBM, die ZeMeT, der Antrag auf Baugenehmigung sowie der Antrag auf landschaftsrechtliche Genehmigung können eingereicht werden:  b) vom Inhaber des Überbaurechts gemäß Artikel 952 des Zivilgesetzbuches .;Inhaber des Überbaurechts;superficiario;var
Dem Gesuch um Ermächtigung aufgrund der UVP sind folgende Unterlagen beizulegen und bei der Landesagentur für Umwelt und Arbeitsschutz (Umweltagentur) einzureichen: a) Umweltverträglichkeitsstudie (UVS) .;Umweltverträglichkeitsstudie;studio di impatto ambientale;var
Wer seiner Meldepflicht  nicht rechtzeitig nachkommt oder eine unvollständige Meldung abgibt, wird mit einer Geldbuße von zwanzigtausend bis hundertzwanzigtausend Euro bestraft.;Meldepflicht;obbligo di notificazione;var
Der beurkundete Notar hat innerhalb von dreißig Tagen ab dem Tag der Eheschließung  die Anmerkung des Ehegütervertrags oder des Vertrages zur Abänderung eines solchen am Rand der Heiratsurkunde zu beantragen.;Ehegütervertrag;convenzione matrimoniale;var
Behörden, die Informationen erhalten, welche der Geheimhaltung unterliegen, gewährleisten deren Vertraulichkeit ….;Vertraulichkeit;riservatezza;var
Die Wandelschuldverschreibungen können nicht zu einem geringeren Betrag als ihrem Nennwert ausgegeben werden.;Wandelschuldverschreibung;obbligazione convertibile;var
Der Streitwert bestimmt sich nach dem Wert der Aktiva des Nachlasses, der für die beweglichen Sachen entsprechend der bei der Inventarerrichtung vorgenommenen Schätzung und für die Liegenschaften  zu berechnen ist.;Aktiva des Nachlasses;attivo ereditario;var
Die Wähler müssen den Personalausweis oder einen anderen von einer öffentlichen Körperschaft oder Anstalt ausgestellten Erkennungsausweis mit Lichtbild vorweisen.;Personalausweis;carta d'identità;var
Zu jedem Abänderungsantrag darf jeder Abgeordnete für insgesamt höchstens zehn Minuten das Wort ergreifen.;Abänderungsantrag;emendamento;var
Der Beirat wird mit Beschluß der Landesregierung ernannt und bleibt für die Dauer der Legislaturperiode, in der er ernannt wird, im Amt.;Legislaturperiode;legislatura;var
Die Kommission bleibt für die Dauer der Legislatur im Amt.;Legislatur;legislatura;var
Das Regionalorgan wird zu Beginn einer jeder Gesetzgebungsperiode vom Präsidenten des Regionalrates ernannt und setzt sich aus drei Bürgern zusammen, die bei den Regionalratswahlen wahlberechtigt sind, dem Regionalrat aber nicht angehören.;Gesetzgebungsperiode;legislatura;var
Der Übergang wird durch Vorlage einer Kopie des registrierten Vertrages oder, wenn es sich um ein Rechtsgeschäft von Todes wegen handelt, durch die Vorlage einer beglaubigten Kopie der Bescheinigung über die Erbnachfolge nachgewiesen.;Bescheinigung über die Erbnachfolge;certificato di eredità;var
Im Erbschein, der vor der Festsetzung des Übernahmspreises erlassen werden sollte, hat der Bezirksrichter zu bescheinigen, daß die Übernahme des geschlossenen Hofes dem berufenen Erben im Sinne des Gesetzes über die geschlossenen Höfe zusteht.;Erbschein;certificato di eredità;var
Auf jeden Fall kann der Antrag auf Abstimmung nach Sprachgruppen bis zu dem Augenblick eingebracht werden, in dem zur Schlußabstimmung über den Gesetzentwurf übergegangen wird.;Gesetzentwurf;proposta di legge;var
Wenn angenommen wird, daß ein Gesetzesvorschlag die Gleichheit der Rechte zwischen den Bürgern verschiedener Sprachgruppen oder die volkliche und kulturelle Eigenart der Sprachgruppen verletzt;Gesetzesvorschlag;proposta di legge;var
Die Eintreibung der Forderung der öffentlichen Hand erfolgt: a) durch Eintreibung im Verwaltungsweg, b) durch Zwangsvollstreckung .;Zwangsvollstreckung;esecuzione forzata;var
Die erforderlichen Abänderungen an dem Vorschlag werden mit Bilanzgesetz vorgenommen.;Bilanzgesetz;legge di bilancio;var
Für die nachfolgenden Jahre werden die erforderlichen Ansätze durch Haushaltsgesetz festgelegt.;Haushaltsgesetz;legge di bilancio;var
Der Umschlag Nr. 1 beinhaltet  einen dritten Briefumschlag mit den ungültigen Stimmzetteln, den weißen Stimmzetteln und den Stimmzetteln mit beanstandeten Listen- oder Vorzugsstimmen, die aber nicht zugewiesen wurden .;ungültiger Stimmzettel;scheda nulla;var
Die Wahlkommission bestimmt spätestens 20 Tage vor dem Wahltag die Anzahl und die Verteilung der Wahlsprengel: jedem Wahlsprengel wird eine Wählerzahl zugewiesen, die so bemessen sein muß, daß die Geheimhaltung der Wahl gewährleistet ist.;Geheimhaltung der Wahl;segretezza del voto;var
In Zweifelsfällen soll stets die positive Lösung bevorzugt werden, vorausgesetzt, daß die Geheimhaltung der Stimme gewährleistet ist.;Geheimhaltung der Stimme;segretezza del voto;var
In der Abteilung für die Stimmabgabe müssen eine oder zwei Kabinen aufgestellt werden diese müssen so beschaffen sein, daß die geheime Stimmabgabe gewährleistet ist.;geheime Stimmabgabe;segretezza del voto;var
Innerhalb des zwanzigsten Tages vor dem Wahltag hat die Landeswahlkommission die Zahl und den jeweiligen Ort der Wahlsitze in der Weise festzulegen, daß jedem Wahlsitz so viele Wähler zugewiesen werden, als im Interesse des Wahlgeheimnisses zweckmäßig sind.;Wahlgeheimnis;segretezza del voto;var
Auf Grund des im Raumprogramm ermittelten Bedarfs kann der Bauentwurf ausgearbeitet werden. Zuerst wird der Vorentwurf erstellt, welcher in der Regel folgende Unterlagen enthält: Auszug aus der Katastermappe mit dem Verzeichnis der Grundeigentümer.;Auszug aus der Katastermappe;estratto di mappa catastale;var
Die Wahl des Güterstands der Gütertrennung kann auch in der Heiratsurkunde erklärt werden.;Heiratsurkunde;atto di matrimonio;var
Wurde die als nichtig festgestellte Ehe von beiden Ehegatten schlechtgläubig eingegangen, treten die Wirkungen einer gültigen Ehe bezüglich der in dieser Ehe geboren oder gezeugten Kinder ein, es sei denn, die Nichtigkeit beruht auf Doppelehe oder Blutschande.;Blutschande;incesto;var
Das Eheband selbst wird immer schwächer, seine Lösung immer leichter.;Eheband;vincolo coniugale;var
Wird die Klage von einem Elternteil oder vom Staatsanwalt erhoben, ist sie zurückzuweisen wenn  jedenfalls der Wille des Minderjährigen, die eheliche Bindung aufrechtzuhalten, festgestellt wird.;eheliche Bindung;vincolo matrimoniale;var
Jedoch kann der Vermächtnisnehmer eines Fruchtgenusses oder eines Gebrauchs  diese nur während der Ehelosigkeit oder des Witwenstands nutzen.;Witwenstand;vedovanza;var
Die genannten Strafen werden nebeneinander gegen denjenigen verhängt der: die Güter seines minderjährigen Kindes oder des Ehegatten veruntreut oder verschwendet .;minderjährig Kind;pupillo;var
Die bloße - wenn auch noch so lange und bis zum Tod des Versicherten dauernde - nichteheliche Lebensgemeinschaft mit einem Versicherten  eröffnet nach dem Tod des Versicherten keinen Anspruch auf Witwenpension.;nichteheliche Lebensgemeinschaft;convivenza more uxorio;var
Die Differenz muß, soweit sie auf abschreibungsfähige Güter oder auf den Geschäftswert entfällt, abgeschrieben werden.;abschreibungsfähig Gut;bene ammortizzabile;var
Der Verfassungsgerichtshof urteilt: über Streitigkeiten betreffend die Verfassungsmäßigkeit der Gesetze und der Akten, die Gesetzeskraft haben, des Staates und der Regionen .;Verfassungsmäßigkeit;costituzionalità;var
Zur Erreichung des in Artikel 1 angeführten Zieles ist die Landesregierung ermächtigt, Kontokorrent-Krediteröffnungen oder Finanzierungen, auch zinslose, zugunsten von Kreditanstalten oder -unternehmen, die in Südtirol tätig sind und die fachlichen und organisatorischen Voraussetzungen haben, zu gewähren .;zinslos;infruttifero;var
Die Ausschüttung von Anzahlungen auf die Dividenden ist nur jenen Gesellschaften erlaubt, deren Jahresabschluß gesetzlich der Bestätigung durch die in eine Sonderliste eingetragenen Prüfungsgesellschaften unterliegt.;Prüfungsgesellschaft;società di revisione;var
Die Ermächtigung für den Abbau von Steinbrüchen und Gruben hat eine Laufzeit von höchstens 20 Jahren ab Tätigkeitsbeginn.;Ermächtigung;autorizzazione;var
Die Geschäfte mit gemischten Tätigkeiten, welche der Verwaltungsermächtigung der Gemeinde unterliegen, beachten die Geschäftszeiten für die vorwiegende Tätigkeit. Unterschiedliche Geschäftszeiten sind nicht zulässig.;Verwaltungsermächtigung;autorizzazione;var
Die Tourismusverbände sind befugt, Reservierungen, samt den dazugehörigen Leistungen, ohne eigene Verwaltungsbewilligung vorzunehmen, sofern sie sich auf das jeweilige Einzugsgebiet beschränken.;Verwaltungsbewilligung;autorizzazione;var
Das Gericht kann sowohl im Lauf des entscheidungsvorbereitenden Verfahrens als auch in der Entscheidung die Trennung der Rechtsstreitigkeiten verfügen, wenn dies von allen Parteien beantragt wird oder wenn die Fortdauer ihrer Verbindung das Verfahren verzögern oder erschweren würde .;Trennung der Rechtsstreitigkeiten;separazione delle cause;var
Der Generalstaatsanwalt beim Oberlandesgericht ordnet mit begründetem Dekret und erforderlichenfalls nach Einholung der notwendigen Auskünfte die Übernahme der Vorerhebungen an, wenn .;Übernahme;avocazione;var
Ein Verfassungsgesetz bestimmt die Voraussetzungen, die Formen und die Fristen für die Einleitung der Verfahren über die Verfassungsmäßigkeit sowie die Garantien für die Unabhängigkeit der Richter des Verfassungsgerichtshofes.;Unabhängigkeit der Richter;indipendenza del giudice;var
Die Abteilungen entscheiden in der Regel in der Besetzung mit drei Richtern oder Richterinnen (Spruchkörper).;Spruchkörper;collegio giudicante;var
Im Falle einer de facto-Gesellschaft muß wenigstens ein Mitglied, das die vorgeschriebenen Voraussetzungen für die Eintragung der Gesellschaft in das Verzeichnis der Handelstätigen erfüllt, in dieses eingetragen werden.;de facto-Gesellschaft;società di fatto;var
Ein staatliches Monopol für Sportwetten ist mit dem Grundrecht der Berufsfreiheit des Art. 12 Abs. 1 GG nur vereinbar, wenn es konsequent am Ziel der Bekämpfung von Suchtgefahren ausgerichtet ist.;staatliches Monopol;monopolio nazionale;var
Oberstes Aufsichtsorgan für Wertpapiergesellschaften (SIM) und Anlageberater ist die Wertpapieraufsichtsbehörde (CONSOB) mit Sitz in Rom.;Wertpapiergesellschaft;società di intermediazione mobiliare;var
Niemand darf seinem ordentlichen, durch Gesetz vorbestimmten Richter entzogen werden.;ordentlicher;giudice naturale precostituito per legge;var
Erweist sich zur Bezahlung der Schulden der Verkauf von Gütern als notwendig, wird dieser im Einvernehmen zwischen dem Eigentümer und dem Fruchtnießer vorgenommen, vorbehaltlich der Anrufung der Gerichtsbehörde im Fall mangelnden Einvernehmens. Die Zwangsveräußerung hat gegen beide zu erfolgen.;Zwangsveräußerung;espropriazione forzata;var
Ebenso werden für das Wohnungsvermögen die Wohnungen berücksichtigt, die im Eigentum von Personengesellschaften oder Gesellschaften mit beschränkter Haftung sind, an denen ein oder mehrere Mitglieder der Familiengemeinschaft beteiligt sind.;Personengesellschaft;società personale;var
Die Verschmelzung mehrerer Gesellschaften kann durch Gründung einer neuen Gesellschaft oder durch Aufnahme einer oder mehrerer Gesellschaften in eine andere erfolgen.;Aufnahme;incorporazione;var
Die durch dieses Gesetz geregelten Maßnahmen des Landes fördern  die Übernahme von Betrieben seitens der Arbeitergenossenschaften.;Übernahme;incorporazione;var
Bei einer ausländischen Gesellschaft mit steuerlicher Ansässigkeit und unbeschränkter Steuerpflicht in Italien stellt die unterlassene Abgabe der Steuererklärung ein Finanzstrafvergehen dar. Die vorherige, gleichwertige Beschlagnahme des Vermögens des faktischen Verwalters ist zulässig.;faktisch Verwalter;amministratore di fatto;var
Der UmwandlungsBeschluß muß von einem Bericht über die Schätzung des Gesellschaftsvermögens begleitet sein und ist  in das Handelsregister einzutragen.;Bericht über die Schätzung des Gesellschaftsvermögens;relazione di stima del patrimonio sociale;var
Aus dem Spaltungsplan müssen die Richtlinien für die Übertragung der Aktien oder Anteile der begünstigten Gesellschaften hervorgehen.;Spaltungsplan;progetto di scissione;var
Es besteht Übereinstimmung, dass Rechtshilfe im Einklang mit der Gesetzgebung des ersuchten Staates gewährt wird bei der Ermittlung oder Verfolgung strafbarer Handlungen, namentlich bei Mord, Missbrauch der Amtsgewalt …;Missbrauch der Amtsgewalt;abuso di autorità;var
Der Irrtum über den Tatbestand der strafbaren Handlung schließt die Strafbarkeit des Täters aus.;Täter;autore;var
Eine in diesem Sinn straflose Vortat liegt vor, wenn eine Deliktsverwirklichung einer Haupttat vorangeht, um diese zu ermöglichen oder zu erleichtern ein gemeinsamer Beweggrund genügt nicht.;straflose Vortat;antefatto non punibile;var
Der Unterschied zwischen Unterschlagung und Veruntreuung liegt im Deliktsobjekt es ist bei der Veruntreuung ein anvertrautes, bei der Unterschlagung ein auf andere Weise in die Gewahrsame des Täters gelangtes Gut.;Unterschlagung;appropriazione indebita;var
Wer sich an solchen Vereinigungen (zu terroristischen Zwecken) beteiligt, wird mit Gefängnisstrafe von vier bis zu acht Jahren bestraft.;Vereinigung;associazione;var
Wer einer aus drei oder mehr Personen bestehenden mafiaartige Vereinigung angehört, wird mit Gefängnisstrafe von drei bis zu sechs Jahren bestraft.;mafiaartige Vereinigung;associazione di stampo mafioso;var
Der Beitrag der Gehilfen zur Ausführung der Tat kann physisch oder psychisch sein, letzteres etwa durch Erteilung von Ratschlägen.;Gehilfe;complice;var
Durch die Selbstbezichtigung hat V versucht, seinen Sohn wegen dessen Diebstahls der Strafverfolgung zu entziehen. V hat damit rechtswidrig und schuldhaft einen Strafvereitelungsversuch erfüllt .;Selbstbezichtigung;autocalunnia;var
Als Täter wird bestraft, wer die Straftat selbst oder durch einen anderen begeht. Begehen mehrere die Straftat gemeinschaftlich, so wird jeder als Täter bestraft (Mittäter).;Mittäter;coautore;var
Die Wiedereinsetzung in die bürgerlichen Rechte ist auf keinen Fall zu gewähren, wenn der Gemeinschuldner wegen betrügerischen Bankrotts, oder wegen Verbrechen gegen das Vermögen  verurteilt worden ist .;betrügerisch Bankrott;bancarotta fraudolenta;var
In besonders schweren Fällen des § 283 Abs. 1 bis 3 wird der Bankrott mit Freiheitsstrafe von sechs Monaten bis zu zehn Jahren bestraft.;Bankrott;bancarotta;var
Geschütztes Rechtsgut der Sachbeschädigung (§ 125 öStGB) ist das Eigentum.;Geschütztes Rechtsgut;oggetto giuridico del reato;var
Das Urteil wird innerhalb fünfzehn Tagen ab Erlass in der Kanzlei hinterlegt, .;Kanzlei;cancelleria giudiziaria;var
Der Datenschutzbehörde wird über die Gerichtskanzlei eine Kopie der von der Gerichtsbehörde erlassenen Verfügungen in Zusammenhang mit den Bestimmungen dieses Kodex oder den Bestimmungen über Computerkriminalität übermittelt.;Gerichtskanzlei;cancelleria;var
Täter, die im Zeitpunkt des Delikt 18 bis 20 Jahre alt waren, verbunden mit der wegen des jugendlichen Alters fehlenden Einsichtsfähigkeit.;Einsichtsfähigkeit;capacità di intendere;var
Ursächlichkeit besteht auch, wenn die Handlung nur mitursächliche Bedingung für den Erfolgseintritt war sogenannte kumulative Kausalität .;kumulative Kausalität;causalità cumulativa;var
Diese Formel versagt aber, wenn die real wirkende Bedingung keine notwendige Bedingung ist, also in den Fällen der hypothetischen und der alternativen Kausalität.;hypothetische Kausalität;causalità ipotetica;var
Im Kausalzusammenhang sind vielmehr alle Bedingungen des Erfolges für dessen Eintritt gleich notwendig oder daher gleichwertig . Das gilt auch für menschliche Verhaltensweisen.;Kausalzusammenhang;rapporto di causalità;var
Liegt nur ein erschwerender Umstand vor und ist die Erhöhung der Strafe nicht gesetzlich bestimmt, wird die Strafe, die für die strafbare Handlung verhängt werden müßte, bis um ein Drittel erhöht.;erschwerender Umstand;aggravante;var
Die Gleichwertigkeitsklausel dient dazu, eine zu weite Annahme unrechter Unterlassungsdelikte hintanzuhalten.;Gleichwertigkeitsklausel;clausola generale di equivalenza;var
Die Scheinkonkurrenz, die oft schwierige Probleme aufwirft, ist im Gesetz nicht geregelt sie unteliegt auch nicht den Grundsätzen der §§ 28, 31 (öStGB).;Scheinkonkurrenz;concorso apparente di norme;var
Bei gleichartiger Tateinheit gibt es insoweit keine Probleme, weil nur ein einziges Gesetz angewendet wird.;gleichartige Tateinheit;concorso formale omogeneo;var
Es besteht zwischen den durch die gleiche Handlung verletzten Strafbestimmungen des StGB und des Zollgesetzes Idealkonkurrenz.;Idealkonkurrenz;concorso ideale;var
Nimmt der Eröffnungsbeschluß Tateinheit an, wird aber nicht wegen aller Taten verurteilt, so erfolgt kein Teilfreispruch denn wegen einer und derselben Tat kann das Urteil nur einheitlich auf Verurteilung oder Freispruch lauten.;Tateinheit;concorso ideale;var
Tatmehrheit liegt vor, wenn der Täter durch mehrere selbständige strafbare Handlungen, also durch eine Handlungsmehrheit entweder dasselbe Gesetz mehrmals (gleichartige Tatmehrheit) oder mehrere verschiedene Gesetze (ungleichartige Tatmehrheit) verletzt.;ungleichartige Tatmehrheit;concorso materiale eterogeneo;var
Tatmehrheit liegt vor, wenn der Täter durch mehrere selbständige strafbare Handlungen, also durch eine Handlungsmehrheit entweder dasselbe Gesetz mehrmals (gleichartige Tatmehrheit) oder mehrere verschiedene Gesetze (ungleichartige Tatmehrheit) verletzt.;gleichartige Tatmehrheit;concorso materiale omogeneo;var
Kein Teil der Willensbetätigungen darf zugleich zur Erstellung des Tatbestandes beider Delikte mitwirken sonst liegt nicht Tatmehrheit vor, sondern Tateinheit ein derartiges Bindeglied kann auch bei gleichzeitigen Handlungen fehlen so bei Hausfriedensbruch und Sexualstraftaten, oder Nötigung.;Tatmehrheit;concorso materiale;var
Im Protokoll sind die vom Gericht gestellten Fragen, die von den einander gegenübergestellten Personen abgegebenen Erklärungen und sonstige im Verlauf der Gegenüberstellung eingetretene Geschehnisse zu vermerken.;Gegenüberstellung;confronto;var
Unter den gegebenen Umständen dürfte im übrigen schon sein Stillschweigen und Gewährenlassen als Zustimmung zum Ehebruch im aufgefasst werden.;Gewährenlassen;connivenza;var
Antragsdelikte werden auf Anklage des Staatsanwalts verfolgt aber der StA darf Verfolgungsanträge nur stellen, Polizei und Gendarmerie dürfen sich mit dem Fall nur befassen, wenn der Berechtigte die Verfolgung beantragt hat.;Antragsdelikt;reato perseguibile a querela di parte;var
Die Bestimmungen des Artikels 29 und des Artikels 32  werden bei einer Verurteilung wegen eines fahrlässigen Verbrechens nicht angewendet.;fahrlässig Verbrechen;delitto colposo;var
Der Täter eines versuchten Verbrechens wird bestraft: mit Gefängnisstrafe nicht unter zwölf Jahren, wenn die angedrohte Strafe lebenslange Gefängnisstrafe ist in den übrigen Fällen mit der für das Verbrechen angedrohten Strafe, die um ein bis zwei Drittel herabgesetzt wird.;versuchtes Verbrechen;delitto tentato;var
Wer geeignete Handlungen ausführt, die in eindeutiger Weise auf die Begehung eines Verbrechens abzielen, ist für den Versuch des Verbrechens verantwortlich, wenn die Tat nicht zur Ausführung gelangt oder der Erfolg nicht eintritt.;Versuch des Verbrechens;delitto tentato;var
Zur Anwendung der Maßnahmen ist die vom Gesetz für jede vollendete oder versuchte strafbare Handlung festgesetzte Strafe zu berücksichtigen.;versuchte strafbare Handlung;delitto tentato;var
Die Erklärung des Verpächters, von der ausdrücklich vereinbarten Auflösungsklausel Gebrauch zu machen, verhindert nicht die Ausübung des Rechts auf Ablösung.;Erklärung;dichiarazione;var
Ist der Vorsitzende nach Anhörung der Parteien der Ansicht, daß die direkte Vernehmung den Minderjährigen nicht an einer unbefangenen Zeugenaussage hindert, so ordnet er mit Beschluß die Fortsetzung der Aussage nach den in den vorhergehenden Absätzen vorgesehenen Formen an.;direkte Vernehmung;esame diretto;var
Die Entschuldung kann nicht gewährt werden, wenn Konkursgläubiger nicht einmal teilweise befriedigt worden sind.;Konkursgläubiger;creditore concorsuale;var
Falschbeurkundung durch eine Amtsperson in Bescheinigungen oder Genehmigungen einer Verwaltungsbehörde.;Falschbeurkundung;falsità ideologica;var
Mittelbare Falschbeurkundung in einer öffentlichen Urkunde durch eine Privatperson.;Mittelbare Falschbeurkundung;falsità ideologica;var
In der Praxis unterscheidet man zwischen einem äußeren (objektiven) und einem inneren (subjektiven) Tatbestand dieser wird auch öfters die (innere) Tatseite oder (was freilich vielfach abgelehnt wird) Schuldform (Vorsatz oder Fahrlässigkeit) genannt.;objektiver Tatbestand;elemento oggettivo;var
Ein Gebrauchsdiebstahl, dh. die widerrechtliche vorübergehende Benützung einer fremden Sache ist grundsätzlich straflos, nur der unbefugte Gebrauch bestimmter Fahrzeuge ist in § 136 unter Strafe gestellt.;Gebrauchsdiebstahl;furto d'uso;var
Der Umfang der Garantenpflicht ist nicht unbegrenzt, er bedarf von Fall zu Fall einer besonderen Prüfung in bezug auf Inhalt und Ziel des Schutzzweckes .;Garantenpflicht;obbligo di garanzia;var
Wenn ein Rechtsmittel oder Widerspruch erhoben wird, übermittelt das Vollstreckungsgericht, nachdem es über den Antrag des Betroffenen verfügt hat, die Akten an das zuständige erkennende Gericht.;erkennend Gericht;giudice di cognizione;var
Wenn das Berufungsgericht den Sachverhalt für noch nicht ausreichend festgestellt erachtet und dies nicht auf einer irrigen Rechtsansicht beruht, kann der Oberste Gerichtshof, der nicht Tatsacheninstanz ist, der Verfahrensergänzung nicht entgegentreten.;Tatsacheninstanz;giudice di merito;var
Erkennnt das Berufungsgericht, daß das Gericht erster Instanz  sachlich unzuständig oder örtlich oder wegen Zusammenhanges unzuständig war, so erläßt es  ein Urteil, durch das die Nichtigkeit ausgesprochen wird .;Gericht erster Instanz;giudice di primo grado;var
Wenn der Beitritt vor der Anklageerhebung stattgefunden hat, entscheidet über den Widerspruch der Richter für die Vorerhebungen.;Richter für die Vorerhebungen;giudice per le indagini preliminari;var
Durch den Straferlaß oder die Begnadigung wird die verhängte Strafe ganz oder teilweise erlassen oder in eine andere gesetzlich bestimmte Strafe umgewandelt.;Begnadigung;grazia;var
Niemand kann sich zu seiner Entschuldigung auf Unkenntnis des Strafgesetzes berufen.;Unkenntnis des Strafgesetzes;ignoranza della legge penale;var
Das Verbrechen ist fahrlässig oder gegen die Absicht, wenn der Erfolg, mag er auch vorausgesehen sein, vom Täter nicht gewollt ist und infolge von Nachlässigkeit, Unvorsichtigkeit, Untüchtigkeit oder auch Nichtbeachtung von Gesetzen, Verordnungen, Befehlen oder Regelungen eintritt.;Unvorsichtigkeit;imprudenza;var
Kandidaten, die eine oder mehrere Teilprüfungen nicht bestanden haben, werden als untauglich befunden und können frühestens dreißig Tage nach der Prüfung nochmals zu den nicht bestandenen Teilprüfungen antreten.;untauglich;inidoneo;var
Eine erweiternde Interpretation des Ausnahmetatbestandes des § 3 Abs. 1a Z. 7 ALSAG käme jedoch nur dann in Betracht, wenn dies der Normzweck (oder eine verfassungskonforme oder europarechtskonforme Auslegung) verlangen würde.;erweiternde Interpretation;interpretazione estensiva;var
Die Beklagte, die Klagsabweisung beantragte, ist gegenteiliger Ansicht: Bereits die wörtliche Auslegung der Bestimmung ergebe einen Risikoausschluss für alle Ansprüche, deren Ursache in der Beschädigung, Zerstörung oder dem Abhandenkommen von mit dem versicherten Fahrzeug beförderten Sachen liege.;wörtliche Auslegung;interpretazione grammaticale;var
Ob das Rückwirkungsverbot eingreift, entscheidet sich nach dem letzten Zeitpunkt der Tat .;Rückwirkungsverbot;divieto di retroattività;var
Akzessorisch ist die Anstiftung im Verhältnis zur Haupttat diese muß wirklich, braucht aber nicht schuldhaft begangen zu sein, damit die Anstiftung strafbar ist .;Anstiftung;concorso morale;var
Ist auf die Aufforderung nicht eingegangen worden und handelt es sich um die Aufforderung zu einem Verbrechen, so kann der Täter einer Sicherungsmaßnahme unterworfen werden.;Aufforderung;concorso psicologico;var
Der Gegenstand des Vertrages muss möglich, erlaubt, bestimmt oder bestimmbar sein.;erlaubt;lecito;var
Die gesetzesmäßig einberufene und ordnungsgemäß zusammengetretene Gesellschafterversammlung vertritt die Gesamtheit der Aktionäre.;gesetzesmäßig;legale;var
In Erwartung der schiedsrichterlichen Entscheidung werden etwaige Maßnahmen der öffentlichen Verwaltung betreffend die Ausführung von Arbeiten von Amts wegen sowie andere Vertrags- und gesetzmäßige Maßnahmen, die sich im öffentlichen Interesse als notwendig erweisen, nicht ausgesetzt.;gesetzmäßig;legale;var
Wer zum Nachteil eines anderen Maße oder Gewichte mit nachgemachtem oder verfälschtem gesetzlichen Ausdruck oder sonst verfälschte Maße oder Gewichte verwendet, wird mit Gefängnisstrafe bis zu sechs Monaten und mit Geldstrafe bis zu einer Million Lire bestraft.;gesetzlich;legale;var
Weichen das zur Zeit der Begehung der strafbaren Handlung geltende Gesetz und die späteren Gesetze voneinander ab, so wird das für den Täter mildere Gesetz angewendet, es sei denn, er ist unwiderruflich verurteilt worden.;mild Gesetz;legge più favorevole;var
Falls die Einberufung infolge des Eintritts von Verlusten oder aufgrund eines rechtmäßig und ausdrücklich eingebrachten Antrages von Gesellschaftern erforderlich geworden ist, ist die in Geld abzuleistende Verwaltungsstrafe um ein Drittel zu erhöhen.;rechtmäßig;legittimo;var
Die Gewährung der bedingten Entlassung wird von der Erfüllung der zivilrechtlichen Verpflichtungen aus der strafbaren Handlung abhängig gemacht, sofern nicht der Verurteilte nachweist, daß er zu deren Erfüllung nicht imstande ist.;bedingt Entlassung;liberazione condizionale;var
Das Departement für öffentliche Verwaltung erarbeitet Kriterien zur Gewährleistung des turnusmäßigen Wechsels der Führungskräfte in den besonders korruptionsgefährdeten Bereichen sowie Maßnahmen zur Vermeidung von Aufgabenüberschneidung und Ämterhäufung, auch verwaltungsextern, bei Führungskräften im öffentlichen Dienst.;Maßnahme;misura;var
Ein Erschwerungsgrund ist es insbesondere, wenn der Täter  aus besonders verwerflichen Beweggründen gehandelt hat .;Beweggrund;motivo;var
Ist außer der anderen Person auch diejenige verletzt worden, gegen die der Angriff gerichtet war, so wird gegen den Täter die für das schwerste Verbrechen angedrohte Strafe verhängt, die bis um die Hälfte erhöht wird.;Angriff;offesa;var
Verletzung einer anderen Person als derjenigen, gegen die der Angriff gerichtet war.;Verletzung;offesa;var
Zum Tatbestand der Körperverletzung mit Todesfolge gehört, dass der Tod des Opfers durch eine vorsätzlich begangene Körperverletzung verursacht worden ist, wobei dem Täter gemäß § 18 StGB hinsichtlich der Todefolge Fahrlässigkeit zu Last fallen muss.;Körperverletzung mit Todesfolge;omicidio preterintenzionale;var
Strafgrund der unterlassenen Hilfeleistung ist nach heutiger Rechtsauffassung die dem Allgemeineninteresse zuwiderlaufende Versäumung einer Gelegenheit zu hilfreicher Schadensabwehr.;unterlassen Hilfeleistung;omissione di soccorso;var
Im Rahmen der jährlichen Haushaltsbereitstellung  ist die Landesregierung befugt,  allfällige Geschäftsverluste je nach Ausmaß der Anteile und aufgrund ordnungsmäßiger Beschlüsse der Gesellschaftsorgane durch Aufstockung des Gesellschaftskapitals abzudecken.;Gesellschaftsorgan;organo sociale;var
Die höheren und einfachen Amtsträger der Gerichtspolizei haben die Befugnis, jeden anzuhalten, der bei einem der folgdenden Verbrechen auf frischer Tat angetroffen wird:  Amtsunterschlagung unter Ausnutzung eines Irrtums .;Amtsunterschlagung;peculato;var
Die angedrohte Strafe entscheidet über die Einordnung der Straftat.;angedrohte Strafe;pena edittale;var
Die bedingte Aussetzung der Strafe kann nicht gewährt werden,  wenn neben der verhängten Strafe eine persönliche Sicherungsmaßnahme anzuordnen ist .;bedingte Aussetzung der Strafe;sospensione condizionale della pena;var
Die bedingte Strafaussetzung ist nur zulässig, wenn unter Berücksichtigung der in Artikel 133 bezeichneten Umstände der Richter annimmt, daß der Täter keine weiteren strafbaren Handlungen begehen wird.;bedingte Strafaussetzung;sospensione condizionale della pena;var
"Es spricht gegen eine ernst gemeinte ""Reue"", wenn der Fremde die Begehung von Diebstählen - ungeachtet eines mittlerweile ergangenen rechtskräftigen Strafurteiles - in Abrede stellt.";Reue;pentimento;var
Lebenslange Gefängnisstrafe wird verhängt, wenn die im vorhergehenden Artikel vorgesehene Tat begangen wird  gegen einen Verwandten auf- oder absteigender Linie, sofern  der Täter mit Vorbedacht gehandelt hat.;Vorbedacht;premeditazione;var
Der Grundsatz ist im Gesetz nicht ausdrücklich formuliert, er ergibt sich jedoch aus dem Zusammenhalt der §§ 259 Z. 3 und 258/2. Die Unschuldsvermutung des Art. 6/2 MRK weist in dieselbe Richtung.;Unschuldsvermutung;presunzione di non colpevolezza;var
Es wird damit zwar der Grundsatz der Unmittelbarkeit durchbrochen, das Prinzip der Mündlichkeit jedoch aufrechterhalten.;Grundsatz der Unmittelbarkeit;principio dell'immediatezza;var
Im Gegensatz zu diesem  besteht im Strafprozeß für die StA der Verfolgungszwang, das sogenannte Legalitätsprinzip, und für StA und das Gericht der Grundsatz der Erforschung der materiellen Wahrheit.;Grundsatz der Erforschung der materiellen Wahrheit;principio della ricerca della verità materiale;var
Die These , daß § 226a wegen Verstoßes gegen Art. 103 II GG nichtig sei, geht zu Unrecht davon aus, daß auch Rechtfertigungsgründe dem Bestimmtheitsgrundsatz dieses Artikels unterlägen.;Bestimmtheitsgrundsatz;principio di tassatività;var
Der Grundsatz der Öffentlichkeit erfordert nicht unbedingt, daß die Hauptversammlung im Gerichtssaal stattfinde es ist auch eine Hauptversammlung im Richterzimmer  oder im Krankenzimmer eines Krankenhauses  zulässig.;Grundsatz der Öffentlichkeit;principio di pubblicità;var
Die Umstände und Gründe, die zum Zeitpunkt des Einlegens der Beschwerde hinzugekommen sind, müssen, unter Beachtung des Grundsatzes des rechtlichen Gehörs, im entsprechenden Verfahren angeführt werden.;Grundsatz;principio;var
Das Geschworenengericht verhängte nach § 75 StGB eine Freiheitsstrafe von vierzehn Jahren, wobei es als mildernd den bisherigen ordentlichen Lebenswandel und die Provokation durch das Opfer, als erschwerend keinen Umstand wertete.;Provokation;provocazione;var
Echte Unterlassungsdelikte können nur durch Unterlassung verwirklicht werden, der Erfolg eines unechten Unterlassungsdeliktes hätte auch durch positives Tun herbeigeführt werden können.;unecht Unterlassungsdelikt;reato omissivo improprio;var
Einmal stellt man gegenüber Begehungsdelikte, dh solche, deren Tatbestand ein aktives Tun beschreibt,  und Unterlassungsdelikte, dh solche, deren Tatbestand das Unterlassen einer rechtlich gebotenen Handlung beschreibt .;Begehungsdelikt;reato di azione;var
Eine Strafbarkeit der Amtsträger von Umweltbehörden im Rahmen ihres Verwaltungshandelns ist daher grundsätzlich nur bei den Tatbeständen, die als Allgemeindelikt ausgestaltet sind, möglich .;Allgemeindelikt;reato comune;var
Heute besteht in Wissenschaft und Praxis Übereinstimmung, daß bei den Erfolgsdelikten zwischen der Kausalitätsfrage und der Haftungsfrage streng zu trennen sind.;Erfolgsdelikt;reato di evento;var
Die Verjahrungsfrist beginnt bei der vollendeten strafbaren Handlung mit dem Tag der Vollendung bei der versuchten strafbaren Handlung mit dem Tag, an dem die Tätigkeit des Täters beendet ist .;vollendet strafbar Handlung;reato consumato;var
Dieselben Bestimmungen finden Anwendung, wenn es sich um mehrere Strafbefehle oder um Urteile und Strafbefehle handelt oder wenn die Tat bei Vorliegen einer Idealkonkurrenz zusammen mit anderen Taten oder als Bestandteil einer fortgesetzten strafbaren Handlung beurteilt worden ist .;fortgesetzt strafbar Handlung;reato continuato;var
Die Strafbarkeit ist auch dann ausgeschlossen, wenn infolge der Untauglichkeit der Handlung oder des Fehlens des Handlungsgegenstandes der schädigende oder gefährliche Erfolg unmöglich ist.;Handlungsgegenstand;oggetto materiale del reato;var
Bei Versuch ist tätige Reue nicht möglich, wohl aber bei einer teils versuchten, teils vollendeten strafbaren Handlung in Ansehung des vollendeten Delikts.;tätige Reue;ravvedimento operoso;var
Begeht der Rückfällige eine weitere strafbare Handlung, kann die Strafe  bis um die Hälfte  erhöht werden .;Rückfälliger;recidivo;var
Rechtfertigungsgrund nach § 105 Abs 2 StGB gegeben, wenn ein rechtmäßiger (Wohnungsmitbenützer) Wohnungsbenützer einem tatsächlichen oder vermeintlichen Dieb, der Diebesgut in die Wohnung gebracht haben soll, den Zutritt zur Wohnung verweigert.;Diebesgut;refurtiva;var
Wird bei der Schlägerei jemand getötet oder trägt jemand eine Körperverletzung davon, ist die Strafe für die bloße Beteiligung an der Schlägerei Gefängnisstrafe von drei Monaten bis zu fünf Jahren.;Schlägerei;rissa;var
Wird durch die Freiheitsberaubung aus irgendeinem Grund der Tod des der Freiheit Beraubten als eine vom Täter nicht gewollte Folge verursacht, wird der Täter mit Gefängnisstrafe von dreißig Jahren bestraft.;Freiheitsberaubung;sequestro di persona;var
Entgegen dem Prinzip der Einspurigkeit, das Strafe und Maßregeln miteinander verschmilzt, führte das System der Zweispurigkeit in das Strafrecht ein.;System der Zweispurigkeit;sistema dualistico;var
Im Strafregister werden  auszugsweise eingetragen:  die endgültigen Verfügungen, welche die Anwendung der vorbeugenden Maßnahmen der einfachen Sonderüberwachung oder der Sonderüberwachung mit Aufenthaltsverbot oder Aufenthaltsgebot betreffen.;Aufenthaltsgebot;obbligo di soggiorno;var
Den ehemaligen Königen des Hauses Savoyen, ihren Ehepartnern und ihren männlichen Nachkommen ist die Einreise in das Staatsgebiet und der Aufenthalt im Staatsgebiet untersagt.;Aufenthalt;soggiorno;var
Wenn sich eine Person gegen Entgelt verpflichtet, mit überwiegend eigener Arbeit und ohne zum Besteller in ein Verhältnis der Unterordnung zu treten, ein Werk zu erstellen oder einen Dienst zu leisten, sind die Vorschriften dieses Abschnitts anzuwenden .;Unterordnung;vincolo di subordinazione;var
Man muß zwischen beendetem Versuch, bei dem die Vollendung durch einen actus contrarius abgewendet werden muß, und unbeendetem Versuch unterscheiden, für dessen Straflosigkeit die Unterlassung der Ausführung genügt.;beendet Versuch;tentativo compiuto;var
Auf eine kurze irrige Fehlvorstellung des Täters läßt sich ein fehlgeschlagener Versuch nicht stützen.;fehlgeschlagener Versuch;tentativo mancato;var
"Beim unbeendeten Versuch liegt der Rücktritt des Alleintäters darin, daß er ""die weitere Ausführung der Tat aufgibt"", d.h. die begonnene Tathandlung abbricht.";unbeendet Versuch;tentativo incompiuto;var
Das Versuchsstadium endet mit dem Eintritt der Vollendung der Tat.;Versuchsstadium;fase del tentativo;var
"Für diese Tatbestände besagt die Bedingungstheorie, daß dem Täter strafrechtlich der Erfolg seiner Handlung zuzurechnen ist, wenn diese als Ursache nicht ""hinweggedacht"" werden kann, ohne daß der Erfolg entfiele.";Bedingungstheorie;teoria dell'equivalenza della condizione;var
Diese Formel wertet alle Bedingungen gleich (daher Äquivalenztheorie), greift aber insofern zu weit und wird als Zurechnungskriterium erst auf der Schuldebene begrenzt.;Äquivalenztheorie;teoria dell'equivalenza della condizione;var
Die Tatbestandsmäßigkeit indiziert im Regelfall die Rechtswidrigkeit . Tatbestandsmäßigkeit und Rechtswidrigkeit deuten ihrerseits auf das Vorliegen der Schuld hin.;Tatbestandsmäßigkeit;tipicità;var
Wer einem Dienst- oder Arbeitnehmer ein unzulängliches Entgelt zahlt, kann nicht wegen Wuchers belangt werden.;Wucher;usura;var
Herabwürdigungen anderer Art sind zB das Zerreißen oder Verbrennen einer Fahne, das Besudeln eines Hoheitszeichens, unter besonderen Umständen auch deren bloßes Entfernen oder Unkenntlichmachen.;Herabwürdigung;vilipendio;var
Seit nunmehr sieben Jahren setzen sich die Abteilungen 12 und das Amt 11.6 ein, um das Recycling von Baumaterialien zu perfektionieren und in Pilotprojekten zu testen.;Recycling;riciclo;var
Die Aufgaben der Bezirksarbeitskommissionen  betreffend den Verlust des Rechts auf Arbeitslosengeld und die Streichung aus den Arbeitslosenlisten werden dem Direktor des Arbeitsamtes übertragen.;Arbeitslosengeld;indennità di disoccupazione;var
Eheleute, die einen ausländsichen Minderjährigen zu adoptieren beabsichtigen, haben beim sprengelmäßig zuständigen Jugendgericht die Erklärung der Fähigkeit zur Adoption zu beantragen.;Fähigkeit zur Adoption;idoneità all'adozione;var
Ein solcher Einfluß wird vermutet, wenn in der ordentlichen Gesellschaftsversammlung mindestens ein Fünftel oder, wenn die Gesellschaft an der Börse notierte Aktien hat, ein Zehntel der Stimmrechte ausgeübt werden kann.;an der Börse notiert Aktie;azione quotata in borsa;var
Das Eigentum wird durch Aneignung, durch Fund, durch Zuwachs, durch Verarbeitung, durch Vereinigung oder Vermischung, durch Ersitzung, auf Grund von Verträgen, durch Nachfolge von Todes wegen und durch die anderen vom Gesetz festgesetzten Arten erworben.;Fund;invenzione;var
Der wissentliche Befugnismissbrauch ist als Amtsmissbrauch nur strafbar, wenn er mit Schädigungsvorsatz geschieht hinsichtlich der Schädigung genügt bedingter Vorsatz.;Amtsmissbrauch;abuso d'ufficio;var
Der Vorsatz verlangt das Bewußtsein der unbefugten Amtsanmaßung, ebenso den Willen, ein Amt auszuüben oder eine Handlung vorzunehmen, die nur kraft eines öffentlichen Amts vorgenommen werden darf.;Amtsanmaßung;usurpazione di funzioni pubbliche;var
Der gutgläubige Besitzer, der auch in gutem Glauben eine Erbschaftssache veräußert hat, ist nur zur Herausgabe des erhaltenen Preises oder der erhaltenen Gegenleistung an den Erben verpflichtet.;gutgläubig Besitzer;possessore in buona fede;var
Wird der Beschluß, mit dem die Unzuständigkeit erklärt oder der Anspruch abgewiesen wird, vor dem Beginn des Rechtsstreits in der Sache selbst erlassen, verfügt das Gericht damit endgültig über die Kosten des Sicherungsverfahrens.;Sicherungsverfahren;procedimento cautelare;var
Im Falle der Zerstörung oder des Abhandenkommens der Personenstandsbücher kann die Ehe nach der Bestimmung des Artikels 452 bewiesen werden.;Zerstörung;distruzione;var
Ist das Fehlen, die gänzliche oder zum Teil erfolgte Vernichtung, die Verfälschung oder die Verbergung auf vorsätzliches Verhalten des Antragsstellers zurückzuführen, ist dieser nicht befugt, den Nachweis gemäß der Bestimmung des vorhergehenden Absatzes zu erbringen.;Vernichtung;distruzione;var
Das Stillschweigen des Versicherten gilt als Annahme des Antrags des Versicherers.;Stillschweigen;silenzio;var
Eine Vereinbarung, nach der der Versicherer berechtigt ist, die Prämie nach Vertragsabschluß einseitig zu erhöhen oder den Versicherungsschutz einseitig zu ändern, etwa einen Selbstbehalt einzuführen, ist -  nur mit den sich  ergebenden Einschränkungen wirksam.;Selbstbehalt;franchigia;var
Der Widerruf der falschen Erklärung muß nicht freiwillig erfolgen es genügt auch ein Widerruf auf Andrängen, meist durch den Vernehmenden, mit Androhung von gerichtlicher Verfolgung.;Widerruf;ritrattazione;var
Die Führerscheine müssen dem einheitlichen EU-Führerscheinmuster entsprechen sie werden in  Klassen eingeteilt und berechtigen zum Führen der in der jeweiligen Klasse angeführten Fahrzeuge .;Führerschein;patente di guida;var
Hinsichtlich der Rechtsmittel wird die in Artikel 312 vorgesehene Maßnahme der vorbeugenden Verwahrungshaft gleichgesetzt. Die Vorschriften über die Wiedergutmachung wegen ungerechtfertigter Haft finden Anwendung .;Wiedergutmachung wegen ungerechtfertigter Haft;riparazione per l'ingiusta detenzione;var
Im Zweifel hat jedes Mitglied – einschließlich des Vorsitzenden – eine Stimme und ist ein Antrag nur beschlossen, wenn die Mehrzahl der anwesenden Stimmberechtigten (Abstimmungs- bzw. Konsensquorum) gültig für den Antrag gestimmt hat ….;Konsensquorum;quorum dei voti;var
Der Vollkaufmann hat Bücher zu führen und darin seine Handelsgeschäfte und die Lage seines Geschäftsvermögens nach den Grundsätzen ordnungsmäßiger Buchführung (GoB) ersichtlich zu machen;Bücher;scritture contabili;var
Die Geschäftsführer haben die von Artikel 2214 vorgeschriebenen Bücher und sonstigen Rechnungsunterlagen zu führen.;Bücher;scritture contabili;var
In der Praxis unterscheidet man zwischen einem äußeren (objektiven) und einem inneren (subjektiven) Tatbestand dieser wird auch öfters die (innere) Tatseite oder (was freilich vielfach abgelehnt wird) Schuldform (Vorsatz oder Fahrlässigkeit) genannt.;subjektiver Tatbestand;elemento soggettivo;var
Die Zivilklage wird im Strafverfahren durch die Einlassung der Zivilpartei auch mittels eines besonders Bevollmächtigten erhoben.;Einlassung der Zivilpartei;costituzione di parte civile;var
In einigen Ländern Europas ist die Leiharbeit ein bewährtes Instrument zur Flexibilisierung des Arbeitsmarktes.;Leiharbeit;interinale;var
Der Leiharbeiter kostet  um ein Viertel bis ein Drittel mehr als der Mitarbeiter, den er im Betrieb ersetzt.;Leiharbeiter;lavoratore in affitto;var
Vorzugsrechte, Pfand und Hypotheken der ursprünglichen Forderung erlöschen, wenn die Parteien nicht ausdrücklich vereinbaren, sie für die neue Forderung aufrechtzuerhalten.;Vorzugsrecht;privilegio;var
Die vereinfachte Buchführung umfaßt wenigstens die Verbuchung der Einnahmen und Ausgaben mit Belegen sowie die Aufstellung einer Jahresbilanz über den Stand der Aktiva und Passiva des Betriebes.;vereinfachte Buchführung;contabilità semplificata;var
Bundesbetriebe, die nach den Regeln der kaufmännischen doppelten Buchführung buchen, stellen einen Jahresabschluß sowie einen Lagebericht  auf.;doppelt Buchführung;contabilità a partita doppia;var
Die sich auf das Schiff, auf das Frachtgeld und auf die geladenen Sachen erstreckenden Vorzugsrechte und die sich auf das Luftfahrzeug, auf das Frachtgeld und auf die geladenen Sachen erstreckenden Vorzugsrechte werden vom Seegesetzbuch geregelt.;Frachtgeld;nolo;var
"Ab einer gewissen Betriebsgröße muss sich ein Einzelunternehmer in das Handelregister eintragen lassen. Er führt dann zwingend den Rechtsformzusatz ""eingetragener Kaufmann"", ""eingetragene Kauffrau"" oder eine der entsprechenden Abkürzungen ""e.K."", ""e.Kfr."" oder ""e.Kfm."".";Einzelunternehmer;imprenditore individuale;var
Der Grund für das Erlöschen einer strafbaren Handlung, die Tatbestandsmerkmal oder erschwerender Umstand einer zusammengesetzten strafbaren Handlung ist, erstreckt sich nicht auf die zusammengesetzte strafbare Handlung.;zusammengesetzte strafbare Handlung;reato complesso;var
Gegen das Konkurseröffnungsurteil kann vom Schuldner und von einem jeden, der ein Interesse daran hat, mit einem innerhalb von dreißig Tagen beim Oberlandesgericht zu hinterlegenden Rekurs Berufung erhoben werden.;Konkurseröffnungsurteil;sentenza dichiarativa di fallimento;var
Steht die Wahlbefugnis dem Gläubiger zu und übt sie dieser nicht innerhalb der festgesetzten Frist oder der ihm vom Schuldner gesetzten Frist aus, so geht die Wahl auf den letzteren über.;Wahlbefugnis;facoltà di scelta;var
Die Kollektivvertragsverhandlungen umfassen alle Bereiche des Arbeitsverhältnisses, mit Ausnahme jener, die dem Gesetz, den Rechtsnormen und den Verwaltungsmaßnahmen  vorbehalten sind.;Kollektivvertragsverhandlungen;contrattazione collettiva;var
Für die Kollektivverhandlungen auf Landesebene werden jene Gewerkschaftsorganisationen als repräsentativ erachtet, die, auch im Falle von gewerkschaftlichen Zusammenschlüssen, eine Anzahl von Eingeschriebenen von nicht weniger als fünf Prozent des gesamten Personals  aufweisen.;Kollektivverhandlungen;contrattazione collettiva;var
Überstundenarbeit ist gesetzlich erlaubt, wenn zwischen den Parteien ein Abkommen erzielt wird, und kann bis 2 Stunden täglich bzw. 12 Stunden wöchentlich gehen (d.h. über die gesetzliche Arbeitszeit von 8 Stunden täglich und 48 Stunden wöchentlich hinaus).;Überstundenarbeit;lavoro straordinario;var
Wenn eine Partei durch Tod oder aus einem anderen Grund ausfällt, wird das Verfahren vom Gesamtrechtsnachfolger oder gegen diesen fortgesetzt .;Gesamtrechtsnachfolger;successore universale;var
Folglich werden die Erbschaftsgläubiger und die Vermächtnisnehmer hinsichtlich des Erbschaftsvermögens den Gläubigern des Erben gegenüber bevorzugt.;Erbschaftsvermögen;patrimonio ereditario;var
Gläubiger des Verstorbenen können die Absonderung auch hinsichtlich solcher Sachen vornehmen, die Gegenstand des Vermächtnisses einer bestimmten Sache sind.;Vermächtnis ein bestimmt Sache;legato di specie;var
Bei Arbeitsverhältnissen, die Hausarbeit, Telearbeit oder Smart Working vorsehen, muss der Arbeitgeber dem Arbeitnehmer die Achtung seiner Persönlichkeit und seiner moralischen Freiheit gewährleisten;Telearbeit;telelavoro;var
Die Steuerpflichtigen können die Einzahlungen auch bei jeglicher Bank ihres ausländischen Wohnsitzes mittels Überweisung in Lire  vornehmen.;Überweisung;bonifico bancario;var
Wenn ein unterhaltsberechtigtes Familienmitglied, das mit dem Bewerber im gemeinsamen Haushalt lebt, Versehrter oder Kriegs-, Arbeits- oder Zivilinvalide ist, werden, ebenfalls nach Maßgabe der Verminderung der Arbeitsfähigkeit oder der Kategorie der bezogenen Kriegspension, folgende Punkte zuerkannt .;unterhaltsberechtigtes Familienmitglied;familiare a carico;var
Die Gläubiger der Gesellschaft, die bei der Liquidation der Gesellschaft nicht befriedigt worden sind, können ihre Forderungen auch gegenüber den Kommanditisten begrenzt auf den Liquidationsanteil geltend machen.;Liquidation der Gesellschaft;liquidazione della società;var
Schuldner und Gläubiger haben sich nach den Grundsätzen der Redlichkeit zu verhalten.;Redlichkeit;correttezza;var
Kann der Erfüllungsort weder aus der Verabredung noch aus der Natur oder dem Zwecke des Geschäftes bestimmt werden, so ist an dem Orte zu leisten, wo der Schuldner  seinen Wohnsitz hatte.;Erfüllungsort;luogo dell'adempimento;var
Wenn jedoch nach den Gebräuchen oder wegen der Art der Leistung oder wegen der Art oder dem Ort der Erfüllung eine Frist notwendig ist, so wird diese in Ermangelung einer Einigung der Parteien vom Gericht festgesetzt.;Ort der Erfüllung;luogo dell'adempimento;var
Hat der Verpflichtete die Erfüllungszeit seiner Willkür vorbehalten so muß man entweder seinen Tod abwarten  oder , die Erfüllungszeit von dem Richter nach Billigkeit festsetzen lassen.;Erfüllungszeit;tempo dell'adempimento;var
Die den Fruchtgenuss betreffenden Bestimmungen finden, soweit sie vereinbar sind, auf den Gebrauch und auf das Wohnungsrecht Anwendung.;Wohnungsrecht;abitazione;var
Lastet auf einer Eigentumswohnung eines Mitgliedes der Familiengemeinschaft ein Wohnrecht, das nicht ausgeübt wird, wird die Wohnung als für die Familiengemeinschaft verfügbar berücksichtigt.;Wohnrecht;diritto di abitazione;var
Die Organisation zur Förderung des Gemeinwesens ist ein privatrechtlicher Zusammenschluss von Personen, welcher als anerkannter oder nicht anerkannter Verein oder sonstige Gruppierung durch schriftliche Urkunde gegründet wird .;anerkannter Verein;associazione con personalità giuridica;var
Vorschriften über den Schutz der Freiheit und Würde der Arbeitnehmer, der Gewerkschaftsfreiheit und der gewerkschaftlichen Tätigkeit am Arbeitsplatz und Vorschriften über die Arbeitsvermittlung.;Gewerkschaftsfreiheit;libertà di associazione sincacale;var
Sowohl bei formpflichtigen Rechstgeschäfte  als auch bei formfreien Rechtsgeschäften  müssen die beteiligten Rechtssubjekte ihren Willen klar, deutlich und verständlich in irgendeiner geeigneten Art und Weise nach außen kundtun.;formpflichtiges Rechtsgeschäft;negozio giuridico formale;var
Sowohl bei formpflichtigen Rechstgeschäfte  als auch bei formfreien Rechtsgeschäften  müssen die beteiligten Rechtssubjekte ihren Willen klar, deutlich und verständlich in irgendeiner geeigneten Art und Weise nach außen kundtun.;formfrei Rechtsgeschäft;negozio giuridico a forma libera;var
Der Vertrag ist die Einigung von zwei oder mehreren Parteien, um untereinander ein vermögensrechtliches  Rechtsverhältnis zu begründen, zu regeln oder aufzuheben.;Rechtsverhältnis;rapporto giuridico;var
Die Zahlung hat an den Gläubiger oder an seinen Vertreter oder an die vom Gläubiger bezeichnete oder gesetzlich oder gerichtlich zum Empfang ermächtigte Person zu erfolgen.;Vertreter;rappresentante;var
Stellvertretung ist ausgeschlossen bei höchstpersönlichen Rechtsgeschäften. Das gilt vor allem für die Eheschließung , die Begründung der Lebenspartnerschaft , die Testamentserrichtung , den Erbvertrag .;höchstpersönlich Rechtsgeschäft;negozio giuridico personalissimo;var
Die Nichtigkeit oder die Nichtigerklärung des Arbeitsvertrages hat keine Wirkung für die Zeit, während der das Arbeitsverhältnis zur Ausführung gelangt ist, es sei denn, daß die Nichtigkeit auf der Unerlaubtheit des Gegenstandes oder des Rechtsgrundes beruht.;Unerlaubtheit;illiceità;var
Bei der Verschmelzung durch Aufnahme kann jedoch ein späterer Tag festgesetzt werden.;Verschmelzung durch Aufnahme;fusione per incorporazione;var
Wer als Vertreter ohne Vertretungsmacht oder in Überschreitung der Grenzen der ihm erteilten Befugnisse einen Vertrag abgeschlossen hat, ist für den Schaden verantwortlich, den der vertragsschließende Dritte erlitten hat, weil er schuldlos auf die Gültigkeit des Vertrags vertraut hat.;Vertreter ohne Vertretungsmacht;falsus procurator;var
Die übernehmende Gesellschaft darf keine Aktien oder Anteile im Austausch für Aktien oder Anteile der übertragenden Gesellschaften zuteilen, die den übertragenden Gesellschaften oder der übernehmenden Gesellschaft unmittelbar oder über Treuhandgesellschaften oder über eine vorgeschobene Person gehören.;übernehmende Gesellschaft;società beneficiaria;var
Typ und Materialien der Bodenbeläge auf den Flächen, welche mit öffentlichem Wegerecht belegt sind, müssen vorher mit den zuständigen Gemeindeämtern vereinbart werden.;Wegerecht;servitù di passaggio;var
Die aus der Verschmelzung hervorgehende Gesellschaft darf keine Aktien oder Anteile im Austausch für Aktien oder Anteile der an der Verschmelzung beteiligten Gesellschaften zuteilen .;aus der Verschmelzung hervorgehende Gesellschaft;società risultante dalla fusione;var
Der Rechtserwerb kann  von einem Rechtsvorgänger abgeleitet sein abgeleiteter, derivativer Rechtserwerb ... oder unabhängig hiervon kraft eines besonderen Erwerbsgrundes stattfinden ursprünglicher, originärer Rechtserwerb....;Rechtserwerb;acquisto di un diritto;var
Die Umwandlung einer Gesellschaft befreit die unbeschränkt haftenden Gesellschafter nicht von ihrer Haftung für die vor der Eintragung des Umwandlungsbeschlusses in das Handelsregister entstandenen Verbindlichkeiten .;Umwandlungsbeschluss;deliberazione di trasformazione;var
Auf Beschlüsse, die die Haftung der Gesellschafter gegenüber Dritten einschränken, finden die Bestimmungen des Artikels 2499 Anwendung.;Haftung der Gesellschafter;responsabilità dei soci;var
Der ursprüngliche Effektivsatz jeder Forderung bleibt zeitlich unverändert, auch wenn eine Umstrukturierung des Verhältnisses zu einer Veränderung des Vertragssatzes geführt hat und das Verhältnis in der Praxis keine Vertragszinsen mehr abwirft.;Vertragszinsen;interessi convenzionali;var
Für die Überweisung des behaupteten Betrages von US-Dollar 36.000,-- habe die Beschwerdeführerin nur einen Überweisungsbeleg über US-Dollar 2.000,-- und eine Zahlungsanweisung der Bank von Amerika über US-Dollar 500,--vorlegen können.;Zahlungsanweisung;delegazione di pagamento;var
Die zur Gesamtvertretung berechtigten Gesellschafter können einzelne von ihnen zur Vornahme bestimmter Geschäfte  ermächtigen.;Gesamtvertretung;rappresentanza congiuntiva;var
Die einheitliche Leitung und Verwaltung eines Konzerns wird häufig von einer Holding wahrgenommen.;Holding;holding;var
Der Bevölkerung obengenannter Gebiete Provinz Bozen und benachbarte zweisprachige Gemeinden der Provinz Trient wird die Ausübung einer autonomen Gesetzgebungs- und Vollzugsgewalt für den Bereich ihrer Gebiete zuerkannt.;Vollzugsgewalt;potere esecutivo;var
Die Schuldübernahme kann auf einem Vertrag zwischen Alt- und Neuschuldner beruhen (§ 1405). Dazu bedarf es dann noch der Einwilligung des Gläubigers, weil die Zahlungsfähigkeit und Zahlungswilligkeit des Schuldners die Qualität der Forderung wesentlich mitbestimmen .;Zahlungsfähigkeit;solvibilità;var
Die Gesellschaft kann Schuldverschreibungen auf den Inhaber oder auf den Namen über einen Betrag ausgeben, der das nach der letzten genehmigten Bilanz eingezahlte und vorhandene Kapital nicht übersteigen darf.;Schuldverschreibung;obbligazione societaria;var
Schuldverschreibung ist die deutsche Bezeichnung für Obligation im Sinne einer in einem Wertpapier verbrieften Schuldverpflichtung, die eine verzinsliche Geldleistung zum Inhalt hat.;Schuldverschreibung;obbligazione societaria;var
Jene, die noch nicht eingelöste Aktien übertragen haben, haften für einen Zeitraum von drei Jahren ab der Übertragung als Gesamtschuldner mit den Erwerbenden für den Betrag der noch nicht geschuldeten Einzahlungen.;noch nicht eingelöst Aktie;azione non interamente liberata;var
Der Großaktionär will das Unternehmen beherrschen, in ihm eine unternehmerische Betätigungsmöglichkeit für sich selbst oder nahestehende Personen finden .;Großaktionär;azionista imprenditore;var
Die Erfordernisse eines Vertrages sind: 1) die Einigung der Parteien  2) der Rechtsgrund  3) der Gegenstand  4) die Form .;Einigung der Parteien;accordo delle parti;var
Häufig wird zwischen die Muttergesellschaft im Stammland und den Unternehmenseinheiten in den Gastländern eine Holding- oder Basisgesellschaft eingezogen, welche die Funktion der Beteiligungsverwaltung einnimmt (Finanzholding).;Finanzholding;holding finanziaria;var
Bei Formpflicht ad probationem in eine Rechtsgeschäft auch bei Missachtung der Form wirksam. Allerdingd kann das Zustandekommen des Rechtsgeschäft ldiglich mithilfe der jeweils vorgegebenen Form bewiesen werden.;Formpflicht ad probationem;forma ad probationem;var
Die Bedeutung der Bedingung liegt für die Parteien darin, daß sie die Rechtsverhältnisse den Eventualitäten anpassen können, deren Eintritt oder Nichteintritt im Zeitpunkt des Abschlußes des Rechtsgeschäftes noch nicht übersehbar ist.;Bedingung;condizione volontaria;var
Zudem ist die kausalbedingung von der Potestativbedingung zu unterscheiden.;kausalbedingung;condizione casuale;var
Die Arglist ist Grund für die Nichtigerklärung des Vertrages , wenn die von einem der Vertragsteile vorgenommenen Täuschungshandlungen derart sind, daß die andere Partei ohne diese den Vertrag nicht abgeschlossen hätte .;Arglist;dolo;var
Die Voraussetzungen müssen zum Endtermin für die Einreichung des Gesuches um Zulassung zum Praktikum gegeben sein.;Endtermin;dies ad quem;var
Das Gesellschaftskapital kann durch Beschluss der Gesellschafterversammlung mittels Bar- oder Sacheinlagen erhöht werden.;Bar- oder Sacheinlagen;conferimento di beni;var
Die  Vorschriften über den Mindestnennbetrag der Aktien gelten auch für Anteilscheine, die den Aktionären vor der Ausgabe der Aktien erteilt werden (Zwischenscheine).;Anteilschein;certificato di quota;var
Die Nichtigkeit ist in der Regel unheilbar. Das Geschäft wird nicht von selbst wirksam, wenn der Nichtigkeitsgrund später wegfällt.;Nichtigkeit;nullità;var
Die Rechtswirksamkeit oder die Vollziehbarkeit der Verwaltungsmaßnahme kann aus schwerwiegenden Gründen für die unbedingt erforderliche Zeit vom Organ, das die Maßnahme erlassen hat, oder von einem anderen vom Gesetz vorgesehenen Organ ausgesetzt werden.;Verwaltungsmaßnahme;provvedimento amministrativo;var
Der Direktor der zuständigen Abteilung  verfügt die Archivierung des Verfahrens, sobald die abschließende Maßnahme mitgeteilt oder durchgeführt ist .;abschließende Maßnahme;atto finale;var
Der Gesellschaft bleibt es unbenommen, für Beiträge der Gesellschafter oder Dritter einschließlich solcher aus Arbeits- und Dienstleistungen Finanzinstrumente auszugeben, die mit Vermögensrechten oder auch mit Verwaltungsrechten mit Ausnahme des Stimmrechts in der Generalversammlung der Aktionäre ausgestattet sind.;Verwaltungsrecht;diritti di amministrazione;var
Der gesetzliche Zinssatz wird mit jährlich fünf Prozent festgesetzt.;gesetzlich Zinssatz;tasso legale;var
Die Republik Österreich ist als Trägerin von Rechten und Pflichten im Rahmen der Privatwirtschaftsverwaltung ein einheitliches Rechtssubjekt ohne Rücksicht auf die Aufgliederung in einzelne Ressorte oder Ämter.;Rechtssubjekt;soggetto di diritto;var
Die Unterlassung oder die Mangelhaftigkeit einer vorgeschriebenen Mitteilung kann nur von einem Rechtsträger beanstandet werden, in dessen unmittelbarem Interesse die Mitteilung vorgesehen ist.;Rechtsträger;soggetto giuridico;var
Sofern eine Straße mit öffentlichem Verkehr im Sinne des § 1 Abs 1 StVO Straßenverkehrsordnung vorliegt, besitzt der Grundeigentümer und Straßenerhalter keinen privatrechtlich durchsetzbaren Anspruch, gegen Verstöße von Verkehrsteilnehmern gegen Vorschriften der Straßenverkehrsordnung einzuschreiten.;StVO;codice della strada;var
Das Gericht kann mit Zustimmung des Täters an Stelle der ausgesprochenen Busse gemeinnützige Arbeit bis zu 360 Stunden anordnen.;gemeinnützige Arbeit;LPU;var
Die Landesregierung entscheidet darüber innerhalb von 30 Tagen, nötigenfalls mit der Annullierung der Konzession und mit dem unmittelbaren Erlaß der in Artikel 89 erwähnten Verfügungen.;Annullierung;annullamento;var
Das Privateigentum wird durch Gesetz anerkannt und gewährleistet, welches die Arten seines Erwerbs, seines Genusses und die Grenzen zu dem Zwecke regelt, seine sozialen Aufgaben sicherzustellen und es allen zugänglich zu machen.;Grenzen;limiti;var
Steht dem Erblasser die Forderung gegen den Legatar selbst zu, bedeutet das Vermächtnis Befreiung des Legatars von der Schuld (Befreiungsvermächtnis).;Befreiungsvermächtnis;legato di liberazione da un debito;var
Mit der Volljährigkeit wird die Fähigkeit erworben, alle Rechtshandlungen vorzunehmen, für die nicht ein anderes Alter vorgeschrieben ist.;Volljährigkeit;maggiore età;var
Der vom Vertreter im Namen und im Interesse des Vertretenen abgeschlossene Vertrag wirkt innerhalb der Grenzen der ihm erteilten Befugnisse unmittelbar gegenüber dem Vertretenen.;vertretener;rappresentato;var
Der Vorsitzende erteilt sofort nach seinem Amtsantritt einem der Mitglieder des Vorstandes die Generalvollmacht, ihn bei Abwesenheit oder Verhinderung zu vertreten.;Generalvollmacht;procura generale;var
Wird die Konzession für nichtig erklärt und ist es nicht möglich, die Verfahrensfehler zu beheben oder den ursprünglichen Zustand wiederherzustellen, so hat der Bürgermeister eine Geldbuße  zu verhängen .;Verfahrensfehler;vizio del procedimento amministrativo;var
Der mit den Einzahlungen säumige Gesellschafter kann das Stimmrecht nicht ausüben.;Stimmrecht;diritto di voto;var
Gratisaktien (Freiaktien) werden den Aktionären ohne Einlagenleistung aufgrund der Umwandlung offener Rücklagen in Grundkapital zugeteilt .;Gratisaktie;azione gratuita;var
Der Tag der Trauung, kirchlich oder standesamtlich, muss im beantragten Zeitraum für bezahlten Sonderurlaub enthalten sein.;Trauung;nozze;var
In folgenden Fällen haben die Bediensteten Anspruch auf bezahlten Sonderurlaub, wobei der jeweilige Grund belegt werden muß: a) bei Heirat: fünfzehn aufeinanderfolgende Tage, in denen der Hochzeitstag enthalten ist, ….;Heirat;matrimonio;var
Mit der Eheschließung erwerben Ehemann und Ehefrau die gleichen Rechte und übernehmen die gleichen Pflichten.;Eheschließung;matrimonio;var
Der Schuldner, der einen Geldbetrag oder eine andere vertretbare Sache als Darlehen aufnimmt, um eine Schuld zu bezahlen, kann den Darlehensgeber auch ohne Zustimmung des Gläubigers in dessen Rechte einsetzen.;vertretbare Sache;cosa fungibile;var
Besteht die Leistung in einer Handlung, so wird der Gläubiger durch die Aufforderung, die Leistung entgegenzunehmen oder jene Handlungen vorzunehmen, die seiner Seite zur Ermöglichung der Leistung erforderlich sind, in Verzug gesetzt.;Handlung;fare;var
Eine Gesamtschuld liegt vor, wenn mehrere Schuldner alle in der Weise zu ein und derselben Leistung verpflichtet sind, daß ein jeder zur Erfüllung des Ganzen gezwungen werden kann .;Gesamtschuld;condebito;var
Der Umstand, daß die einzelnen Schuldner jeweils unter anderen Bedingungen verpflichtet sind  oder daß der gemeinsame Schuldner den einzelnen Gläubigern gegenüber zu jeweils anderen Bedingungen verpflichtet ist, schließt ein Gesamtschuldverhältnis nicht aus.;Gesamtschuldverhältnis;solidarietà;var
Zu den rechtlich geschützten Gütern gehört nicht nur, was man bereits von Rechts wegen hat, sondern  auch schon das, was einem rechtlich bindend versprochen worden ist. Im Vordergrund der vertraglichen Haftung steht daher im deutschen Recht der Erfüllungsanspruch.;vertraglich Haftung;responsabilità contrattuale;var
Für das Konkursverfahren ist der Gerichtshof erster Instanz (Konkursgericht) zuständig, in dessen Sprengel der Gemeinschuldner sein Unternehmen betreibt oder mangels eines solchen seinen gewöhnlichen Aufenthalt hat.;Konkursgericht;tribunale fallimentare;var
Die Verkäuferin verpflichtet sich, beim Abschluss des notariellen Kaufvertrages auf eigene Spesen eine Löschungsquittung zur Einverleibung der Löschung der Hypothek auf den vertragsgegenständlichen materiellen Anteil mit der Bank abzuschließen.;Löschungsquittung;quietanza liberatoria;var
Eine Funktion in der Verwaltung ist öffentlich, wenn sie durch Vorschriften des öffentlichen Rechts oder durch behördliche Entscheidung geregelt und durch die Willensbildung und Willensäußerung der öffentlichen Verwaltung oder durch ihre Ausübung mittels behördlicher oder beurkundender Befugnisse gekennzeichnet ist.;Willensäußerung;manifestazione di volontà;var
Der eingeforderte Betrag muß mindestens ein Viertel des Nennbetrages und bei einer Überpari-Emission auch den Mehrbetrag (das Aufgeld) umfassen.;Aufgeld;sovraprezzo;var
Ein gültiger Vertrag liegt nicht vor, wenn sich die Parteien über wesentliche Vertragsbestandteile  nicht geeinigt haben .;wesentliche Vertragsbestandteile;requisiti del contratto;var
Folglich kann auch die verspätete Annahme keinen Vertrag zustande bringen sie gilt lediglich nach 150 I BGB als neuer Antrag (diesmal als Antrag des anderen Teils).;neuer Antrag;controproposta;var
Der Vorkauf hat nach §§ 504, 505 BGB drei Voraussetzungen: ein vertragliches oder gesetzliches Vorkaufsrecht, einen Drittkauf als Vorkaufsfall und die Ausübung des Vorkaufsrechts.;vertragliches Vorkaufsrecht;prelazione contrattuale;var
Der Leasinggeber ist der direkte Begünstigte der EU-Mitfinanzierung, die dazu eingesetzt wird, die vom Benutzer für das Gut, das Gegenstand des Leasingvertrages ist, zu gezahlten Mitzins herabzusetzen.;Leasinggeber;concedente;var
Die Firma der Gesellschaft hat, wie immer sie lautet, die Bezeichnung Genossenschaft mit unbeschränkter Haftung oder Genossenschaft mit beschränkter Haftung zu enthalten.;Genossenschaft;cooperativa;var
Die Ehegatten haben die im vorhergehenden Artikel vorgesehene Verpflichtung entsprechend dem jeweiligen Vermögen und ihren Fähigkeiten zur Berufsausübung oder Haushaltsführung zu erfüllen.;Verpflichtung;obbligazione;var
Für Verbindlichkeiten, die durch die den Verein vertretenden Personen eingegangen worden sind, können sich Dritte wegen ihrer Ansprüche an das gemeinschaftliche Vermögen halten.;Verbindlichkeit;obbligazione;var
Geldschulden werden mit Geld in der zur Zeit der Zahlung im Inland geltenden Währung und zu seinem Nennwert getilgt.;Nennwert;valore nominale;var
Gegen das Dekret, das den Schuldenstand für vollstreckbar erklärt, kann Widerspruch, Bestreitung der zugelassenen Forderungen oder Wiederaufnahme eingelegt werden.;zugelassen Forderung;credito ammesso;var
Die sich aus der Abweichung allenfalls ergebenden Gewinne sind in eine Rücklage einzustellen, die nur im Ausmaß des erlangten Gegenwerts verteilt werden darf.;Rücklage;riserva;var
Zur Bestimmung der gemeinsamen Absicht der Parteien ist ihr gesamtes Verhalten auch nach Vertragsabschluß zu bewerten.;gemeinsam Absicht der Partei;comune volontà delle parti;var
Das vertraglich festgesetzte Veräußerungsverbot wirkt nur zwischen den Parteien und ist nur gültig, wenn es in angemessenen zeitlichen Grenzen gehalten wird  und wenn es einem nennenswerten Interesse, einer der Parteien entspricht .;vertraglich festgesetzt Veräußerungsverbot;patto di non alienazione;var
Zur Anwendung der Ziffern 1) und 2) des ersten Absatzes werden auch die Stimmrechte gezählt, die abhängigen Gesellschaften, Treuhandgesellschaften oder einer vorgeschobenen Person zustehen Rechte, die für Dritte zustehen, werden nicht gezählt.;vorgeschoben Person;interposto;var
Das Geständnis kann nur dann widerrufen werden, wenn bewiesen wird, daß es durch einen Irrtum über den Tatumstand oder durch Zwang bestimmt war.;Irrtum über den Tatumstand;errore di fatto;var
Das Land Südtirol ergreift beschäftigungspolitische Maßnahmen, um in Zusammenarbeit mit den Sozialpartnern einen Beitrag zur Verwirklichung des Rechts auf Arbeit und auf beruflichen Aufstieg zu leisten .;Sozialpartner;organizzazione stipulante;var
Die Zusammensetzung der Delegation des Institutes und der repräsentativsten Gewerkschaftsorganisationen wird einvernehmlich zwischen den Tarifpartnern gemäß Artikel 6 Absatz 2 des Landesgesetzes vom 13. März 1990, Nr. 6 festgelegt.;Tarifpartner;organizzazione stipulante;var
Vorsatz und Fahrlässigkeit sind  die beiden Formen der Schuld.;Schuld;colpevolezza;var
Beruht die Nichterfüllung oder die Verspätung nicht auf Vorsatz des Schuldners, so wird der Ersatz auf den Schaden beschränkt, der im Zeitpunkt der Entstehung der Verbindlichkeit  vorausgesehen werden konnte.;Vorsatz;dolo;var
Die informierte Einwilligung wird auf die Art und Weise und mit den Mitteln, die je nach Zustand des Patienten am besten geeignet sind, eingeholt und schriftlich oder durch Videoaufzeichnungen oder durch Kommunikationshilfen für Menschen mit Behinderung dokumentiert.;informierte Einwilligung;consenso informato;var
Der Zusammenhang wirkt  nicht zwischen Verfahren gegen einen Angeklagten wegen strafbarer Handlungen, die er einerseits als Minderjähriger und andererseits als Volljähriger begangen hat.;Volljähriger;maggiore di età;var
Sehr schwere Körperverletzung liegt vor und Gefängnisstrafe von sechs bis zu zwölf Jahren wird verhängt, wenn die Tat zur Folge hat:  den Verlust des Gebrauchs eines Organs oder der Fortpflanzungsfähigkeit .;Fortpflanzungsfähigkeit;capacità di procreare;var
Aus der Ehe entspringt die gegenseitige Pflicht zur Treue, zum geistigen und materiellen Beistand, zur Mitarbeit im Interesse der Familie und zum Zusammenleben.;Pflicht zur Treue;obbligo di fedeltà;var
Die Vergütung für Regulierungsapparate kann zweimal gewährt werden, wenn die minderjährige Person die Feststellung der Behinderung und Schweregrades besitzt.;minderjährige Person;minorenne;var
Ein Vertrag kann nicht für nichtig erklärt werden, wenn ein Minderjähriger mit Täuschungshandlungen seine Minderjährigkeit verheimlicht hat .;Minderjähriger;minore;var
Der Schuldner verliert sein Recht auf Ratenzahlung, wenn er es unterlässt, fünf auch nicht aufeinanderfolgende Raten zu zahlen.;Rate;rata;var
Die Eintragung in die zusätzliche Wählerliste gilt von dem Tag an, an dem der Staatsbürger nach den geltenden Gesetzen in das Personenstandsregister der ansässigen Bevölkerung der Zuwanderungsgemeinde im Gebiet der genannten Region eingetragen wird.;Personenstandsregister;registro dello stato civile;var
Der Schenker kann den Heimfall der geschenkten Sachen sowohl für den Fall des früheren Versterbens des Beschenkten allein wie auch für den Fall des früheren Versterbens des Beschenkten und seiner Nachkommen vereinbaren.;Heimfall;riversibilità;var
Bei der Führung von Verhandlungen und bei der Errichtung des Vertrages haben sich die Parteien nach Treu und Glauben zu verhalten.;Verhandlungen;trattative;var
Leasinggeber ist entweder eine Leasinggesellschaft (indirektes Leasing) oder der Hersteller/Produzent des Wirtschaftsgutes (direktes Leasing). Hauptpflicht des Leasinggebers ist es, dem Leasingnehmer das Leasingobjekt auf bestimmte Zeit zum Gebrauch zur Verfügung zu stellen.;direktes Leasing;leasing del fornitore;var
Leasingobjekte im Bereich des Kommunalleasing sind u.a. Verwaltungsgebäude, Parkhäuser oder auch Kraftwerke.;Kommunalleasing;leasing finanziario agli enti pubblici;var
Die Kreditgeberin muss der Informationsstelle den von ihr gewährten Konsumkredit melden.;Konsumkredit;credito al consumo;var
Das Landesinstitut für Statistik (Astat) hat festgestellt, dass der jährliche effektive Globalzinssatz (TAEG) für ein Hypothekardarlehen sowohl mit variablem als auch mit fixem Zinssatz 7,3% erreicht.;TAEG;TAEG;var
Für die Bildung des Beratenden Ausschusses gemäß Artikel 18 des Vertrags haben die Regierungen der Kommission, sobald diese ihre Tätigkeit aufgenommen hat, alle Auskünfte über die Verhältnisse der Erzeuger-, Arbeitnehmer- und Verbraucherorganisationen mitzuteilen .;Verbraucherorganisation;associazione dei consumatori;var
Wird der gleiche wirtschaftliche Zweck dadurch verfolgt, daß ein Dritter die Mittel für das Entgelt zur Verfügung stellt (Geldgeber), , so gilt der § 17 auch für das Verhältnis des Verbrauchers zum Geldgeber, .;Geldgeber;finanziatore;var
Erst nach Ausübung der Kaufoption wird das Anlagegut zur Ablösesumme (meistens geringer als der Marktwert) inklusive Nebenspesen aktiviert und führt in den Folgejahren zu Abschreibungen.;Ausübung der Kaufoption;esercizio del diritto d'opzione;var
Während das Zivilrecht durch die Privatautonomie geprägt und damit geradezu auf den Vertrag als Gestaltungsmittel ausgerichtet ist, wird das Verwaltungsrecht durch den Grundsatz der Gesetzmäßigkeit beherrscht.;Grundsatz der Gesetzmäßigkeit;principio di legalità;var
Aufgabe der drei Pädagogischen Landesforschungs-, Versuchs- und Fortbildungsinstituten ist es  die wichtigsten Initiativen in den Bereichen der Forschung, der Schulversuche und der Fortbildung durch geeignete Veröffentlichungen bekanntzugeben.;Fortbildung;aggiornamento;var
Um den Bürgern den Zutritt zum Arbeitsmarkt zu erleichtern, kann das Land jede Maßnahme ergreifen, die geeignet ist  die berufliche Weiterbildung und die Umschulung der Arbeitnehmer zu unterstützen .;berufliche Weiterbildung;aggiornamento professionale;var
Wer auf Friedhöfen oder anderen Begräbnisstätten eine Beschimpfung von Gräbern, Beisetzungsstätten, Urnen oder Sachen begeht, die dem Gedenken der Verstorbenen oder dem Schutz der Ausschmückung der Friedhöfe dienen, wird mit Gefängnisstrafe von sechs Monaten bis zu drei Jahren bestraft.;Beschimpfung von Gräbern;vilipendio delle tombe;var
Gefördert werden können die Herstellung von beweglichen und unbeweglichen Investitionsgütern in Form von Eigenleistungen, der Besitzerwerb durch Leasing sowie Maßnahmen zur Sicherung der Nahversorgung.;Leasing;leasing;var
Das Eigentum ist öffentlich oder privat. Die wirtschaftlichen Güter gehören dem Staat, Körperschaften oder Einzelpersonen.;wirtschaftlich Gut;bene economico;var
CH Ktxt: Am 28. Mai 1999 wurde der der „Zürich“ Versicherungs-Gesellschaft zugesprochene 364-Tage-Revolving-Kredit über USD 1 Mrd. durch einen neuen syndizierten Revolving-Kredit in Höhe von USD 1,5 Mrd. und einer Laufzeit von 5 Jahren ersetzt.;Revolving-Kredit;revolving credit;var
Die Ausschlagung der Erbschaft hat mit einer Erklärung zu erfolgen .;Ausschlagung der Erbschaft;rinuncia all'eredità;var
Der Arbeitnehmer hat außer der wöchentlichen Arbeitsruhe gemäß den Gebräuchen nach einem Jahr ununterbrochenen Dienstes Anspruch auf einen bezahlten Urlaub, der nicht weniger als acht Tage betragen darf.;wöchentliche Arbeitsruhe;festività settimanale;var
Umfaßt eine Erweiterungszone Grundstücke, die Eigentum der Gemeinde oder einer anderen öffentlichen Körperschaft oder von Wohnbaugenossenschaften sind, die ihrerseits über ein begünstigtes Darlehen verfügen, so ist die entsprechende Baumasse zur Gänze dem geförderten Wohnbau und/oder sekundären Erschließungsanlagen vorzubehalten.;begünstigtes Darlehen;mutuo agevolato;var
Der Bezirksrichter bestimmt im Dekret nach Artikel 25 und in jedem Fall im Erbschein, an wievielen und welchen Räumen des Wohngebäudes und an welchen Einrichtungsgegenständen Wohnrecht und Benutzungsrecht ausgeübt werden können.;Benutzungsrecht;uso;var
Wer  das Gebrauchsrecht einer Sache hat, der darf, ohne Rücksicht auf sein übriges Vermögen, den seinem Stande, seinem Gewerbe, und seinem Hauswesen angemessenen Nutzen davon ziehen.;Gebrauchsrecht;uso;var
Wer das Recht zum Gebrauch einer Sache hat, kann sich ihrer bedienen und, wenn sie fruchttragend ist, die Früchte ernten, soweit dies für seine Bedürfnisse und jene seiner Familie erforderlich ist.;Recht zum Gebrauch;uso;var
Dem Staat gehören und Bestandteil des öffentlichen Gutes bilden: die Meeresküste, der Strand, die Reeden und Häfen die Flüsse, Bäche, Seen und die anderen von den einschlägigen Gesetzen als öffentlich bezeichneten Gewässer die zur Landesverteidigung bestimmten Anlagen.;Strand;spiaggia;var
Der Versprechende kann die Rückgabe der wegen des Eheversprechens gemachten Geschenke verlangen, wenn die Ehe nicht geschlossen wurde.;Versprechend;promittente;var
Aus der Ehe entspringt die gegenseitige Pflicht zur Treue, zum geistigen und materiellen Beistand, zur Mitarbeit im Interesse der Familie und zum Zusammenleben.;Treue;fedeltà;var
An dem von den Parteien bezeichneten Tag liest der Standesbeamte in Gegenwart von zwei Zeugen, die auch Verwandte sein können, den Brautleuten die Artikel 143, 144 und 147 vor .;Zeuge;testimone;var
Aus der Ehe entspringt die gegenseitige Pflicht zur Treue, zum geistigen und materiellen Beistand, zur Mitarbeit im Interesse der Familie und zum Zusammenleben.;Zusammenleben;convivenza;var
Das Pseudonym, das von einer Person derart gebraucht worden ist, daß es die Bedeutung eines Namens erlangt hat, kann gemäß Artikel 7 geschützt werden.;Pseudonym;pseudonimo;var
Der Erblasser erklärt in Gegenwart der Zeugen dem Notar seinen Willen, der durch den Notar selbst schriftlich festgehalten wird .;Erblasser;testatore;var
Liquide Mittel umfassen Kassen- und Bankguthaben sowie kurzfristige Termineinlagen diese sind zum Nominalwert zu bewerten.;Termineinlage;deposito vincolato;var
Einlagen sind jederzeit möglich, Behebung in der Regel nur bei Fälligkeit.;Behebung;prelevamento;var
Erfolgt das Einlagengeschäft, die Krediteröffnung oder andere Bankgeschäfte in Form des Kontokorrents, so kann der Kontokorrentinhaber vorbehaltlich der Einhaltung der allenfalls vereinbarten Vorankündigungsfrist jederzeit über die zu seinen Gunsten sich ergebenden Beträge verfügen.;Bankgeschäft in Form der Kontokorrent;operazione bancaria in conto corrente;var
Die Forderungs- und Schuldverhältnisse, die über das Konto, sei es ein Haben- oder auch ein Sollkonto, abgewickelt werden, werden zu denselben Fälligkeiten belastet bzw. gutgeschrieben .;Sollkonto;conto del dare;var
Die monatliche Gebühr beinhaltet die Kontoführungsspesen , sowie die Spesen für das Scheckheft.;Scheckheft;libretto di assegni;var
Der Bundesminister für Finanzen hat für jede Wertpapierbörse, der Bundesminister für Wirtschaft und Arbeit hat für jede allgemeine Warenbörse einen Börsekommissär und die erforderliche Anzahl von Stellvertretern zu bestellen.;Wertpapierbörse;borsa valori;var
Ihre Vorteile einer Kreditversicherung: Prüfung und laufende Überwachung der Bonität Ihrer Kunden,  Liquiditätserhaltung und Ertragssicherung durch Entschädigung bei Insolvenz, bzw. in einigen Fällen sogar bei Zahlungsverzug, Erweiterung Ihres Kreditrahmens ist durch Abtretung der Auszahlungsansprüche .;Kreditversicherung;assicurazione del credito;var
Die Einzelpolice ist ein Vertrag, dem ein versichertes Risiko zugeordnet ist.;versichertes Risiko;rischio coperto;var
Am 12. 10. 1995 wurde die Ehe  rechtskräftig geschieden. Während aufrechter Ehe wurden verschiedene Einrichtungsgegenstände gemeinsam angeschafft, eine Erlebensversicherung abgeschlossen und zwei PKW unterschiedlichen Werts erworben.;Erlebensversicherung;assicurazione per il caso di sopravvivenza;var
Die förderbaren Versicherungsprämien dürfen sich bei Rindern und Pferden auf einen maximalen Versicherungswert von 2.000,00 € und bei Schafen und Ziegen von 400,00 € beziehen.;Versicherungswert;valore massimo assicurabile;var
Die Nutzung durch Dritte umfasst: a) die Vermietung ohne Fahrer, b) die Personenbeförderung im Mietfahrzeug mit Fahrer und im Taxi, c) den Personenlinienverkehr, .;Personenbeförderung;trasporto di persone;var
Wer ohne die Genehmigung  zur Beförderung von Personen ein Fahrzeug zur Güterbeförderung verwendet, muss eine verwaltungsrechtliche Geldbuße zwischen 422 und 1.695 Euro zahlen.;Beförderung von Personen;trasporto di persone;var
Wenn sich eine der Parteien der Mutwilligkeit des eigenen Anspruchs bewußt war, kann die andere die Nichtigerklärung des Vergleichs beantragen.;Mutwilligkeit;temerarietà;var
§ 345 ABGB definiert den unechten oder fehlerhaften Besitz.;fehlerhaft Besitz;possesso vizioso;var
Zwei oder mehrere, in der Regel aneinander angrenzende Gemeinden, die derselben Provinz angehören, können einen Gemeindenverbund zur gemeinsamen Ausübung einer Reihe von Funktionen oder zur Erbringung von ihnen zugewiesenen bzw. delegierten Diensten gründen.;Gemeindenverbund;unione di comuni;var
Die Einrichtung ist eine Hilfsorganisation der Gemeinde mit Selbstverwaltung, eigenem Aufbau, eigenem Haushalt, und zwar im Rahmen des allgemeinen Haushalts der Körperschaft.;Einrichtung;istituzione dipendente;var
Dem im Laufe des Jahres eingestellten oder aus dem Dienst ausgeschriebenen Personal wird das dreizehnte Monatsgehalt im Verhältnis zu der Anzahl der geleisteten Dienstmonate gewährt.;dreizehntes Monatsgehalt;tredicesima mensilità;var
In Anlehnung an das interkonföderelle Abkommen vom 27.10.1946 sehen die Kollektivverträge vor, daß den Beschäftigten von Weihnachten ein 13. Monatslohn (Angestellte) oder eine Weihnachtsgratifikation (Arbeiter) auszuzahlen ist.;13. Monatslohn;tredicesima mensilità;var
Das Rücktrittsrecht erlischt spätestens einen Monat nach der vollständigen Erfüllung des Vertrags durch beide Vertragspartner, bei Versicherungsverträgen spätestens einen Monat nach dem Zustandekommen des Vertrags.;Zustandekommen des Vertrags;perfezione del contratto;var
Zins- und Devisenswaps sind hinsichtlich des Zinsrisikos so wie bilanzwirksame Instrumente zu behandeln.;Devisenswap;currency;var
Das Cash and Carry Geschäft, als eine spezielle Form des Selbstbedienungsgroßhandels, wendet sich an alle Unternehmer und Betriebe, die ihren Bedarf zeit- und vor allem kostensparend decken wollen.;Cash and Carry;cash and carry;var
Steigt der Kurs einer Aktie, kann man sie teuer weiterverkaufen und dabei gute Gewinne erzielen.;Kurs;quotazione;var
Die Gemeinde, der Gemeindenverband und die Talgemeinschaft beteiligen sich an den Ausgaben der Familienberatungsstelle mit einem fixen Betrag pro Einwohner.;Familienberatungsstelle;consultorio familiare;var
In den Gemeinden der Provinz Trient mit einer Bevölkerung bis zu 3.000 Einwohnern erfolgt die Wahl der Gemeinderatsmitglieder nach dem Mehrheitswahlsystem gleichzeitig mit der Wahl des Bürgermeisters.;Mehrheitswahlsystem;sistema maggioritario;var
Der Regionalrat wird nach dem Verhältniswahlsystem in allgemeiner, unmittelbarer und geheimer Wahl nach den durch Regionalgesetz festgesetzten Bestimmungen gewählt.;Verhältniswahlsystem;sistema elettorale proporzionale;var
Beträge unter jenem, der von der Landesregierung bestimmt wird, sowie die Einhebungskosten können nicht rückerstattet werden. Davon ausgenommen sind die Fälle, in denen der Grundsatz des Vertrauensschutzes Anwendung findet.;Grundsatz des Vertrauensschutzes;principio della tutela dell’affidamento;var
Die Wahl erfolgt innerhalb von sechs Monaten nach den allgemeinen Gemeinderatswahlen.;Gemeinderatswahlen;elezioni comunali;var
Die wesentlichen Elemente des Frachtvertrages im HGB und des Luftfrachtvertrages stimmen überein. Unterschiede ergeben sich nur aus der Besonderheit des Transportmittels.;Luftfrachtvertrag;contratto di trasporto aereo;var
Jede Dienststelle und die ständige Kommission bereiten die von ihr oder in Zusammenarbeit mit anderen erstellten Materialien, Berichte und Forschungsergebnisse für die Veröffentlichung in geeigneter Form vor.;ständige Kommission;commissione permanente;var
Die eine, unteilbare Republik anerkennt und fördert die lokalen Selbstverwaltungen sie verwirklicht in den Dienstbereichen, die vom Staat abhängen, die weitgehendste Dezentralisierung der Verwaltung sie passt die Grundsätze und Formen ihrer Gesetzgebung den Erfordernissen der Selbstverwaltung und Dezentralisierung an.;Gesetzgebung;funzione legislativa;var
Die gesetzgebende Tätigkeit wird von beiden Kammern gemeinsam ausgeübt.;gesetzgebende Tätigkeit;funzione normativa;var
Jedes Wahlamt setzt sich aus einem Vorsitzenden und zwei Stimmenzählern zusammen, von denen einer Sekretär ist.;Wahlamt;seggio elettorale;var
Wer einen Wahlschein besitzt, kann an der Wahl des Wahlkreises, in dem der Wahlschein ausgestellt ist, entweder durch Stimmabgabe in einem beliebigen Wahlbezirk dieses Wahlkreises oder durch Briefwahl teilnehmen.;Wahlschein;certificato elettorale;var
Mit der Schließung der Wahlkampagne ist jede Form der Propaganda, einschließlich jener mittels Zeitungen und Fernsehspots untersagt.;Wahlkampagne;campagna elettorale;var
Die Unterscheidung zwischen der Verwaltung im organisatorischen und der Verwaltung im materiellen Sinn knüpft an das Prinzip der Gewaltenteilung an ….;Gewaltenteilung;divisione dei poteri;var
In den in der Grünen Karte aufgezählten Ländern ist der Versicherungsschutz insoweit gegeben, als das jeweilige internationale Kennzeichen nicht durchgestrichen ist. Der Versicherer ist zur Ausstellung der Internationalen Versicherungskarte (“Grüne Karte”) gehalten.;Grüne Karte;carta internazionale di assicurazione veicoli a motore;var
Wenn eine technische Regierung die Verfassung ändern wolle, dann sei das Grund zur äußersten Sorge.;technische Regierung;governo tecnico;var
Die Studien- und/oder Berufstitel sind am besten in Ablichtung vorzulegen. Dasselbe gilt für das Arbeitsbüchlein oder die vom Arbeitgeber ausgestellte Arbeitsbestätigung zum Nachweis der Berufserfahrung.;Arbeitsbestätigung;certificato di lavoro;var
Um die Eintragung in das Verzeichnis zu erlangen, müssen die Anwärter beim Landesassessorat für öffentliche Arbeiten folgende Unterlagen einreichen  Dienstzeugnis mit der Beschreibung der übertragenen Aufgaben für die Beamten von öffentlichen Verwaltungen.;Dienstzeugnis;certificato di lavoro;var
Wer sich um eine Ausbildungsstelle für Sprengelärzte bewirbt, richtet ein Gesuch auf Stempelpapier an die Sanitätseinheiten und legt folgende Unterlagen bei  eventuelle Dienst- und Arbeitszeugnisse, die vom medizinischen Leiter und der Verwaltung der Dienststelle bestätigt sein müssen .;Arbeitszeugnis;certificato di lavoro;var
Der wichtigste Unterschied zwischen Mitteilung und Zustellung besteht in der verstärkten Beweiskraft der formellen Zustellung.;Mitteilung;comunicazione;var
Die absolute Selbstbeteiligung gilt, wenn die Versicherung bis zu einem bestimmten Invaliditätsanteil überhaupt keinen Schadenersatz bezahlt.;Selbstbeteiligung;scoperto;var
Der Wert der versicherten Sachen kann allerdings zur Zeit des Abschlusses des Vertrages durch eine von den Parteien schriftlich angenommenen Schätzung festgesetzt werden.;Wert der versichert Sache;valore della cosa assicurata;var
Die Gleichwertigkeitserklärung ist rückwirkend ab dem Datum der Erlangung des Studientitels in der Republik Österreich wirksam.;rückwirkend;retroattivo;var
Ein (rechtswirksamer) Verwaltungsakt ist grundsätzlich von allen Staatsorganen zu beachten und ihren Entscheidungen als gegeben zugrunde zu legen.;rechtswirksamer Verwaltungsakt;atto efficace;var
Der Versicherer haftet für einen erhofften Gewinn nur, wenn er sich dazu ausdrücklich verpflichtet hat.;erhofft Gewinn;profitto sperato;var
Folgende Tätigkeiten sind besonders Unterwanderungsversuchen der Mafia ausgesetzt:  b) gewerbliche Beförderung, auch grenzüberschreitend, und Beseitigung von Abfällen, , h) gewerblicher Güterkraftverkehr, .;gewerblicher Güterkraftverkehr;trasporto di cose per conto di terzi;var
Ein Fahrzeug der gewerblichen Güterbeförderung, wenn sich der Unternehmer verpflichtet, gegen Entgelt die vom Auftraggeber bestellten Beförderungsdienste zu leisten.;gewerbliche Güterbeförderung;autotrasporto di cose per conto di terzi;var
Die vorliegende Polizze ist eine Haftungsversicherung nach dem Anspruchserhebungsprinzip (Claims made). Dies bedeutet, dass die Polizze die erstmals während der Versicherungsdauer vom Versicherten den Versicherern gemeldeten Schadensfälle deckt.;Versicherungsdauer;durata dell'assicurazione;var
Bagatellschäden sind nicht ersetzbar. Die Rechtsprechung hat einen doppelten Prüf-Filter eingefürt, da sowohl die Schwere der Rechtsgutverletzung als auch das Ausmaßes der Beeinträchtigung für die Ersatzpflicht in Bezug auf immaterielle Schäden berücksichtigt werden muss.;Ersatzpflicht;obbligazione risarcitoria;var
Weiters definiert die Richtlinie den Ort der Niederlassung eines Diensteanbieters, als den Ort, an dem dieser mittels einer festen Einrichtung auf unbestimmte Zeit eine Wirtschaftstätigkeit tatsächlich ausübt, unabhängig davon, wo Websites, Server und Mailbox installiert sind.;Diensteanbieter;prestatore;var
Was die Informationspflichten bei elektronischen Verträgen betrifft, müssen vom Diensteanbieter, bevor der Nutzer des Dienstes die Bestellung abgibt, wenigstens folgende Informationen klar erteilt werden .;Nutzer;destinatario;var
Die Übermittlung einer inhaltlich unrichtigen Schadensanzeige an eine Versicherungsanstalt mit dem Ziel, solcherart durch Täuschung über Tatsachen eine Versicherungsleistung zu erlangen, ist bereits eine deliktstypische Ausführungshandlung (und damit Versuch), auch wenn zur Deliktsvollendung noch weitere Ausführungshandlungen notwendig gewesen wären.;Schadensanzeige;denuncia di sinistro;var
Für die Schadenanzeige verwenden Sie beiliegendes Formular. Die in all seinen Teilen ausgefüllte Schadenmeldung und die Erklärung des behandelnden Arztes geben Sie innerhalb von 15 (fünfzehn) Tagen nach Eintritt des Schadenfalls bei der örtlichen Raiffeisenkasse ab .;Schadenanzeige;denuncia di sinistro;var
Im streitigen Verfahren sind  alle Fristen wiederherstellbar  dh, dass im Falle ihrer Versäumung eine Wiedereinsetzung in den vorigen Stand zulässig ist.;Wiedereinsetzung in den vorigen Stand;rimessione in termini;var
Das für die studienrechtlichen Angelegenheiten zuständige Organ hat die Beurteilung einer Prüfung für nichtig zu erklären, wenn die Anmeldung zu dieser Prüfung erschlichen wurde.;nichtig;nullo;var
Bei Transporten von und nach in dieser Generalpolice nicht aufgeführten Ländern sind die Prämien und Bedingungen vor Risikobeginn mit dem Versicherer abzustimmen.;Generalpolice;assicurazione in abbonamento;var
Jeder in Italien tätige Versicherungsbroker muß im Berufsverzeichnis der Versicherungsbroker der ital. Aufsichtsbehörde für Versicherungswesen ISVAP eingetragen sein.;Versicherungsbroker;mediatore assicurativo;var
Weist der Versicherungsnehmer nach, dass ein versichertes Risiko vor Ende der Vertragszeit weggefallen ist, wird auf seinen Antrag der Vertrag hinsichtlich dieses Risikos vorzeitig beendet.;Risiko;rischio;var
Was ist eine Versicherung auf Erstes Risiko? Ein versicherter Schaden wird bis zur Höhe der vereinbarten Versicherungssumme ersetzt, unabhängig vom Wert der Immobilie. Unterversicherung ist im Gegensatz zur Vollwertversicherung nicht möglich.;Versicherung auf Erstes Risiko;assicurazione a primo rischio;var
Ein Sammel-Verwaltungsakt stellt lediglich ein Bündel von einzelnen Verwaltungsakten dar.;Sammel-Verwaltungsakt;atto plurimo;var
Besondere Bedingungen gehen den allgemeinen vor, geschriebene den gedruckten, gedruckte, auf die in geschriebenen Bedingungen verwiesen wird, solchen gedruckten, auf die nur in gedruckten Bedingungen verwiesen wird.;Besondere Bedingungen;condizioni particolari;var
Ist eine Person, der die Vertretung oder der Beistand obliegt, nicht vorhanden, so kann, wenn es dringend erforderlich ist oder ein Interessenkonflikt zwischen dem Geschädigten und seinem Vertreter besteht, die Staatsanwaltschaft bei Gericht beantragen, einen Prozesskurator zu bestellen.;Geschädigter;soggetto danneggiato dal reato;var
Die Meldung erfolgt innerhalb von 30 Tagen durch den Käufer bei Abschluss der Übertragung im Rahmen von Zwangsveräußerungs- oder Konkursveräußerungsverfahren oder auf Grund eines Urteils, das die Rechtswirkungen eines nicht abgeschlossenen Veräußerungsvertrages hat ….;Veräußerungsvertrag;contratto per la circolazione dei beni;var
Die Übereignung selbst setzt die Übergabe der Sache .;Übergabe der Sache;consegna della cosa;var
In den Verfahren vor dem Rechnungshof werden die Grundsätze der Gleichbehandlung der Parteien, des rechtlichen Gehörs und des fairen Verfahrens laut Artikel 111 Absatz 1 der Verfassung angewandt.;fair Verfahren;giusto processo;var
Die Verwendung des  Essensgutscheines ist an die Ausstellung einer Steuerquittung durch den beauftragten Gastbetrieb gebunden, aufgrund dessen der Nachweis erbracht wird, daß eine Kostenbeteiligung  durch den jeweiligen Bediensteten nachgewiesen wird.;Essensgutschein;buono pasto;var
In Erwartung der Neufestsetzung der Planstellen laut vorstehendem Absatz 4 und der entsprechenden Einstellungen verfügt der Regierungskommissär die Abstellung von Bediensteten der örtlichen Stellenpläne in seine Ämter, und zwar ohne auf dem Staatshaushalt zu lasten.;Abstellung;distacco;var
Bei Versetzung in den Ruhestand, Annahme des freiwilligen Dienstaustrittes oder Übergang zu anderen Ämtern oder Verwaltungen wird der Bedienstete bis zu dem Tag an der Aufteilung beteiligt, an dem der entsprechende Akt rechtswirksam wird.;Versetzung in den Ruhestand;pensionamento;var
Von der Einhaltung der Bestimmungen  können zuweisungsbegünstigte Unternehmen auf Antrag abweichen  wenn die Fortsetzung der betrieblichen Tätigkeit des zuweisungsbegünstigten Unternehmens aufgrund eines Unfalls, einer Pensionierung, eines Krankheits- oder Todesfalles verunmöglicht oder schwerwiegend und nachhaltig beeinträchtigt ist.;Pensionierung;collocamento a riposo;var
Das gerichtliche Geständnis kann spontan erfolgen oder durch die förmliche Vernehmung hervorgerufen werden.;förmliche Vernehmung;interrogatorio formale;var
Der Warenbezug des Vertragshändlers und seine Vertriebspflicht hängen zusammen, die einzelnen Kaufverträge zwischen Hersteller und Vertragshändler sind, obwohl vom Vertragshändlervertrag weitgehend vorgegeben, rechtlich selbständig.;Vertragshändler;concessionario;var
Die Gesuche, die im laufenden Jahr nicht zugelassen werden, werden im folgenden Jahr mit Vorzug gegenüber den später eingereichten Gesuchen zugelassen.;laufend Jahr;c.a.;var
Bei Eintreten der Sachverhalte  hat der/die Studierende die Miete für den laufenden Monat (Monat, in dem die Verzichtserklärung abgegeben wird) und einen zusätzlichen Betrag im Ausmaß von zwei Monatsmieten zu bezahlen .;laufend Monat;corrente mese;var
Die in der Verlängerungszeit ergriffenen Akte, die nicht unter jene laut Absatz 3 fallen, sind rechtswidrig.;rechtswidrig;illegittimo;var
Primärer Zweck der Sichteinlagen ist die Bereithaltug von Mitteln für die Abwicklung des bargeldlosen Zahlungsverkehrs.;Sichteinlage;deposito libero;var
Die elektronische Identitätskarte (EIK) kann im Meldeamt der Gemeinde Terenten beantragt werden.;elektronische Identitätskarte;CIE;var
Bei der Gewährung von Förderungen ist Bedacht zu nehmen auf: d) die Leistungsfähigkeit des Förderungswerbers und die Ergebnisse, die dieser im Interesse der Allgemeinheit erzielt, ….;Interesse der Allgemeinheit;interesse generale;var
Die kleinen Ausbesserungen zur Instandhaltung, die gemäß Artikel 1576 vom Mieter auf eigene Kosten durchgeführt werden müssen, sind jene, die sich aus den Verschlechterungen, die vom Gebrauch herrühren, ergeben, und nicht jene, die auf Alter oder Zufall zurückzuführen sind.;klein Ausbesserung;riparazioni di piccola manutenzione;var
Der Bestandgeber hat während des Bestandverhältnisses alle notwendigen Ausbesserungen mit Ausnahme der kleinen Instandhaltungsarbeiten, die vom Bestandnehmer zu tragen sind, vorzunehmen.;notwendig Ausbesserung;riparazioni necessarie;var
Die Mitglieder müssen zumindest im Beschlusszeitpunkt in der nach den entsprechenden Organisationsvorschriften vorgeschriebenen Mindestzahl (Anwesenheits- bzw. Präsenzquorum) im Sitzungsraum anwesend sein ….;Präsenzquorum;quorum dei presenti;var
Das Depot zur Verwahrung und Verwaltung von Wertpapieren sowie der Handel, die Zeichnung, die Plazierung, die Annahme, die Übermittlung, und die Vermittlung von Aufträgen betreffend Finanzinstrumente .;Wertpapier;valore mobiliare;var
Die Verjährungsfrist für den Ausgleich von Fehlern in der Liquidierung sowie den Ausgleich für Änderungen oder Richtigstellungen der mittleren Konzessionsnennleistung ist jene, die in den entsprechenden Staatsgesetzen festgelegt ist.;Richtigstellung;rettifica;var
Daß ein von einer Bank für die Bauzwecke gewährtes Darlehen oder ein Darlehensversprechen als ausreichende Sicherheit im Sinne der Vertragsbestimmung aufzufassen ist, wird von den Klägern nicht bezweifelt.;Darlehensversprechen;promessa di mutuo;var
Die Gesellschaft kann Schuldverschreibungen auf den Inhaber oder auf den Namen über einen Betrag ausgeben, der das nach der letzten genehmigten Bilanz eingezahlte und vorhandene Kapital nicht übersteigen darf.;Schuldverschreibung;obbligazione;var
Die mit Erkennungsausweis versehenen Bediensteten können bei ihrer Arbeit bei Bedarf von Beraterinnern und Beratern unterstützt werden, die an das Amtsgeheimnis ...  gebunden sind.;Erkennungsausweis;documento personale di riconoscimento;var
Wenn sich eine Person gegen Entgelt verpflichtet, mit überwiegend eigener Arbeit und ohne zum Besteller in ein Verhältnis der Unterordnung zu treten, ein Werk zu erstellen oder einen Dienst zu leisten, sind die Vorschriften dieses Abschnitts anzuwenden .;Entgelt;corrispettivo;var
Dem Bewerber, welchem gegenüber die Zwangsräumung der Wohnung wegen Ablaufs des Mietvertrages  ausgesprochen wurde, werden drei Punkte zuerkannt.;Zwangsräumung;sfratto;var
Der Pannendienst und der Abschleppdienst dürfen nur von Körperschaften und Unternehmen durchgeführt werden, die, auch im Voraus, vom Straßeneigentümer eine entsprechende Erlaubnis erhalten haben. .;Pannendienst;soccorso stradale;var
Der Trödler ist berechtigt, die Sache im eigenen Namen und auf eigene Rechnung zu veräußern. Der Dritte erwirbt also Eigentum, obwohl der Trödler (vor Ablauf der gesetzten Frist) selbst nicht Eigentümer ist.;Trödler;accipiens;var
Der nichtige Verwaltungsakt vermag seine gewollten Rechtswirkungen von vornherein nicht hervorzubringen. Er ist unwirksam, unverbindlich der Bürger muss ihn nicht befolgen, die Behörde darf ihn nicht durchsetzen.;nichtig Verwaltungsakt;atto nullo;var
Nötige Einschränkungen der persönlichen Freiheit und die notwendigen Maßnahmen zur Durchsetzung der diesbezüglichen Anordnungen sind daher durch das Erziehungsrecht (besser: durch die Erziehungspflicht) gerechtfertigt, mögen sie auch den Tatbestand einer Freiheitsentziehung oder einer Nötigung erfüllen.;Erziehungsrecht;jus corrigendi;var
Unbeschränkt zulässig ist die Analogie zugunsten des Täters: Rechtfertigungs-, Entschuldigungs-, und Strafausschließungsgründe dürfen ohne besondere methodische Beschränkung erweitert werden.;Analogie zugunsten des Täters;analogia in bonam partem;var
Niemand kann wegen einer Tat, die vom Gesetz mit Strafe bedroht ist, bestraft werden, wenn der schädigende oder gefährliche Erfolg, von dem die Strafbarkeit abhängt, nicht die Folge seiner Handlung oder Unterlassung ist.;Handlung;azione;var
Das Gericht bemisst die Busse insbesondere nach der Schwere der Tat …;Tat;azione;var
Der Antrag auf Anrufung des Verfassungsgerichtshofes ist mangels subjektiven Rechts einer Verfahrenspartei zur Stellung eines solchen Antrages zurückzuweisen.;Verfahrenspartei;parte processuale;var
Die Verwahrung kann sich auf bewegliche oder unbewegliche Sachen beziehen .;Verwahrung;contratto di deposito;var
Entdeckt der Verwahrer, daß die Sache aus einer strafbaren Handlung herrührt und ist ihm die Person, der sie entwendet worden ist, bekannt, so hat er dieser die bei ihm erfolgte Hinterlegung anzuzeigen.;Hinterlegung;deposito;var
Als Mitglieder der Kernfamilie gelten: der Nutzer/die Nutzerin …, der Ehegatte/die Ehegattin, vorausgesetzt es liegt keine gesetzliche Trennung vor, oder der Lebensgefährte/die Lebensgefährtin der Nutzerin/des Nutzers, sofern Lebensgefährte/Lebensgefährtin und Nutzer/Nutzerin in einem gemeinsamen Haushalt leben ….;Kernfamilie;famiglia nucleare;var
Die dem Schwiegervater, der Schwiegermutter, dem Schwiegersohnund der Schwiegertochter auferlegte Verpflichtung zur Leistung des eingeschränkten Unterhalts erlischt, wenn der Unterhaltsberechtigte eine neue Ehe eingegangen ist.;Unterhaltsberechtigter;alimentando;var
Der eingeschränkte Unterhalt kann nur von demjenigen beansprucht werden, der sich in einer Notlage befindet und nicht selbst für den eigenen Unterhalt zu sorgen vermag.;Notlage;stato di bisogno;var
Die Regeln über die parlamentarische Immunität und das Zeugnisverweigerungsrecht des Abgeordneten bleiben  unberührt.;parlamentarische Immunität;immunità parlamentare;var
Beim mittelbaren Leasing kauft eine eigene Leasinggesellschaft die Sache vom Produzenten und schließt mit dem Interessenten das Leasinggeschäft.;Leasinggesellschaft;impresa di leasing;var
Im Falle des gemeinsamen Scheidungsantrags sieht Art. 4 Abs 16 Gesetz 14.05.2005, Nr. 80 ein verkürztes Verfahren vor.;gemeinsamer Scheidungsantrag;domanda congiunta di divorzio;var
Die ehelichen Rechte und Pflichten sind zwingend geregelt, soweit sie sich auf unverzichtbare Prinzipien beziehen, wie auf den Beistand und die umfassende Lebensgemeinschaft.;ehelich Recht und Pflicht;diritti e doveri matrimoniali;var
Steuerpflichtig sind:  d) der Teil eines Ehepaares, dem die eheliche Wohnung mit richterlicher Verfügung der gerichtlichen Trennung, der Annullierung, der Auflösung oder des Erlöschens der zivilrechtlichen Wirkung der Ehe zugewiesen wurde, .;eheliche Wohnung;casa coniugale;var
Im verwaltungsgerichtlichen Verfahren finden die Grundsätze der Gleichheit der Parteien, des rechtlichen Gehörs und des fairen Verfahrens, wie es in Artikel 111 erster Absatz der Verfassung vorgesehen ist, Anwendung.;verwaltungsgerichtlich Verfahren;processo amministrativo;var
Die Ablehnungserklärung kann in der Vorverhandlung bis zum Abschluß der die Einlassung der Parteien betreffenden Feststellungen abgegeben werden .;Ablehnungserklärung;istanza di ricusazione;var
Es gibt drei aktive Rechtspositionen , die den am Verfahren beteiligten Subjekten zustehen und die zusammenfassend als ”Ansprüche auf Beteiligung” bezeichnet werden können. Die erste betrifft das Recht, die Mitteilung über die Einleitung des Verfahrens zu erhalten .;aktiv Rechtsposition;situazione soggettiva attiva;var
Innerhalb des Biotopes ist insbesondere verboten: das Errichten von Bauten und Anlagen jeglicher Art , das Reiten außerhalb der Fahrwege , der Verkehr mit jeglichen Fahrzeugen einschließlich Fahrrädern, ausgenommen für die land- und forstwirtschaftliche Tätigkeit.;land- und forstwirtschaftliche Tätigkeit;attività agricola;var
Regreß von Richtern bei nachweisbaren Fehlurteilen durch: Änderung der absoluten Immunität von Richtern und deren Entscheidungen, in eine zumindestens nur noch relative Immunität.;relative Immunität;immunità relativa;var
Das Verfahren auf gerichtliche Feststellung der Vaterschaft oder Mutterschaft wird kraft Gesetzes ausgesetzt, und es erlischt, sobald eine endgültig gewordene Entscheidung über die Adoption vorliegt.;gerichtliche Feststellung der Vaterschaft;dichiarazione giudiziale di paternità;var
Mit einem am 13.6.1980 geschlossenen und am 18.8.1980 bewilligten Adoptionsvertrag nahm Dkfm.Raphael A. den (damals 27-jährigen) Kläger an Kindesstatt an. Die Mutter des Klägers war damit einverstanden, sein leiblicher Vater war vorverstorben.;leiblicher Vater;padre genetico;var
In dem in Artikel , des Gesetzbuches vorgesehenen Fall sind im Zustellungsbericht auch die Uhrzeiten, zu denen die Besuche erfolgt sind, anzugeben.;Zustellungsbericht;relazione di notificazione;var
Hat der Ehemann der Mutter einer medizinisch unterstützten Fortpflanzung mit dem Samen eines Dritten in Form eines gerichtlichen Protokolls oder Notariatsakts zugestimmt, so kann die Ehelichkeit des mit dem Samen des Dritten gezeugten Kindes nicht bestritten werden.;medizinisch unterstützt Fortpflanzung;procreazione assistita;var
Zur Verwirklichung der vom Gesetz vorgesehenen Ziele hält sich das Land in der Verwaltungstätigkeit an die Kriterien der Effizienz, der Wirtschaftlichkeit, der Rationalität und der Publizität.;Verwaltungstätigkeit;funzione amministrativa;var
Das Dekret, mit dem über die Adoption entschieden wird, ist der Staatsanwaltschaft, den adoptierenden Ehegatten und dem Vormund mitzuteilen.;adoptierend Ehegatt;adottanti;var
Entsprechen Verzicht und Annahme den Vorschriften, erklärt das Gericht das Erlöschen des Verfahrens.;Erlöschen des Verfahrens;estinzione del processo;var
Wer eine Tat begeht, die darauf abzielt, das Staatsgebiet oder einen Teil desselben der Hoheit eines ausländischen Staates zu unterwerfen oder die Unabhängigkeit des Staates zu beeinträchtigen, wird  bestraft.;Unabhängigkeit des Staates;indipendenza dello Stato;var
Wer mit einem Ausländer Verbindungen unterhält, damit ein ausländischer Staat gegen den italienischen Staat Krieg beginnt oder feindselige Handlungen vornimmt,  wird  bestraft.;Verbindung;intelligenza;var
Wer ohne Billigung der Regierung Anwerbungen oder andere feindselige Handlungen gegen einen ausländischen Staat in der Weise vornimmt, daß für den italienischen Staat die Gefahr eines Krieges entsteht, wird  bestraft .;feindselig Handlung;atto di ostilità;var
Zur Anerkennung sind grundsätzlich der leibliche Vater oder die leibliche Mutter des nichtehelichen Kindes berechtigt.;leibliche Mutter;madre biologica;var
Der lebenslänglichen Strafe unterliegt, wer eine Tat begeht, die darauf abzielt, die Einheit des Staates aufzulösen .;Einheit des Staates;unità dello Stato;var
Die oberste Staatsgewalt gehört dem Volke, das sie in den Formen und innerhalb der Grenzen der Verfassung ausübt.;oberste Staatsgewalt;sovranità dello Stato;var
Wer in Kriegszeiten mit einem Ausländer Verbindungen unterhält, um die militärischen Operationen des Feindes zum Nachteil des italienischen Staates zu begünstigen  wird  bestraft.;militärisch Operation;operazione militare;var
Wer sich zum Zweck der politischen oder militärischen Spionage Nachrichten verschafft, die im Interesse der Staatssicherheit  geheim bleiben müssen, wird  bestraft.;militärisch Spionage;spionaggio militare;var
Die Maßnahme gemäß Absatz 1 oder bei Rekurs die endgültige Entscheidung im Rechtsprechungswege bilden den Titel zur grundbücherlichen Eintragung.;endgültige Entscheidung;decisione definitiva;var
Die Amtsperson oder die mit einem öffentlichen Dienst beauftragte Person, die Erfindungen, wissenschaftliche Entdeckungen oder neue gewerbliche Verfahren  kennt und die  geheim bleiben müssen, zum eigenen oder fremden Vorteil verwendet, wird  bestraft.;gewerblich Verfahren;applicazione industriale;var
Wer von der italienischen Regierung beauftragt ist, im Ausland Staatsgeschäfte zu führen und sich diesem Auftrag untreu erweist, wird  bestraft.;Staatsgeschäft;affare di Stato;var
Das Verschlechterungsverbot gilt für das Rechtsmittelgericht und für das Gericht, an das die Sache zur Wiederholung der Hauptverhandlung zurückgewiesen wird.;Verschlechterungsverbot;divieto di reformatio in peius;var
Wer zu terroristischen Zwecken oder zur Beseitigung der demokratischen Ordnung einen Anschlag auf das Leben oder die körperliche Unversehrtheit eines anderen verübt, wird  besraft.;Anschlag;attentato;var
Wer Militärpersonen  zur Verletzung  der Pflichten der militärischen Disziplin  auffordert,  wird  mit Gefängnisstrafe von einem Jahr bis zu drei Jahren bestraft.;militärisch Disziplin;disciplina militare;var
Im Sinne des Strafgesetzes gilt die strafbare Handlung als öffentlich geschehen, wenn die Tat begangen wird:durch Druckwerke oder durch andere Mittel der Propaganda .;Druckwerk;mezzo della stampa;var
Das Gericht darf sich seiner Begründungspflicht auch nicht dadurch entledigen, daß anstelle einer eigenständig formulierten Begründung bloß Schriftstücke aus dem Akt fotokopiert und dem Urteil als Begründung einverleibt werden .;Begründungspflicht;obbligo di motivazione;var
Ist eine rechtswidrige Tat begangen worden und hat der Täter oder Teilnehmer für die Tat oder aus ihr etwas erlangt, so ordnet das Gericht dessen Verfall an.;Teilnehmer;partecipante;var
Wird das Protokoll in zusammenfassender Form aufgenommen, so ist auch eine Tonaufnahme vorzunehmen.;Tonaufnahme;riproduzione fonografica;var
Wird die in  angegebene Art und Weise der Beurkundung als unzureichend angesehen, so kann, wenn dies völlig unerläßlich erscheint, auch eine Tonbildaufnahme hinzugefügt werden.;Tonbildaufnahme;riproduzione audiovisiva;var
Die Öffentlichkeit der Hauptverhandlung ist von Amts wegen oder auf Antrag auch auszuschließen, wenn das im Interesse des Jugendlichen geboten ist.;Öffentlichkeit der Hauptverhandlung;pubblicità del dibattimento;var
Die Einmalprämie kann auf Wunsch um 1.000,00 Euro oder um ein Vielfaches davon aufgestockt werden. Die Möglichkeit der Leistung von Zuzahlungen ist für diese Polizze nicht gegeben.;Einmalprämie;premio unico;var
Die Angehörigen der Minderheit genießen wie alle Staatsbürger die im Grundgesetz der Bundesrepublik Deutschland vom 23. Mai 1949 garantierten Rechte. Insbesondere haben sie im Rahmen des Grundgesetzes folgende Rechte: 1. Das Recht auf die Unverletzlichkeit der persönlichen Freiheit .;Unverletzlichkeit der persönlichen Freiheit;inviolabilità della libertà personale;var
Der Wehrdienst ist in den durch das Gesetz bestimmten Grenzen und Formen obligatorisch. Die Leistung dieses Dienstes beeinträchtigt weder die Arbeitsstellung des Staatsbürgers noch die Ausübung der politischen Rechte.;Ausübung der politischen Rechte;esercizio dei diritti politici;var
Der Führerschein wird von den zuständigen Ämtern des Departements für Landverkehr entzogen,  c) wenn der Inhaber seinen Führerschein gegen einen anderen, von einem ausländischen Staat ausgestellten Führerschein umgetauscht hat.;ausländisch Staat;Stato estero;var
Die Anführer oder die Hintermänner des bewaffneten Haufens unterliegen derselben Strafe wie die Urheber.;Anführer;capo;var
Die Rechtsschutzversicherung dient der Durchsetzung von Schadenersatzansprüchen und der Verteidigung im Strafverfahren. Sie bietet Kostenersatz bei der Wahrnehmung der rechtlichen Interessen vor Gericht und Behörden.;Verteidigung im Strafverfahren;difesa penale;var
Der Antragsteller stellt den Schriftsatz den anderen Parteien zusammen mit dem Dekret zur Festsetzung der Verhandlung zu.;Antragsteller;parte istante;var
Für die Zulassung zu den öffentlichen Ämtern und zu den durch Wahl zu besetzenden Stellen kann das Gesetz die Italiener, die nicht Staatsangehörige der Republik sind, den Staatsbürgern gleichstellen.;Zulassung zu den öffentlichen Ämtern;accesso alle cariche elettive;var
Der Staatsrat und die anderen Organe der Verwaltungsgerichtsbarkeit haben Rechtsprechungsgewalt zum Schutz der rechtmäßigen Interessen und, in besonderen durch Gesetz bezeichneten Fällen, auch der subjektiven Rechte gegenüber der öffentlichen Verwaltung.;Organ der Verwaltungsgerichtsbarkeit;organo di giustizia amministrativa;var
Ist der Angeklagte der italienischen Sprache nicht mächtig, so hat er das Recht auf den unentgeltlichen Beistand eines Dolmetschers, damit er die gegen ihn erhobene Anklage verstehen und die Amtshandlungen, an denen er teilnimmt, verfolgen kann.;Beistand eines Dolmetschers;assistenza di un interprete;var
Bei der Prüfung des Vorliegens der Voraussetzungen eines Anordnungsgrundes hebt der Gerichtshof unter Berücksichtigung des verfassungsrechtlichen Gebots der Gewährung effektiven Rechtsschutzes zutreffend darauf ab, ob den Beschwerdeführern bei Nichterlaß einer einstweiligen Anordnung ein unzumutbarer und irreparabler Nachteil entstünde.;irreparabler Nachteil;pregiudizio irreparabile;var
Der Jahresbetrag der zu erwerbenden oder zu überweisenden Obligationen entspricht der Differenz zwischen der periodischen Belastung für ein zehnjähriges Obligationsdarlehen und jener für ein Darlehen mit einer Laufzeit von 20 Jahren.;Obligationsdarlehen;prestito obbligazionario;var
Wird nämlich ein Zustellungsbevollmächtigter oder Prozeßbevollmächtigter nahmhaft gemacht, kann rechtswirksam nur an den Bevollmächtigten, nicht mehr an die Partei selbst zugestellt werden.;Zustellungsbevollmächtigter;domiciliatario;var
Nach verschiedenen Gemeindeordnungen bestehen  Einrichtungen der direkten Demokratie (Volksbefragung, Volksbegehren, Volksabstimmungen ua.).;Einrichtung der direkt Demokratie;istituto di democrazia diretta;var
"Ebenso wie auf gesamtstaatlicher Ebene ist auch das ""Regierungssystem"" Südtirols nach den Grundsätzen der mittelbaren oder repräsentativen Demokratie ausgerichtet.";mittelbare Demokratie;democrazia rappresentativa;var
Der Generaldirektor übt die Funktion des Generalsekretärs der Landesregierung aus und nimmt die Beurkundung der Verträge  im Interesse der Landesverwaltung vor.;Beurkundung;rogito notarile;var
Lebenslange Gefängnisstrafe wird verhängt, wenn  Gift oder ein anderes heimtückisches Mittel angewendet wird.;heimtückisches Mittel;mezzo insidioso;var
Lebenslange Gefängnisstrafe  wird verhängt, wenn  die Tat unter Anwendung von Gift oder eines anderen heimtückisches Mittel begangen wird.;Gift;mezzo venefico;var
Wenn es im Einzelfalle die Schwierigkeit der Vollstreckungshandlung erheischt, kann der Gerichtsvorsteher ihre Vornahme auch einem Beamten des gehobenen Fachdienstes oder des Fachdienstes  auftragen.;Vollstreckungshandlung;adempimento esecutivo;var
Zeitweilige Enthebung vom Dienst:  wegen Verletzung des Amtsgeheimnisses, falls dadurch großer Schaden verursacht wurde .;Verletzung des Amtsgeheimnisses;rivelazione di segreti d'ufficio;var
Das Bezirksgericht ist weiters zuständig für folgende strafbare Handlungen:  Widerstand gegen eine Amtsperson, wie in Art. 337 des Strafgesetzbuches vorgesehen.;Widerstand gegen eine Amtsperson;resistenza ad un pubblico ufficiale;var
In das Register der ansässigen Bevölkerung werden alle Personen eingetragen, die ihren gewöhnlichen Aufenthalt in der Gemeinde haben sowie alle Personen ohne festen Wohnsitz, die ihr Domizil in der Gemeinde haben.;Register der ansässigen Bevölkerung;APR;var
Nach Eintragung eines Neugeborenen oder eines adoptierten Kindes in das Melderegister prüft die Wohnsitzgemeinde der Mutter beziehungsweise der Adoptivmutter, ob diese die gesetzlichen Voraussetzungen zum Zeitpunkt der Geburt des Kindes beziehungsweise zum Zeitpunkt der Adoption besitzt.;Melderegister;APR;var
Zeitweilige Enthebung vom Dienst:  wegen Verletzung des Amtsgeheimnisses, falls dadurch großer Schaden verursacht wurde .;Verletzung des Amtsgeheimnisses;utilizzazione di segreti d'ufficio;var
Das Standesamt stellt folgende Bescheinigungen aus: Geburtsscheine und Auszüge aus dem Geburtenregister Trauscheine und Auszüge aus dem Heiratsregister Totenscheine und Auszüge aus dem Sterberegister.;Standesamt;ufficio di stato civile;var
Die Strafe wird erhöht, wenn die Lieferung betrifft:  Sachen oder Werkleistungen, die zur Verhütung einer Gemeingefahr oder einer allgemeinen Katastrophe bestimmt sind.;Katastrophe;pubblico infortunio;var
Wer einen Beamten während einer Amtshandlung  tätlich angreift, ist mit Freiheitsstrafe bis zu sechs Monaten oder mit Geldstrafe bis zu 360 Tagessätzen zu bestrafen.;Amtshandlung;atto d'ufficio;var
Ein Milderungsgrund ist es insbesondere, wenn der Täter  die Tat unter der Einwirkung eines Dritten oder aus Furcht oder Gehorsam verübt hat.;Gehorsam;obbedienza;var
Die Strafe ist Gefängnisstrafe von vier Jahren und sechs Monaten bis zu zwanzig Jahren und Geldstrafe von zwei bis zu sechs Millionen Lire:  wenn die Gewalt oder die Drohung  von mehreren Personen gemeinschaftlich begangen wird.;mehrere Person gemeinschaftlich;più persone riunite;var
Das Volksbegehren zu den Landesgesetzen wird von mindestens 8.000 Wählern, die in die Wählerlisten einer Gemeinde des Landes eingetragen und für die Wahl des Südtiroler Landtages wahlberechtigt sind, ausgeübt.;Volksbegehren;iniziativa popolare;var
Zu den von § 83 StGB erfaßten leichten Körperverletzungen gehören zum Beispiel Verlust eines Zahnes, Platzwunden, Naseneinbruch ohne Verschiebung, Platzwunden in Naseninneren, starkes Nasenbluten .;leicht Körperverletzung;lesione personale comune;var
Wer einem anderen eine Körperverletzung zufügt, die eine körperliche oder geistige Erkrankung zur Folge hat, wird mit Gefängnisstrafe von drei Monaten bis zu drei Jahren bestraft.;Erkrankung;malattia;var
Bei einem gleichartigen wiederholten Rückfall innerhalb von fünf Jahren ab der rechtskräftigen Verurteilung für den ersten Verstoß kann das Gericht, als zusätzliche Verwaltungsstrafe, den Führerscheinentzug verhängen.;Führerscheinentzug;revoca della patente di guida;var
Hat die Tat für immer oder für lange zeit den Verlust oder eine schwere Schädigung der Sprache  zur Folge, so ist der Täter mit Freiheitstrafe von sechs monaten bis zu fünf Jahren zu bestrafen;Schädigung der Sprache;difficoltà della favella;var
Sehr schwere Körperverletzung liegt vor , wenn die Tat eine dauernde und schwere Behinderung der Sprache zur Folge hat.;Behinderung der Sprache;difficoltà della favella;var
Unterlassung der Anzeige einer strafbaren Handlung durch eine Amtsperson.;Unterlassung der Anzeige;omessa denuncia;var
Der Justizminister ordnet an, daß dem Rechtshilfeersuchen einer ausländischen Behörde um Vornahme von Mitteilungen, Zustellungen und Tätigkeiten im Rahmen der Beweisaufnahme Folge gegeben wird .;Beweisaufnahme;acquisizione probatoria;var
Sehr schwere Körperverletzung liegt vor , wenn die Tat eine sicher oder wahrscheinlich unheilbare Krankheit zur Folge hat.;unheilbare Krankheit;malattia insanabile;var
Gewalt gegen Sachen liegt auch vor, wenn ein Datenverarbeitungsprogramm ganz oder teilweise verfälscht, verändert, oder gelöscht wird .;Gewalt gegen Sachen;violenza reale;var
Wer die Eigentumsübertragung oder die Verlegung des Sitzes oder des Wohnsitzes nicht fristgerecht mitteilt, muss eine verwaltungsrechtliche Geldbuße zahlen. Dieser Verstoß hat als zusätzliche Verwaltungsstrafe die Abnahme des Fahrzeugscheins oder der Verkehrstauglichkeitsbescheinigung zur Folge.;Abnahme des Fahrzeugscheins;ritiro della carta di circolazione;var
Sofern keine schwerere Straftat vorliegt, wird Trunkenheit am Steuer folgendermaßen geahndet: a) mit einer verwaltungsrechtlichen Geldbuße zwischen 531 und 2.125 Euro, wenn ein Wert ermittelt wird, der einem Alkoholgehalt über 0,5 und höchstens 0,8 Gramm pro Liter (g/l) entspricht.;Trunkenheit am Steuer;guida sotto l'influenza dell'alcool;var
Kraftfahrzeuge und Anhänger dürfen die im Fahrzeugschein angegebene Gesamtmasse nicht überschreiten.;Fahrzeugschein;carta di circolazione;var
Die bloße Besorgnis, die Zeugnisentschlagung als solche könnte (zusätzlichen) Verdacht auf den Zeugen lenken, vermag eine falsche Zeugenaussage nicht zu entschuldigen.;falsche Zeugenaussage;falsa testimonianza;var
Die Aufnahme in die stationäre Behandlung findet statt, wenn der Alkomat (Messgerät für den Alkoholgehalt ) 0,0 Promille anzeigt. Andernfalls wird Ihre Aufnahme verschoben.;Alkomat;etilometro;var
Auf der Fläche vor der Kirche „Maria in der Au“ wird eine öffentliche Dienstbarkeit eingerichtet. Auf diese Weise wird die Zufahrt zur Tiefgarage der WoBi-Gebäude regularisiert.;öffentliche Dienstbarkeit;servitù di uso pubblico;var
Die  vorgesehene Liste der Amtssachverständigen wird auf Veranlassung des Präsidenten des Landesgerichts geführt .;Liste der Amtssachverständigen;albo dei periti;var
"Das Antiblockiersystem A.B.S. gehört zur ""aktiven Sicherheit"" am Fahrzeug, da es vor allem auf Straßen mit schlechter Bodenhaftung (rutschige Straße, Regen, Eis, Schnee) ein Blockieren der Räder beim Bremsen verhindert und somit dazu beiträgt, Unfälle zu vermeiden.";Antiblockiersystem;sistema ABS;var
Zahlt ein Fahrzeugeigentümer für mindestens drei aufeinanderfolgende Jahre die Kraftfahrzeugsteuer nicht, so stellt der Italienische Automobilclub ihm eine Aufforderung zu, die Gründe für das Versäumnis zu nennen.;Kraftfahrzeugsteuer;bollo auto;var
Während des Übens muss der Fahrer von einer Person begleitet sein, die nicht älter als 65 Jahre ist  und einen gültigen Führerschein hat, der mindestens 10 Jahre alt ( oder einer höheren Führerscheinkategorie) ist.;Führerscheinkategorie;categoria di patente;var
Der Übergang von Sachen aus dem öffentlichen Gut in das Vermögen des Staates muss von der Verwaltungsbehörde erklärt werden.;Vermögen des Staates;patrimonio dello Stato;var
Beim Führen eines Kraftfahrzeuges muss der Fahrer folgende Papiere bei sich haben: a) je nach Art des Fahrzeuges den Fahrzeugschein, die Bescheinigung über die Verkehrstauglichkeit oder die Fahrzeugbescheinigung,  d) den Pflichtversicherungsschein.;Pflichtversicherungsschein;certificato di assicurazione obbligatoria;var
Der Autohaftpflichtversicherungsvertrag umfasst 1.560 Kraftfahrzeuge Es wurden 206 Angelegenheiten betreffend Autounfälle (RCA) und 50 für die Rückvergütung von Schäden am Landesvermögen behandelt. Die Gesamteinnahmen für die Schadensrückvergütung an das Land betrugen rund 85.000 Euro.;Autohaftpflichtversicherungsvertrag;contratto di assicurazione R.C.A.;var
Jeder Schaden, der an anderen Fahrzeugen, deren Insassen oder den Insassen des eigenen Fahrzeugs entsteht, wird durch die Autohaftpflichtversicherung abgedeckt.;Autohaftpflichtversicherung;assicurazione R.C.A.;var
Für jedes Kleinkraftrad wird beim zentralen Fahrzeugarchiv  eine elektronische Datei angelegt.;zentral Fahrzeugarchiv;archivio nazionale dei veicoli;var
Bei Ausstellung des Führerscheins werden dem Führerscheininhaber 20 Punkte gutgeschrieben. Dieser Punktestand wird im zentralen Register der Führerscheininhaber  eingetragen .;zentral Register der Führerscheininhaber;anagrafe nazionale degli abilitati alla guida;var
Die Fahrer und allfälligen Beifahrer von Kleinkrafträdern und Kradfahrzeugen sind verpflichtet, während der Fahrt einen ordnungsgemäß zugeschnallten Schutzhelm zu tragen .;Schutzhelm;casco protettivo;var
Fußgänger müssen auf Gehsteigen, Banketten, Gehwegen und anderen für Fußgänger bestimmten Flächen verkehren.;Fußgänger;pedone;var
Das Amt für zivile motorisierung stellt dem Führerscheinanwärter eine Erlaubnis aus (Fahrübungsschein), mit welcher er mit den Fahrzeugen derselben Kategorie, für welche er den Führerschein erwerben möchte, das Fahren üben darf.;Fahrübungsschein;autorizzazione per esercitarsi alla guida;var
Wer beantragt, die Prüfung zur Erlangung des Führerscheins oder zur Ausdehnung der Gültigkeit des Führerscheins auf andere Fahrzeugklassen ablegen zu dürfen, und die vorgeschriebene körperliche und geistige Tauglichkeit nachweist, erhält eine provisorische Fahrerlaubnis .;provisorische Fahrerlaubnis;autorizzazione per esercitarsi alla guida;var
Sklaverei  umfaßt  jede Handlung des Handelns mit Sklaven oder der Beförderung von Sklaven.;Sklave;schiavo;var
Die Geldbuße wird verdoppelt, wenn der Verstoß darin besteht, dass der Geschwindigkeitsbegrenzer manipuliert wurde.;Verstoß;infrazione;var
Die Fahrzeuglenker müssen stehenbleiben, die eigenen sowie die Daten von Führerschein, Fahrzeug und Versicherung zur Verfügung stellen sowie alle nötigen Einzelheiten bekanntgeben, um den Unfallhergang und die Unfallfolgen rekonstruieren zu können.;Fahrzeuglenker;conducente;var
Den Invaliden und diesen gleichgestellten Personen, welche Anrecht auf die Pflichteinstellung haben, werden in der Regel anfänglich Teilzeitstellen (z.Z. Ersatzstellen) oder kurzfristige Vollzeitaufträge angeboten.;Pflichteinstellung;assunzione obbligatoria;var
Die Pflichtvermittlung wird auch auf Menschen mit geistiger Behinderung angewendet, immer vorausgesetzt, dass sie eine Erwerbsfähigkeit besitzen und zu geeigneten Arbeiten herangezogen werden können.;Pflichtvermittlung;avviamento obbligatorio al lavoro;var
Das Personal ist im Außendienst, wenn es im Auftrag des Vorgesetzten oder mit dessen Genehmigung seinen Dienst an einem Ort versieht, der außerhalb seines ordentlichen Dienstsitzes liegt.;Dienstsitz;ordinaria sede di servizio;var
Das Personal, das seinen Dienst in einem abgelegenen Dienstsitz verrichtet und den Mensadienst nicht in Anspruch nehmen kann, hat Anrecht auf einen Essensgutschein .;Dienstsitz;sede di servizio;var
Die Nutzung der Dienstwohnung ist für die Unternehmensinhaber/Unternehmensinhaberinnen, die Mitarbeiter/Mitarbeiterinnen und die jeweiligen Familienangehörigen vorgesehen.;Dienstwohnung;alloggio di servizio;var
Die Pflicht gilt nicht für Zonen, die nach Artikel 3 als Fußgängerzonen oder verkehrsberuhigte Zonen definiert werden .;Fußgängerzone;APU;var
Der Datenschutzbehörde wird über die Gerichtskanzlei eine Kopie der von der Gerichtsbehörde erlassenen Verfügungen in Zusammenhang mit den Bestimmungen dieses Kodex oder den Bestimmungen über Computerkriminalität übermittelt.;Computerkriminalität;crimine informatico;var
Von verbaler Aggression über physische Gewalt bis zum immer verbreiteteren Cybercrime: Die Palette der Bedrohungen, der Frauen ausgesetzt sind, ist breit und die Übergänge zwischen den verschiedenen Formen sind nicht selten fließend.;Cybercrime;crimine informatico;var
Wer unbefugt in ein durch Sicherungsmaßnahmen geschütztes Datenverarbeituns- oder Telekommunikationssystem eindringt oder darin gegen den ausdrücklichen oder stillschweigenden Willen dessen, der das Recht hat, ihn auszuschließen, verbleibt, wird mit Gefängnisstrafe bis zu drei Jahren bestraft.;Telekommunikationssystem;sistema telematico;var
Bei Rot dürfen die Fahrzeuge nicht über die Haltelinie hinausfahren ist eine solche Linie nicht vorhanden, dürfen die Fahrzeuge weder den Kreuzungsbereich noch den Fußgängerüberweg besetzen noch über das Signal hinausfahren, damit sie den Anweisungen der Lichtzeichen folgen können.;Fußgängerüberweg;attraversamento pedonale;var
Der Fußgängerübergang ist ein Fahrbahnteil, auf welchem die Fahrzeuge den Fußgängern, die auf den eigens vorgesehenen Streifen überqueren, den Vortritt gewähren müssen.;Fußgängerübergang;attraversamento pedonale;var
Ampelgeregelte Fußgängerüberwege können mit akustischen Signalen für Blinde ausgestattet sein. Die Lichter der Fußgängerampeln haben die Form eines farbigen Fußgängers auf schwarzem Hintergrund.;ampelgeregelter Fußgängerüberweg;attraversamento pedonale semaforizzato;var
Vorbehaltlich der Verwendung der Daten für die Ermittlung der Verantwortlichkeit im Fall von hypothetischen Computerdelikten zum Schaden der Website werden die Daten über die Webkontakte derzeit nicht länger als sieben Tage aufbewahrt.;Computerdelikt;computer crime;var
Der internationale Führerschein bzw. die internationale Fahrerlaubnis ist eine Übersetzung des italienischen Führerscheines in mehrere Sprachen. Er/sie ist ein Zusatzdokument zum italienischen Führerschein.;internationale Fahrerlaubnis;patente internazionale;var
Die Fahrtauglichkeit wird von der örtlichen Ärztekommission  überprüft, die dazu den Spezialisten der Rehabilitationseinheit anhört, der die Krankengeschichte des Patienten verfolgt hat.;Fahrtauglichkeit;idoneità alla guida;var
Die Abwesenheit wegen Krankheit wird bei der Berechnung des Dienstalters, des Aufstieges in der Besoldung, des Ruhegehaltes und der Abfertigung zur Gänze berücksichtigt.;Abwesenheit wegen Krankheit;assenza dal servizio per malattia;var
Die Regierung teilt dem Parlament jährlich die Ergebnisse der periodischen Untersuchungen über die Auswirkungen des Straßenverkehrs auf die Gesellschaft, die Umwelt und die Wirtschaft mit.;Straßenverkehr;circolazione;var
Wenn der Verkehr durch Armzeichen oder Lichtzeichen geregelt wird, so gehen diese sowohl den Straßenverkehrszeichen als auch den Bodenmarkierungen vor.;Verkehr;circolazione stradale;var
Absatz 2 gilt für alle Fahrzeuge beim Kreuzen und beim Befahren von Kurven und Kuppen, sofern sie nicht auf Straßen mit zwei getrennten Fahrbahnen, einer Fahrbahn mit mindestens zwei Fahrstreifen pro Fahrtrichtung oder einer Einbahn verkehren.;Einbahn;carreggiata a senso unico;var
Die Brennerautobahn verfügt  über zwei Fahrspuren pro Richtung sowie jeweils eine Notspur.;Notspur;corsia di emergenza;var
Die Pannenstreifen dürfen von Fußgängern nur betreten werden, um die Notrufeinrichtungen zu erreichen.;Pannenstreifen;corsia di emergenza;var
Der Fahrer ist verpflichtet, a) den Beschleunigungsstreifen zu verwenden, um auf den Fahrstreifen für den durchgehenden Verkehr einzufahren, und den auf diesem Fahrstreifen verkehrenden Fahrzeugen Vorfahrt zu geben ….;Fahrstreifen für den durchgehenden Verkehr;corsia di marcia;var
Auf den Fahrbahnen, den Rampen und den Einmündungen von Straßen ist es verboten, a) zu wenden, den Fahrbahnteiler - auch nicht an Unterbrechungen - zu überqueren sowie die Fahrbahn oder einen Teil davon in Gegenrichtung zu befahren, .;Fahrbahnteiler;spartitraffico;var
Die Verkehrsteilnehmer dürfen den Bahnübergang nicht überqueren, wenn a) die Schranken oder Halbschranken geschlossen sind oder sich senken .;Bahnübergang;passaggio a livello;var
An halbbeschrankten Bahnübergängen muss auf Veranlassung und auf Kosten des Eisenbahnbetreibers rechts von der Straße eine Lichtsignalvorrichtung mit zwei roten Wechsellichtzeichen zusammen mit einer akustischen Signalvorrichtung angebracht werden, mit denen rechtzeitig auf das Schließen der Halbschranken hingewiesen wird.;halbbeschrankt Bahnübergang;passaggio a livello con semibarriere;var
An beschrankten Bahnübergängen kann auf Veranlassung und auf Kosten des Eisenbahnbetreibers rechts von der Straße eine Signalvorrichtung mit rotem Dauerlichtzeichen zusammen mit einer akustischen Signalvorrichtung angebracht werden, mit denen rechtzeitig auf das Schließen der Schranken hingewiesen wird.;beschrankt Bahnübergang;passaggio a livello con barriere;var
Fußgänger müssen auf den Gehsteigen, den Banketten, den Gehwegen und den anderen für sie eingerichteten Flächen gehen .;Gehsteig;marciapiede;var
Bestandteile einer Straße sind: a) die unmittelbar dem Verkehr dienenden Flächen, wie Fahrbahnen, Radwege, Reitwege, Gehsteige, Gehwege, Geh- und Radwege, Schutzinseln, Haltebuchten, Bushaltestellen, Parkflächen sowie der Grenzabfertigung und der Einhebung von Benutzungsgebühren dienenden Flächen und dergleichen, .;Gehweg;percorso pedonale;var
Werden mehrere Straßen gleichzeitig neu angelegt oder an bestehenden höhenfreien Kreuzungen Anschlussstellen neu geschaffen, so haben die Träger der Straßenbaulast die Kosten der Kreuzungsanlage im Verhältnis der Fahrbahnbreiten der an der Kreuzung beteiligten Straßenäste zu tragen.;höhenfrei Kreuzung;intersezione a livelli sfalsati;var
Hält eine Straßenbahn oder ein Oberleitungsbus mitten auf der Fahrbahn an, um die Fahrgäste ein und aussteigen zu lassen, und ist keine Schutzinsel vorhanden, so darf rechts nicht überholt werden.;Schutzinsel;isola salvagente;var
Auf Einbahnstraßen im Ortsgebiet darf auch entlang des linken Fahrbahnrandes geparkt werden, sofern genügend Platz für die Durchfahrt wenigstens einer Fahrzeugreihe frei bleibt, mindestens aber ein drei Meter breiter Streifen.;Einbahnstraße;strada a senso unico;var
Ausgabe von Falschgeld und Einfuhr in das Land ohne Verabredung;Ausgabe von Falschgeld;spendita di monete falsificate;var
Es ist verboten, an unbeschrankten Bahnübergängen oder in deren Nähe zu überholen, es sei denn, der Verkehr wird durch eine Ampel geregelt .;unbeschrankt Bahnübergang;passaggio a livello senza barriere;var
Bei Neubau, Wiederaufbau und Erweiterung von Straßen in geschlossenen Ortschaften müssen die Bannstreifen ab der Straßengrenze mindestens die in der Verordnung für die jeweilige Straßenkategorie angegeben Ausmaße haben.;Straßengrenze;confine stradale;var
Verkauf oder Erwerb von Sachen mit dem nachgemachten Stempelabdruck einer öffentlichen Beglaubigung oder Bescheinigung.;Stempelabdruck einer öffentlichen Beglaubigung;impronta di pubblica autenticazione;var
Die Straßen werden angesichts ihrer baulichen, technischen und funktionellen Merkmale folgendermaßen klassifiziert: A – Autobahnen, B – erstrangige Freilandstraßen, C – zweitrangige Freilandstraßen, D – innerstädtische Durchgangsstraßen, E – Ortsviertelstraßen, F – Lokalstraßen, F-bis. – Geh- und Radwege.;Straße;strada;var
Es ist verboten, ohne vorherige Genehmigung des Straßeneigentümers neue Zufahrten und neue Abzweigungen zwischen der Straße und den anliegenden Grundstücken oder Gebäuden und neue Straßenanschlüsse für den öffentlichen oder privaten Gebrauch festzulegen.;Straßeneigentümer;ente proprietario della strada;var
Wer sich nach dem Konsum alkoholischer Getränke in angetrunkenem Zustand befindet, darf kein Fahrzeug führen.;angetrunken Zustand;stato di ebbrezza;var
An Straßeneinmündungen von einem Pfad, einem Hirtenpfad, einem Saumpfad oder einem Radweg muss der Fahrer anhalten und den auf der Straße verkehrenden Verkehrsteilnehmern Vorrang geben.;Saumpfad;mulattiera;var
Als Bahnübergänge gelten auch höhengleiche Kreuzungen von Straßenbahnen auf besonderem Bahnkörper mit Straßen, Wegen oder Plätzen, wenn die Vorschriften  eingehalten sind.;Bahnkörper;sede tranviaria;var
Außerhalb geschlossener Ortschaften müssen Fußgänger auf Gegenverkehrsfahrbahnen gegen die Fahrtrichtung der Fahrzeuge verkehren, auf Fahrbahnen mit Einbahnverkehr an dem Fahrbahnrand, der in der Fahrtrichtung der Fahrzeuge rechts liegt.;Gegenverkehrsfahrbahn;carreggiata a due sensi di marcia;var
In der Straßenverkehrsordnung werden die „Güterwege“ den Gemeindestraßen gleichgestellt.;Gemeindestraße;strada comunale;var
Wer öffentlich zum Ungehorsam gegen die Gesetze der öffentlichen Ordnung oder zum Haß zwischen den sozialen Klassen auffordert, wird mit Gefängnisstrafe von sechs Monaten bis zu fünf Jahren bestraft.;öffentlich Ordnung;ordine pubblico in senso materiale;var
Der Bereitschaftsdienst wird von einer einzigen Person pro Schicht durchgeführt bei außergewöhnlichen Bedürfnissen, die auf Landesebene als solche deklariert werden, kann der Dienst bis zum Abschluss der Notfallmeldung von zwei Mitarbeitern gleichzeitig ausgeführt werden.;Bereitschaftsdienst;servizio di reperibilità;var
Die Landesverwaltung muß das Verkehrsverbot durch Anbringung einer entsprechenden Tafel bekanntgeben es müssen darauf das Fahrverbotszeichen und der Hinweis auf dieses Gesetz angebracht sein. Die vor Inkrafttreten dieses Gesetzes angebrachte Beschilderung bleibt unverändert.;Beschilderung;segnaletica stradale;var
Die Verkehrszeichen und -einrichtungen werden eingeteilt in a) Verkehrsschilder, b) Bodenmarkierungen, c) Lichtzeichen, d) Zusatzzeichen und -einrichtungen.;Verkehrszeichen und -einrichtungen;segnaletica;var
Eine willentlich falsche Angabe ist  das schwerste Verbrechen, das ein Wissenschaftler begehen kann.;falsche Angabe;falsa dichiarazione;var
In folgenden Fällen haben die Bediensteten Anspruch auf bezahlten Sonderurlaub, : bei Heirat  bei Prüfungen .;bezahlt Sonderurlaub;permesso retribuito;var
Sofern nichts anderes angezeigt wird , muss das Fahrzeug beim Halten und Parken so nah wie möglich am rechten Fahrbahnrand abgestellt werden, und zwar parallel zu diesem und in Fahrtrichtung.;Parken;sosta;var
Die Lichter der Ampeln für öffentliche Verkehrsmittel haben die Form eines weißen Balkens oder eines gelben Dreieckes auf schwarzem Hintergrund: Ein waagrechter weißer Balken bedeutet „Anhalten“, ein senkrechter gerader Balken bedeutet „Freie Fahrt geradeaus“ ….;Anhalten;arresto;var
Die Straßeneigentümer müssen die Klassifizierung der Straßen für ihr gesamtes Straßennetz innerhalb eines Jahres ab Erlass der Normen  vornehmen.;Klassifizierung der Straßen;classificazione delle strade;var
Der Beschuldigte, auf den sich diese ausgedehnte Wirkung bezieht, muß geladen werden und kann am Verfahren, das auf die Zurückverweisung folgt, teilnehmen.;Beschuldigter;imputato;var
Zustellungen an einen inhaftierten Angeklagten sind am Ort der Inhaftierung durch Aushändigung einer Abschrift an ihn persönlich durchzuführen.;Angeklagter;imputato;var
Anwärter/Anwärterinnen auf den Dienstrang eines Seilbahnwartes/einer Seilbahnwartin müssen für jede Anlagenkategorie die für den Führerschein der Klasse B notwendigen Anforderungen an die körperliche und geistige Tauglichkeit erfüllen .;Tauglichkeit;idoneità;var
In der Verfügung, mit der das Gericht eine Kaution auferlegt, sind ihr Gegenstand, die Art ihrer Erbringung und die Frist, innerhalb der die Leistung erfolgen muß, anzugeben.;Kaution;cauzione;var
Niemand kann vorbeugenden Maßnahmen unterworfen werden, wenn gegen ihn nicht schwerwiegende Schuldindizien vorliegen.;schwerwiegende Schuldindizien;gravi indizi di colpevolezza;var
Mit der Verfügung, die einen Zwangsaufenthalt anordnet, schreibt das Gericht dem Angeklagten vor, sich ohne Ermächtigung des mit dem Verfahren befaßten Gerichts nicht aus dem Gebiet der Gemeinde, in der er seinen gewöhnlichen Aufenthalt hat, zu entfernen .;Zwangsaufenthalt;obbligo di dimora;var
Mit der Verfügung, welche die Pflicht zur Meldung bei der Gerichtspolizei auferlegt, schreibt das Gericht dem Angeklagten vor, sich bei einer bestimmten Diensstelle der Gerichtspolizei zu melden.;Pflicht zur Meldung bei der Gerichtspolizei;obbligo di firma;var
Ein Amtsgutachten ist zuzulassen, wenn Erhebungen angestellt oder Daten oder Bewertungen eingeholt werden müssen, die eine besondere technische, wissenschaftliche oder künstlerische Fachkenntnis erfordern.;Amtsgutachten;perizia;var
Der Urkundenbeweis erfolgt idR dadurch, dass der Beweisführer eine in seinen Händen befindliche Urkunde vorlegt.;Urkundenbeweis;prova documentale;var
Eigentümer von Kraftwagen, Kradfahrzeugen oder Anhängern oder entsprechend Berechtigte müssen, innerhalb von 60 Tagen, dem zuständigen Amt des öffentlichen Kraftfahrzeugregisters die endgültige Ausfuhr des Fahrzeugs ins Ausland mitteilen. Die Eigentumsbescheinigung und der Fahrzeugschein müssen zurückgegeben werden.;Eigentumsbescheinigung;foglio complementare;var
Zweck der Trinkwasserverordnung (TrinkwV) ist es, die menschliche Gesundheit vor nachteiligen Einflüssen, die sich aus einer Verunreinigung von Trinkwasser ergeben, zu schützen.;Verunreinigung;corrompimento;var
Im Ausland zugelassene Kraftwagen, Kradfahrzeuge und Anhänger, für die, falls vorgeschrieben, die Zollformalitäten oder die Formalitäten  erledigt wurden, dürfen in Italien mit der Zulassungsbescheinigung des Herkunftsstaates höchstens ein Jahr lang verkehren.;Zulassungsbescheinigung des Herkunftsstaates;certificato di immatricolazione dello Stato di origine;var
Kraftwagen, Kradfahrzeuge und Anhänger, die im Ausland zugelassen wurden, müssen hinten mit dem Unterscheidungszeichen des Herkunftsstaates versehen sein, wenn sie in Italien verkehren.;Unterscheidungszeichen des Herkunftsstaates;sigla distintiva dello Stato di origine;var
Das letzte Fahrzeug des Verbands landwirtschaftlicher Maschinen muss ein Wiederholungskennzeichen der landwirtschaftlichen Zugmaschine führen, wenn bei dieser das Kennzeichen verdeckt ist.;Wiederholungskennzeichen;targa ripetitrice;var
Ist eine Kollokation durch betrügerische Angaben erschlichen worden, so ist sie  nichtig und der Rechtskraft nicht fähig.;Rechtskraft;giudicato;var
Voraussetzung für eine Kostenbestimmung  ist das Vorliegen einer rechtskräftigen Entscheidung über die grundsätzliche Kostenersatzpflicht .;rechtskräftige Entscheidung;giudicato;var
Die Staatsanwaltschaft kann aus Gründen der Strafrechtspflege den vorgenannten Auszug hinsichtlich einer den Vorerhebungen unterworfenen Person, eines Angeklagten oder eines Verurteilten beantragen.;Strafrechtspflege;giustizia penale;var
Ist ein Urteil, das auf Verurteilung zu einer Freiheitsstrafe lautet, zu vollziehen, so erläßt die Staatsanwaltschaft einen Vollstreckungsbefehl, mit dem sie, wenn der Verurteilte nicht bereits inhaftiert ist, dessen Verhaftung anordnet. Eine Abschrift des Befehls ist dem Betroffenen auszuhändigen.;Vollstreckungsbefehl;ordine di esecuzione;var
Zugunsten der Verurteilten ist jederzeit in den vom Gesetz bestimmten Fällen eine Wiederaufnahme gegen unwiderruflich gewordene, auf Verurteilung lautende Urteile und Strafbefehle zulässig .;Wiederaufnahme;revisione;var
Der Berufungskläger muß eine Abschrift des angefochtenen Urteils in seine Akte einfügen.;Berufungskläger;appellante;var
Die Beschwerde gegen den Widerruf hat aufschiebende Wirkung und gilt als angenommen, wenn eine Entscheidung darüber nicht innerhalb von sechzig Tagen mitgeteilt wird.;aufschiebende Wirkung;effetto sospensivo;var
Sind die neuen Beweise erst nach dem Verfahren erster Instanz entstanden oder aufgefunden worden, so ordnet das Gericht in den , vorgesehenen Grenzen die Erneuerung des Beweisverfahrens in der Hauptverhandlung an.;Erneuerung des Beweisverfahrens in der Hauptverhandlung;rinnovazione dell'istruzione dibattimentale;var
Wenn ein Berufungsurteil für nichtig erklärt worden ist und die Parteien es beantragen, ordnet das Gericht die Neudurchführung der Hauptverhandlung zur Aufnahme der für die Entscheidung erheblichen Beweise an.;Neudurchführung der Hauptverhandlung zur Aufnahme der für die Entscheidung erheblichen Beweise;rinnovazione dell'istruzione dibattimentale;var
Die Verhandlung wird vertagt, wenn eine berechtigte Verhinderung des Angeklagten, der den Willen zu erscheinen bekundet hat, vorliegt.;berechtigte Verhinderung;legittimo impedimento;var
Die Beschwerde muß bei sonstiger Unzulässigkeit enthalten:  die Angabe der Prozeßvollmacht, wenn sie mit einem eigenen Schriftstück erteilt worden ist, sowie bei Gewährung der Verfahrenshilfe die Angabe des entsprechenden Dekrets.;Gewährung der Verfahrenshilfe;ammissione al gratuito patrocinio;var
Die Parteien können den in Artikel 444, Absatz 1, vorgesehenen Antrag bis zur Erklärung der Eröffnung der Hauptverhandlung erster Instanz stellen.;Eröffnung der Hauptverhandlung;apertura del dibattimento;var
Die Beweisaufnahme muß in derselben Verhandlung oder, falls nötig, in einer Verhandlung abgeschlossen werden, die an den unmittelbar darauffolgenden Werktagen stattfinden muß.;Beweisaufnahme;assunzione della prova;var
Erklärungen, die ein Mitangeklagter, dem dieselbe strafbare Handlung zur Last gelegt wird, oder eine Person abgibt, die in einem gemäß Artikel 12 zusammenhängenden Verfahren angeklagt ist, sind zusammen mit allen sonstigen Beweisumständen, die ihre Glaubwürdigkeit untermauern, zu würdigen.;Mitangeklagter;coimputato;var
Mit dem Strafbefehl oder dem Urteil beauftragt das Gericht das örtliche Amt für Strafvollstreckung , zu überprüfen, ob die gemeinnützige Arbeit effektiv geleistet wird.;Strafbefehl;decreto penale di condanna;var
Die Urteilsfällung ist beim Einzelrichter ein rein innerer Vorgang beim Senat wird das Urteil durch Abstimung gefällt.;Urteilsfällung;deliberazione della sentenza;var
Nach erfolgter Überprüfung der Einlassung der Parteien erklärt das Gericht die Erörterung für eröffnet.;Erörterung;discussione;var
Nach Abschluß der Beratung faßt der Vorsitzende den Urteilsspruch ab und unterzeichnet ihn.;Urteilsspruch;dispositivo della sentenza;var
Der Präsident des Landesgerichts oder des Schwurgerichts kann, nachdem das Dekret, auf Einleitung des Hauptverfahrens bei ihm eingegangen ist, bei Vorliegen rechtfertigender Gründe mit Dekret die Verhandlung nicht mehr als einmal vorverlegen oder auf später verschieben.;Hauptverfahren;giudizio;var
Der Angeklagte nimmt an der Verhandlung als freie Person teil , selbst wenn er inhaftiert ist , sofern in einem solchen Fall nicht Vorkehrungen nötig sind , mit welchen der Gefahr einer Flucht oder Gewaltanwendung vorgebeugt werden soll .;als freie Person;libero nella persona;var
Die Eltern und, wenn diese fehlen, die übrigen Vorfahren sowie die Verwandten bis zum dritten Grad der Seitenlinie können gegen die Eheschließung ihrer Verwandten aus jedem Grund, der der Eheschließung entgegensteht, Widerspruch erheben.;Widerspruch;opposizione;var
Über die von den Parteien im Lauf der Hauptverhandlung aufgeworfenen Zwischenstreitfragen entscheidet das Gericht sofort und nach deren Erörterung, die auf in Artikel 491 vorgesehene Art und Weise zu erfolgen hat, mit Beschluß.;Zwischenstreitfrage;questione incidentale;var
Die Staatsanwaltschaft erhebt, wenn sie nicht die Archivierung beantragen muß, Anklage, indem sie in den im 2., 3., 4. und 5. Titel des 4. Buche (444 ff.) vorgesehenen Fällen den Anklagesatz abfaßt oder die Einleitung des Hauptverfahrens (417) beantragt.;Einleitung des Hauptverfahrens;rinvio a giudizio;var
Die Hauptstrafen werden vom Richter durch das auf Verurteilung lautende Urteil verhängt die Nebenstrafen treten kraft Gesetzes als strafrechtliche Wirkung der Verurteilung ein.;auf Verurteilung lautend Urteil;sentenza di condanna;var
Wenn die Anklage nicht erhoben werden hätte dürfen oder nicht weiter verfolgt werden darf, fällt das Gericht ein Urteil auf Unzulässigkeit des Verfahrens, wobei der Grund hierfür im Urteilsspruch anzuführen ist.;Urteil auf Unzulässigkeit des Verfahrens;sentenza di non doversi procedere;var
Über den Antrag auf Aussetzung des Verfahrens gemäß dem vorhergehenden Artikel entscheidet der Vollstreckungsrichter nach Anhörung der Parteien mit Beschluß.;Aussetzung des Verfahrens;sospensione del giudizio;var
Anwärter auf den Führerschein der Klasse B müssen an einer Fahrschule mit einem ausgebildeten und dazu berechtigten Praxisfahrlehrer Fahrübungen auf der Autobahn oder auf Freilandstraßen sowie bei Dunkelheit machen.;Freilandstraße;strada extraurbana;var
Als Berechnungsbasis des Betrags, der jährlich dem Land zu überweisen ist wird die Menge der Bioabfälle berücksichtigt, die einer Verwertungsanlage zugeführt wird (davon ausgenommen sind die Grünabfälle).;Bioabfall;rifiuto organico;var
Wenn sich auch aus der Festsetzung des Aufgabenbereiches Schlussfolgerungen für die konkreten Dienstpflichten des ao Universitätsprofessors ergeben, so ist dies als Organisationsakt von dem dienstrechtlichen Ernennungsakt zu unterscheiden.;Organisationsakt;atto organizzativo;var
Kleinkrafträder müssen für den Straßenverkehr mit Folgendem ausgerüstet sein: mit einer Fahrzeugbescheinigung, welche die baulichen Daten und die Identifizierungsdaten des Fahrzeugs enthält sowie die Daten des Kennzeichens und des Inhabers.;Fahrzeugbescheinigung;certificato di circolazione;var
Änderung der baulichen Merkmale bereits verkehrender Fahrzeuge und Nachtrag im Fahrzeugschein;Nachtrag im Fahrzeugschein;aggiornamento della carta di circolazione;var
Die Person, welche die Anhaltung vorgenommen hat, hat den Angehaltenen und die Sachen, die Überführungsstücke darstellen, an die Gerichtspolizei zu übergeben .;Angehaltener;arrestato;var
Die Anklage ist von Amts wegen zu erheben, wenn nicht ein Strafantrag, ein Ersuchen, ein Ansuchen oder eine Ermächtigung zur Strafverfolgung notwendig ist.;Anklage;azione penale;var
In Interessensabwägung zwischen Opferschutz, effektiver Opferhilfe und legitimer Strafverfolgung hat sich der Gesetzgeber  dazu entschlossen, Behörden oder öffentliche Dienststellen dann von der Anzeigepflicht auszunehmen, wenn die Anzeige eine amtliche Tätigkeit beeinträchtigen würde, deren Wirksamkeit eines persönlichen Vertrauensverhältnisses bedarf.;Strafverfolgung;azione penale;var
Erläßt der Richter für die Vorerhebungen das Dekret auf Archivierung, verständigt er, wenn er weitere Erhebungen für erforderlich hält, die Generalstaatsanwaltschaft beim Oberlandesgericht.;Dekret auf Archivierung;provvedimento di archiviazione;var
Die Verhandlung findet in nichtöffentlicher Sitzung unter notwendiger Teilnahme der Staatsanwaltschaft und des Verteidigers der den Vorerhebungen unterworfenen Person statt. Ebenso hat der Verteidiger der verletzten Person ein Recht, an ihr teilzunehmen.;Verteidiger der verletzten Person;difensore della persona offesa;var
Der Präsident des Oberlandesgerichts nimmt so bald als möglich und jedenfalls innerhalb von fünf Tagen ab der Vollstreckung der Zwangsmaßnahme die Identifizierung der Person vor.;Identifizierung der Person;identificazione della persona;var
Die Feststellung der Identität der Person, gegen welche die Erhebungen geführt werden, kann erforderlichenfalls auch durch die Abnahme von Fingerabdrücken, durch fotografische Aufnahmen und durch die Abnahme der Körpermaße sowie durch sonstige Ermittlungen vorgenommen werden.;Feststellung der Identität der Person;identificazione della persona;var
Gegenstand der Beweisführung sind Tatsachen, die sich auf die Anklage, auf die Strafbarkeit und auf die Bestimmung der Strafe oder der Sicherungsmaßnahme beziehen (348, 421 Abs. 2).;Anklage;imputazione;var
Die Gerichtspolizei nimmt jede Erhebung und Tätigkeit vor, die ihr von der Gerichtsbehörde angeordnet oder übertragen worden ist.;Erhebung;indagine;var
Die von der Staatsanwaltschaft und von der Gerichtspolizei vorgenommenen Erhebungshandlungen, unterliegen so lange der Geheimhaltung bis der Angeklagte von ihnen Kenntnis erlangen darf und jedenfalls nicht über den Abschluß der Vorerhebungen hinaus.;Vorerhebungen;indagini preliminari;var
Die Gerichtspolizei nimmt weiters die Festnahme aus eigenem Betrieb vor, wenn in der Folge der Verdächtige individualisiert wird oder wenn besondere Umstände hinzukommen, welche die Gefahr, daß der Verdächtige zu fliehen im Begriff ist .;Verdächtiger;indiziato di delitto;var
Das Ansuchen um Strafverfolgung wird durch die verletzte Person in den für den Strafantrag vorgesehenen Formen gestellt.;Ansuchen um Strafverfolgung;istanza di procedimento;var
Der Strafantrag wird mittels einer Erklärung gestellt, in welcher persönlich oder durch einen besonders Bevollmächtigten der Wille geäußert wird, daß eine vom Gesetz als strafbare Handlung vorgesehene Tat verfolgt werden soll.;Strafantrag;istanza di procedimento;var
Ladungen von Personen, die über den Sachverhalt Bescheid wissen;Person  der über der Sachverhalt Bescheid wissen;persona informata sui fatti;var
Beim Überqueren von Eisenbahn- oder Straßenbahnlinien muss der Fahrer den Schienenfahrzeugen Vorfahrt geben, sofern nichts anderes angezeigt ist.;Vorfahrt;precedenza;var
Bei Erreichen des Rentenalters und der übrigen Voraussetzungen wird das ordentliche Invalidengeld von Amts wegen in eine Altersrente umgewandelt.;Invalidengeld;assegno ordinario di invalidità;var
Die Versicherungskassen zahlen folgende Renten aus:  Bei Eintritt von Invalidität, durch welche die Arbeits- und Verdienstfähigkeit eingeschränkt wird, das Invalidengeld bzw. die Arbeitsunfähigkeitsrente.;Invalidengeld;assegno di invalidità;var
Ein Fahrzeug dient der Vermietung ohne Fahrer, wenn sich der Vermieter gegen Entgelt verpflichtet, es dem Mieter für seine Bedürfnisse zur Verfügung zu stellen.;Vermietung ohne Fahrer;locazione senza conducente;var
Die Wahlwerberlisten jedes Wahlkreises sind mit einer Erklärung vorzulegen, die von nicht weniger als 400 und nicht mehr als 600 Wählern unterzeichnet sein muß, die im jeweiligen Wahlkreis für die Wahl des Regionalrates das Recht zur Stimmabgabe besitzen.;Wahlwerberliste;lista elettorale;var
Wer bei Fahrübungen als Fahrlehrer unterweist, muss den vorgeschriebenen Führerschein und, wenn es sich um den Fahrlehrer einer Fahrschule handelt, auch den Fahrlehrerschein  mitführen.;Fahrlehrer;istruttore di guida;var
Das Amt für zivile motorisierung stellt dem Führerscheinanwärter eine erlaubnis aus (Fahrübungsschein), mit welcher er mit den Fahrzeugen derselben Kategorie, für welche er den Führerschein erwerben möchte, das Fahren üben darf.;Führerscheinanwärter;aspirante conducente;var
Der Unternehmer und der Arbeitnehmer sind gegenseitig verpflichtet, den Arbeitsversuch, der Gegenstand der Probeabmachung bildet, vornehmen zu lassen und vorzunehmen.;Probeabmachung;patto di prova;var
Inhaber einer provisorischen Fahrerlaubnis dürfen Fahrübungen auf Fahrzeugen jener Klassen machen, für die sie den Führerschein oder die Ausdehnung der Führerscheingültigkeit beantragt haben .;Ausdehnung der Führerscheingültigkeit;estensione della patente di guida;var
Verkehrsschilder werden in folgende Kategorien eingeteilt: A) Gefahrenzeichen , B) Vorschriftszeichen , C) Hinweiszeichen .;Verkehrsschild;segnale verticale;var
Gefahrenzeichen  kündigen Gefahren an, geben deren Art an und mahnen den Fahrer, sich vorsichtig zu verhalten.;Gefahrenzeichen;segnale di pericolo;var
Vorschriftszeichen  zeigen Gebote, Verbote und Einschränkungen an, an die sich die Verkehrsteilnehmer halten müssen, und werden eingeteilt in a) Vorfahrtszeichen, b) Verbotszeichen, c) Gebotszeichen .;Vorschriftszeichen;segnale di prescrizione;var
Hinweiszeichen  werden eingeteilt in: a) Vorankündigungszeichen, b) Richtungszeichen, c) Bestätigungszeichen, .;Hinweiszeichen;segnale di indicazione;var
Die Bodenmarkierungen werden eingeteilt in: a) Längslinien, b) Querlinien, c) Fußgänger- oder Radfahrerüberwege, d) Richtungspfeile, .;Bodenmarkierung;segnale orizzontale;var
Als Handwerksunternehmen gilt  ein Unternehmen, das  in Form einer Gesellschaft gegründet und geführt wird, vorausgesetzt, daß die Mehrheit der Gesellschafter vorwiegend die eigene, auch manuelle Tätigkeit in den Produktionsprozeß einbringt.;manuelle Tätigkeit;lavoro manuale;var
Arbeitnehmer ist, wer sich verpflichtet, gegen Entlohnung im Unternehmen durch eigene geistige oder manuelle Arbeitsleistung in Abhängigkeit vom Unternehmer und unter dessen Leitung mitzuarbeiten.;manuelle Arbeitsleistung;lavoro manuale;var
Es ist grundlegend, dass der Speiseeishersteller oder die Speiseeisherstellerin den gesamten Verarbeitungsprozess von der Zubereitung der Grundmischung bis zur Anrührung ausführt und seine bzw. ihre manuelle Arbeit gegenüber dem technischen Prozess überwiegt.;manuelle Arbeit;lavoro manuale;var
In der Regionalkommission für die Landarbeiter  werden der Vertreter des Ministeriums für Land- und Forstwirtschaft und der Vertreter der Entwicklungskörperschaften und -anstalten durch einen Vertreter der Provinz Trient und einen Vertreter der Provinz Bozen ersetzt.;Landarbeiter;lavoratore agricolo;var
Die zeitweilige Dienstenthebung besteht in der Entfernung vom Dienst und im Entzug des Gehalts für nicht mehr als ein und nicht mehr als sechs Monate.;zeitweilige Dienstenthebung;sospensione dalla qualifica;var
Die zeitweilige Enthebung vom Dienst hat die Entfernung vom Dienst und die Streichung des Gehaltes für nicht weniger als einen Monat und nicht mehr als sechs Monate zur Folge.;zeitweilige Enthebung vom Dienst;sospensione dal lavoro;var
Einer der Stimmzähler übernimmt die Aufgaben des Schriftführers des Sonderwahlamtes.;Stimmzähler;scrutatore;var
In jedem Sprengel wird eine Wahlbehörde gebildet, die aus einem Vorsitzenden, vier Stimmenzählern und einem Schriftführer zusammengesetzt ist.;Stimmenzähler;scrutatore;var
Der Dienst für Basismedizin erbringt durch die Sprengel folgende Leistungen: k) stationäre Betreuung von älteren Menschen und Behinderten l) Gesundheitsförderung und Gesundheitserziehung.;stationäre Betreuung;assistenza residenziale;var
Für Angehörige der evangelischen Kirchen AB und HB, der Altkatholischen Kirche und der Evangelisch-methodistischen Kirche ist auch der Karfreitag ein Feiertag.;Feiertag;festività infrasettimanale;var
Wenn der Bereitschaftsdienst auf einen Feiertag fällt, so hat der Bedienstete das Recht auf einen Ausgleichsruhetag, ohne dass dadurch die Wochenpflichtstunden reduziert werden.;Ausgleichsruhetag;riposo compensativo;var
Bei Stimmengleichheit gewinnt die Wahl, wer mit der meistgewählten Liste oder Listengruppierung verbunden ist (höchste Wahlziffer).;Listengruppierung;coalizione di liste;var
Alle Privatrechtssubjekte, die mit Verwaltungstätigkeiten betraut sind, gewährleisten die Beachtung der Kriterien und Grundsätze auf einem Niveau, das nicht niedriger ist als jenes, zu dem die öffentlichen Verwaltungen auf Grund dieses Gesetzes Nr. 241/1990 verpflichtet sind.;Privatrechtssubjekt;soggetto di diritto privato;var
Bei Ablauf des Vertrages wird dem Arbeitnehmer eine Prämie aus Anlaß der Beendigung der Arbeit bezahlt, die im Verhältnis zur Dauer des Vertrages bestimmt wird und der in den Kollektivverträgen vorgesehenen Abfertigung entspricht.;Abfertigung;indennità di anzianità;var
Die vom Wahlwerber bei Erklärung der Annahme der Kandidatur angegebene Sprachgruppenzugehörigkeit muß der Erklärung entsprechen, die er im Sinne des Artikels 18 des Dekrets des Präsidenten der Republik vom 26. Juli 1976, Nr. 752  abgegeben hat.;Wahlwerber;candidato elettorale;var
Ein gerichtlicher Vergleich kann auch dadurch geschlossen werden, dass die Parteien dem Gericht einen schriftlichen Vergleichsvorschlag unterbreiten oder einen schriftlichen Vergleichsvorschlag des Gerichts durch Schriftsatz gegenüber dem Gericht annehmen.;gerichtlicher Vergleich;conciliazione;var
Arbeitgeber können bisher illegal beschäftigte Arbeitnehmer aus Nicht-EU-Ländern legalisieren lassen.;Arbeitnehmer aus Nicht-EU-Ländern;lavoratore extracomunitario;var
Der Erstattungsbetrag darf die Kosten des abgestellten Arbeitnehmers nicht überschreiten dem abstellenden Arbeitgeber darf aus der Abtretung kein Gewinn erwachsen, da dies eine unrechtmäßige und unzulässige Form von Leiharbeit darstellen würde.;abgestellt Arbeitnehmer;lavoratore distaccato;var
Die Ärzte für Allgemeinmedizin sind verpflichtet ihre Tätigkeit in direkter Betreuungsform nur gegenüber den Betreuten auszuüben, die sie vorher gewählt haben.;Allgemeinmediziner;medico di fiducia;var
Im Jahr 2018 hatten 508.127 Betreuungsberechtigte ihren Allgemeinmediziner und Kinderarzt freier Wahl gewählt davon wurden 441.198 von den Allgemeinmedizinern betreut, 66.929 von den Kinderärzten freier Wahl.;Allgemeinmediziner;medico di medicina generale;var
Wo kein Dienst für Betreuungskontinuität, der von den vertragsgebunden Ärztinnen und Ärzten  angeboten wird, eingerichtet ist, sichert der SB Sanitätsbetrieb der Autonomen Provinz Bozen die BK  Betreuungskontinuität mittels der VGM vernetzte Gruppenmedizin.;Dienst für Betreuungskontinuität;continuità assistenziale;var
Durch die Eintragung eines privaten Gewässers in das Verzeichnis der öffentlichen Gewässer erwerben die ehemaligen Eigentümer des Gewässers darin das Eigenfischereirecht.;privat Gewässer;acque private;var
Nicht protokollierungspflichtig sind Gesetzesanzeiger, Amtsblätter, Nachrichtenblätter der öffentlichen Verwaltung, Zeitungen, Zeitschriften, Bücher, Broschüren, Informations- und Werbematerial, Einladungen zu Veranstaltungen, Entwürfe von Dokumenten, statistisches Material, vertrauliche Korrespondenz sowie getrennt registrierte Dokumente (wie beispielsweise Beschlüsse und Dekrete).;Amtsblatt;bollettino ufficiale;var
Die Person arbeitet an festen Produktionsanlagen, an Maschinen, am Fließband oder fährt Kraftfahrzeuge.;Fließband;catena di montaggio;var
Die Treuepflicht  bürdet dem Beschäftigten zwei Verbote auf es sind dies ein Wettbewerbsverbot und die Wahrung des Betriebsgeheimnisses .;Wahrung des Betriebsgeheimnisses;dovere di riservatezza;var
Hier tritt der Art. 36 der ital.Verfassung in Kraft, der besagt, dass der Arbeitnehmer jedenfalls Anspruch auf eine angemessene Entlohnung hat um sich und seiner Familie eine freie und würdige Existenz zu gewährleisten.;angemessene Entlohnung;adeguatezza della retribuzione;var
Man unterscheidet zwischen Zeit- und Stückakkord, gemischten oder vollen.;Stückakkord;cottimo a misura;var
Nichtig sind die Stimmen der Wahlzettel,  die derartige Eintragungen oder Zeichen enthalten, daß man in unanfechtbarer Weise annehmen muß, der Wähler habe seine Stimmabgabe erkennen lassen wollen .;Wahlzettel;scheda di votazione;var
Es werden folgende Zweckbestimmung für Bauwerke oder Teile davon unterschieden: Wohnen, Dienstleistung, Einzelhandel, gastgewerbliche Tätigkeit, öffentliche Dienste und Einrichtungen von öffentlichem Interesse, Handwerkstätigkeit, Industrie, Großhandel und Einzelhandel , landwirtschaftliche Tätigkeit.;Zweckbestimmung;destinazione d'uso;var
Dies schließt Informationen aus, die als Teil eines Rundfunkdienstes über ein elektronisches Kommunikationsnetz an die Öffentlichkeit weitergeleitet werden, soweit die Informationen nicht mit einem bestimmten oder bestimmbaren Teilnehmer oder Nutzer, der sie erhält, in Verbindung gebracht werden können, ….;Teilnehmer;contraente;var
Zur Personenbeförderung im Mietfahrzeug mit Fahrer dürfen folgende Fahrzeuge bestimmt werden: a) Krafträder mit oder ohne Beiwagen, b) dreirädrige Kraftfahrzeuge, d) Personenkraftwagen, e) Kraftomnibusse, f) Kombinationskraftwagen oder Kraftwagen zur spezifischen Personenbeförderung, g) Gespannfuhrwerke.;Mietfahrzeug mit Fahrer;servizio di noleggio con conducente;var
Sofern keine schwerere Straftat vorliegt, wird Trunkenheit am Steuer folgendermaßen geahndet: a) mit einer verwaltungsrechtlichen Geldbuße zwischen 531 und 2.125 Euro, wenn ein Wert ermittelt wird, der einem Alkoholgehalt über 0,5 und höchstens 0,8 Gramm pro Liter (g/l) entspricht.;Alkoholgehalt;tasso alcolemico;var
Trunkenheit am Steuer bei Fahrern unter 21 Jahren, bei Führerscheinneulingen und bei Berufskraftfahrern im Personen- oder Güterkraftverkehr;Führerscheinneuling;neopatentato;var
Bei der Bewertung des Kreditrisikos greifen die Banken auf exerne Rating-Agenturen zurück .;Kreditrisiko;rischio di credito;var
Es dürfen nur Anteile einer Investmentgesellschaft oder Anteile eines anderen Kapitalanlagefonds erworben werden, sofern die Anteile öffentlich, ohne eine Begrenzung der Zahl der Anteile angeboten werden und die Anteilinhaber das Recht zur Rückgabe der Anteile haben.;Investmentgesellschaft;impresa di investimento;var
Wer eine kontrollierende Beteiligung erlangt, ohne dies durch zeitnahe Handlungen, wie insbesondere durch Anteilserwerb bewirkt zu haben, muss kein Angebot legen, wenn er beim Erwerb der Anteile nicht mit der Kontrollerlangung rechnen musste.;Anteilserwerb;acquisto di partecipazioni;var
Ein unabhängiger Verwalter darf  keine geschäftsführenden Tätigkeiten wahrnehmen, d.h. beispielsweise nicht in einem gegebenenfalls vorhandenen Vollzugsausschuss vertreten sein bzw. Befugnisse oder Beauftragungen wahrnehmen, welche – auch nur am Rande – mit der Geschäftsführung der Bank im Zusammenhang stehen.;unabhängiger Verwalter;amministratore indipendente;var
Für die erste Zusammensetzung des Senates der Republik werden mit Dekret des Präsidenten der Republik die Abgeordneten der Verfassunggebenden Versammlung zu Senatoren ernannt, welche die gesetzlichen Voraussetzungen, um Senatoren sein zu können, besitzen .;verfassunggebende Versammlung;assemblea costituente;var
Die Partei, welche im Laufe des Verfahrens keinen Einwand erhebt, dass die Schlussanträge der anderen Parteien den Rahmen der Schiedsvereinbarung überschreiten, darf aus diesem Grund den Schiedsspruch nicht anfechten.;Schiedsvereinbarung;negozio compromissorio;var
Die Gesetze der Verfassungsrevision und die anderen Verfassungsgesetze werden von jeder Kammer durch zwei mit einer Zwischenzeit von mindestens drei Monaten gefaßten Entschließungen angenommen und mit absoluter Mehrheit der Mietglieder beider Kammern bei der zweiten Abstimmung genehmigt.;Gesetz der Verfassungsrevision;legge di revisione della Costituzione;var
Die örtliche Unzuständigkeit kann, außer in den Fällen des Artikels 28, nur in der Klagebeantwortung oder allgemein in der ersten Verteidigungshandlung im Verfahren erster Instanz eingewendet werden.;Verteidigungshandlung;atto difensivo;var
Wenn die Gerichtsbarkeit aufgrund des Artikels 3 nicht vorliegt, so ist sie trotzdem gegeben,  wenn der Beklagte sich in das Verfahren einläßt, ohne im ersten Verteidigungsvorbringen das Fehlen der Gerichtsbarkeit einzuwenden.;Verteidigungsvorbringen;atto difensivo;var
Im Fall unbedingter Dringlichkeit kann die Zivilklage im Interesse des Geschädigten, der wegen Geisteskrankheit unfähig oder minderjährig ist, von der Staatsanwaltschaft erhoben werden .;Geisteskrankheit;infermità di mente;var
Der Vorsitzende kann kraft der ihm durch § 254 eingeräumten diskretionären Gewalt die Ladung und Vernehmung von Personen verfügen, deren Ladung nicht oder nicht rechtzeitig von den Parteien beantragt wurde.;Ladung;vocatio in iudicium;var
Die Mitglieder des Vorstands können nicht zu Mitgliedern des Aufsichtsrat bestellt werden .;Mitglied der Aufsichtsrat;consigliere di sorveglianza;var
Der Schutz der Wohnung umfasst die räumliche Ausprägung des Privatlebens. Er setzt Hausdurchsuchungen, Überwachungsmassnahmen oder anderen behördlichen Kontrollen Schranken.;Schutz der Wohnung;tutela del domicilio;var
Die Verurteilung zur Tragung der Kosten ist sofort vollstreckbar.;Verurteilung zur Tragung der Kosten;condanna alle spese;var
Jedes Unternehmen meldet der zuständigen Präfektur jede Änderung in den Eigentumsverhältnissen und bei den Gesellschaftsorganen innerhalb von 30 Tagen ab Eintreten dieser Änderung. An geregelten Märkten notierte Kapitalgesellschaften melden die relevanten Änderungen, ….;geregelt Markt;mercato regolamentato;var
Bei der Einbürgerung erwirbt man die Staatsbürgerschaft durch eine Verwaltungsmaßnahme.;Einbürgerung;naturalizzazione;var
Bezeichnung 1) Banca Popolare dell’Alto Adige Società cooperativa per azioni (in deutscher Sprache: Südtiroler Volksbank Genossenschaft auf Aktien) ist gegründet. 2) Die Gesellschaft ist durch diese Satzung und durch die gesetzlichen Bestimmungen geregelt.;Volksbank;banca popolare;var
Stellt der Gegner des Säumigen keinen Antrag auf Erlassung eines Versäumungsurteils, weil trotz Säumnis einer Partei auf neues tatsächliches Vorbringen Bedacht genommen werden soll, so ist dieses der säumigen Partei zur Kenntnis zu bringen.;Säumnis;contumacia;var
Die Stiftung fördert die Forschung und Innovation aus den Nettoerträgen des Stiftungskapitals und durch direkte Beteiligung am Risikokapital einer von mehreren Unternehmen und/oder einem lokalen Beteiligungsfonds zum Zweck der Entwicklung und Vermarktung innovativer Produkte oder Dienstleistungen gegründeten Gesellschaft.;Risikokapital;capitale di rischio;var
Die Übertragung von Beteiligungen wird der Gesellschaft gegenüber zu jenem Zeitpunkt wirksam, an dem sie  in das Gesellschafterbuch eingetragen wird.;Übertragung von Beteiligungen;circolazione delle partecipazioni;var
Kann das Gericht auch nicht mit Hilfe der Parteien das bezeichnete ausländische Recht feststellen, so wendet es jenes Recht an, auf das über andere Anknüpfungskriterien verwiesen wird, wenn solche für denselben Tatbestand vorgesehen sind.;Anknüpfungskriterium;criterio di collegamento;var
Bestimmt der Gründungsvertrag nichts anderes, sind für die Bestellung der Geschäftsführer und für ihre Abberufung  die Einwilligung der Komplementäre und die Genehmigung durch soviele Kommanditisten, daß sie die Mehrheit des von den Kommanditisten gezeichneten Kapitals vertreten, erforderlich.;Bestellung der Geschäftsführer;preposizione institoria;var
Die vorzugsweise Befriedigung gilt auch zugunsten der Zinsen für das im Zeitpunkt der Pfändung oder, wenn eine solche nicht erfolgt, im Zeitpunkt der Zustellung der Leistungsaufforderung laufende Jahr.;Leistungsaufforderung;precetto;var
Der Rekurs auf Einrichtung der Sachwalterschaft kann von der begünstigten Person selbst, auch wenn sie minderjährig, voll oder beschränkt entmündigt ist,  erhoben werden.;Sachwalterschaft;amministrazione di sostegno;var
Die Vergütung für den Verwahrer wird mit Dekret des Bezirksgerichts, wenn die Bestellung durch den Gerichtsvollzieher erfolgt ist, und in jedem anderen Fall durch das Gericht, das ihn bestellt hat, festgesetzt.;Verwahrer;custode;var
Jeder Elternteil kann jederzeit die Betrauung mit der alleinigen Obsorge beantragen, wenn die im ersten Absatz ZGB Art. 337 quater genannten Voraussetzungen vorliegen.;alleinig Obsorge;affidamento a un solo genitore;var
In Südtirol leben über 50.000 Kinder und Eltern in einer Einelternfamilie.;Einelternfamilie;famiglia monoparentale;var
Auch das Privatrecht beschäftigt sich mit dem Schutz der Persönlichkeitsrechte, und zwar, abgesehen von einigen besonderen Bundesgesetzen, vor allem das ZGB mit Einschluss des OR.;Persönlichkeitsrecht;diritto della personalità;var
Vorfahren, Nachkommen und der Ehegatte, die in den einstweiligen Besitz des Vermögens eingewiesen worden sind, können die gesamten Erträgnisse zu ihrem Nutzen einbehalten.;Ehegatte;coniuge;var
Gegen die Entscheidungen des Staatsrates und des Obersten Rechnungshofes ist die Berufung an den Kassationsgerichtshof nur aus Gründen, welche die Rechtsprechungsgewalt betreffen, zulässig.;Berufung an den Kassationsgerichtshof;ricorso per cassazione;var
Rechtsmittel zur Anfechtung von Urteilen sind die Berufung, die Drittwiderspruchsklage, die Wiederaufnahmeklage und die Kassationsbeschwerde ausschließlich aus Gründen in Zusammenhang mit der Gerichtsbarkeit.;Kassationsbeschwerde;ricorso in cassazione;var
Der Steuerzahler kann die Rückerstattung der irrtümlich bezahlten Abgaben innerhalb der Verfallsfrist von drei Jahren mit Ablauf vom Tag der Zahlung oder, im Falle der Verweigerung des abgabenpflichtigen Aktes, vom Datum der Mitteilung der genannten Verweigerung beantragen.;Verfallsfrist;termine perentorio;var
Die Erklärung bewirkt weder eine Unterbrechung der Verfahrensfristen, noch darf sie den Verfahrensablauf verzögern..;Verfahrensfrist;termine processuale;var
Der Rekus wird innerhalb der gesetzlichen Frist zusammen mit der Maßnahme beim Sekretariat der örtlich zuständigen Rechtsprechungssektion hinterlegt.;gesetzlich Frist;termine legale;var
Damit ein Eid zugeschoben oder zurückgeschoben werden kann, müssen die in Artikel 2731 angegebenen Bedingungen vorliegen.;Eid;giuramento;var
Urteile und Verfügungen ausländischer Gerichte, welche Zeugenvernehmungen, fachkundliche Ermittlungen, Eidesleistungen, Parteienvernehmungen oder sonstige im Inland aufzunehmende Beweismittel betreffen, werden durch ein Dekret des Oberlandesgerichts  für durchführbar erklärt.;Eidesleistung;giuramento;var
Derjenige, dem der Besitz gewaltsam oder heimlich entzogen worden ist, kann innerhalb eines Jahres von der erlittenen Entziehung an von deren Urheber die Wiederherstellung des Besitzes verlangen .;Entziehung;spoglio;var
Jeder den Besitz betreffende Anspruch (1140 ff. ZGB.) infolge von Ereignissen, die im Lauf eines petitorischen Verfahrens eintreten, ist bei dem mit diesem befaßten Gericht einzubringen.;petitorisch Verfahren;giudizio petitorio;var
Die gemeinschaftlichen Teile des Gebäudes sind nicht teilbar, es sei denn, eine Teilung lässt sich vornehmen, ohne dass sich der Gebrauch der Sache für die einzelnen Miteigentümer erschwert, und alle Teilhaber an der Miteigentümergemeinschaft sind mit der Teilung einverstanden.;Miteigentümergemeinschaft;condominio;var
Wer vor Einleitung eines Verfahrens dringend den Zustand von Örtlichkeiten oder die Eigenschaften oder Beschaffenheit von Gegenständen feststellen lassen will, kann  beantragen, daß eine fachkundliche Ermittlung  oder ein gerichtlicher Augenschein  angeordnet wird.;gerichtlicher Augenschein;ispezione giudiziale;var
Der Kollektivvertrag hat diejenigen Bestimmungen zu enthalten, die je nach der Art des Arbeitsverhältnisses notwendig sind, um den Vorschriften dieses Gesetzbuchs über die Regelung der Arbeit, die Rechte und Pflichten der Unternehmer und Arbeitnehmer zur Durchsetzung zu verhelfen.;Kollektivvertrag;contratto collettivo di lavoro;var
Die Regelung des Kollektivarbeitsvertrages ist auch auf die  landwirtschaftlichen Gemeinschaftsverhältnisse und auf Pachtverhältnisse mit dem Selbstbebauer eines Grundstücks anzuwenden.;Kollektivarbeitsvertrag;contratto collettivo di lavoro;var
Für Zeiten, während deren der Angestellte die Dienstleistung unterläßt, ohne daß ein Grund vorliegt, der nach dem Gesetz oder KV einen Anspruch auf Weiterleistung der Bezüge begründet, besteht kein Entgeltanspruch.;KV;contratto collettivo;var
Die Hypothek muss auf bestimmt bezeichnete Sachen und für einen in Geld bestimmten Betrag eingeschrieben werden.;Hypothek;ipoteca;var
Bei Verpfändung von Wertpapieren erstreckt sich die Sicherheit nicht auf die Prämien und sonstigen zufallsbedingten Ausschüttungen, die das Papier abwirft.;Verpfändung von Wertpapieren;pegno di titoli di credito;var
Bei Verdacht auf häusliche Gewalt werden die Frauen unverzüglich für eine professionelle Beratung an die spezifischen Fachdienste verwiesen, welche die Anforderungen für die Akkreditierung erfüllen.;häusliche Gewalt;violenza domestica;var
Ist der Bewerber Eigentümer einer nicht angemessenen Wohnung in einer Gemeinde des Landes oder hat er an einer solchen Wohnung das Fruchtgenussrecht, kann er eine Mietwohnung nur zugewiesen erhalten, wenn er seine Wohnung dem Wohnbauinstitut zur Miete anbietet.;Fruchtgenussrecht;usufrutto;var
Wer den Fruchtgenuss an einer in einem Namenspapier verbrieften Forderung hat, hat das Recht, ein von dem des Eigentümers gesondertes Papier zu erhalten.;Fruchtgenuss;diritto di usufrutto;var
"Der Koordinator, der den Rang eines Dirigenten (""dirigente"") bekleidet, erstellt Ausgabenvorschläge für die Verwirklichung der Programme nach dem vorstehenden Absatz, koordiniert die Erstellung der Programmschemas und überwacht die Ausführung der genehmigten Programme .";Rang;qualifica;var
Jene Ärzte mit italienischer Staatsbürgerschaft, die im Ausland im entsprechenden Dienstrang und Fach mindestens fünf Jahre Dienst geleistet haben  können ungeachtet der Erfordernisse der Eignung an den Stellenwettbewerben für denselben Rang und dasselbe Fach unmittelbar teilnehmen.;Dienstrang;qualifica;var
Veräußerungsverbote schließen in der Regel ein Belastungsverbot in sich.;Veräußerungsverbot;divieto di alienazione;var
In Ermangelung anderer Anhaltspunkte hat sich das Gericht an die in den Katastermappen eingezeichneten Grenze zu halten.;Katastermappe;mappa catastale;var
Die wichtigsten Datenquellen, die zur Vervollständigung des Landesverzeichnisses beitragen, sind  d) das Grundbuch und der Grundkataster der Autonomen Provinz Bozen und der Autonomen Provinz Trient, .;Grundkataster;catasto fondiario;var
Einkünfte aus Grund und Boden sind mit den im Staatsgebiet gelegenen Grundstücken und Gebäuden, welche im Grundstückkataster oder in urbanen Baukataster unter Zuweisung eines Ertrages eingetragen oder einzutragen sind, zusammenhängende Einkünfte.;Grundstückkataster;catasto dei terreni;var
Mit dem Gesellschaftsvertrag bringen zwei oder mehrere Personen Sachen oder Dienstleistungen zur gemeinsamen Ausübung einer wirtschaftlichen Tätigkeit mit dem Zweck ein, den daraus erzielten Gewinn zu teilen.;wirtschaftlich Tätigkeit;attività economica;var
Über die Bestimmung des Artikels 979 hinaus erlischt der Fruchtgenuß:  durch die Vereinigung des Fruchtgenusses und des Eigentums in der gleichen Person.;Vereinigung;consolidazione;var
Umfasst sie die Schenkung künftige Güter, ist sie bezüglich derselben nichtig, außer es handelt sich im noch nicht abgseonderte Früchte.;künftig Gut;bene futuro;var
Die gerichtlichen Verfügungen werden in beiden Sprachen verkündet und abgefasst, sofern die daran interessierte Partei bis zur Verhandlung, in welcher der Erlass der Verfügung beantragt wird, nicht darauf verzichtet.;gerichtlich Verfügung;provvedimento giudiziale;var
Die Abfassung des Protokolls und der Vermerke erfolgt durch einen höheren Amtsträger der Gerichtspolizei oder durch den Gehilfen, der der Staatsanwaltschaft Beistand leistet.;Abfassung des Protokolls;redazione del verbale;var
Die Urteilsberatung erfolgt unmittelbar nach dem Schluß der Hauptverhandlung.;Urteilsberatung;deliberazione della sentenza;var
"Das kontinental-europäische Strafverfahren ist sohin kein ""reines"" Anklageverfahren, sondern ein vom Grundsatz ""Wo kein Kläger, da kein Richter"" beherrschtes Verfahren mit Anklagegrundsatz.";Anklagegrundsatz;principio accusatorio;var
Die Zustellungen an einen flüchtigen oder entwichenen Angeklagten werden durch Aushändigung einer Abschrift an den Verteidiger durchgeführt.;Flüchtiger;latitante;var
Niemand kann vorbeugenden Maßnahmen unterworfen werden, wenn gegen ihn nicht schwerwiegende Schuldindizien vorliegen;vorbeugend Maßnahme;misura cautelare;var
Der Untersuchungsgrundsatz bringt die Gefahr mit sich, daß der Richter durch seine Initiative bei der Wahrheitsfindung die volle Unbefangenheit verliert.;Untersuchungsgrundsatz;principio inquisitorio;var
Die Hemmung oder die Unterbrechung der Verjährung zugunsten eines der Miteigentümer nützt auch den anderen.;Hemmung;sospensione;var
Der Jahresabschluß ist klar aufzustellen und muß die Vermögens- und Finanzlage der Gesellschaft sowie das wirtschaftliche Ergebnis des Geschäftsjahres warheitsgetreu und richtig wiedergeben.;Ergebnis des Geschäftsjahres;risultato dell'esercizio;var
In den von Gesetzen und Verordnungen geregelten Sachbereichen haben Gebräuche nur Wirsamkeit, soweit in jenen auf sie verwiesen wird.;Gebrauch;uso;var
Die Nichtigerklärung des Vertrages kann nur von der Partei, in deren Interesse sie vom Gesetz festgesetzt ist, beantragt werden.;Nichtigerklärung;annullamento;var
Mit der Volljährigkeit wird die Fähigkeit erworben, alle Rechtshandlungen vorzunehmen, für die nicht ein anderes Alter vorgeschrieben ist .;Rechtshandlung;atto;var
Die Verbindlichkeit erlischt, wenn die Parteien die ursprüngliche Verbindlichkeit durch eine neue Verbindlichkeit ersetzen, die einen anderen Gegenstand oder Rechtstitel hat.;Rechtstitel;titolo;var
Nicht Gegenstand der Gütergemeinschaft bilden und persönliche Sachen des Ehegatten sind  e) Sachen, die aus dem Titel des Schadensersatzes erhalten wurden .;Titel;titolo;var
Unbeschadet der Verantwortlichkeit des Direktors der Anstalt können die Vermögensgüter auch Treuhändern anvertraut werden, die nicht Bedienstete der Anstalt sind.;Treuhänder;fiduciario;var
Die durch einen der Vertragsteile im voraus aufgestellten allgemeinen Vertragsbedingungen sind gegenüber dem anderen wirksam, wenn dieser sie im Zeitpunkt des Vertragsabschlusses kannte oder bei Anwendung der gewöhnlichen Sorgfalt  hätte kennen müssen.;Vertragsabschluss;conclusione del contratto;var
Zur Leistung des eingeschränkten Unterhalts sind der Reihe nach verpflichtet: voll- und halbbürtige Geschwister unter Vorrang der vollbürtigen vor den halbbürtigen.;halbbürtige Geschwister;fratelli unilaterali;var
Veräußert jemand eine Sache, ohne ihr Eigentümer zu sein, so bewirkt sein späterer Eigentumserwerb die Heilung des Verfügungsgeschäfts.;Heilung;convalida;var
Gegen den Beschluß, mit dem der Antrag auf Wiedereinsetzung in den vorigen Stand abgewiesen wird, kann Kassationsbeschwerde eingelegt werden.;Kassationsbeschwerde;ricorso per cassazione;var
Gegen die Urteile und Maßnahmen, die die Freiheit der Personen betreffen, seien sie von ordentlichen Gerichten oder Sonderorganen der Rechtsprechung erlassen worden, ist Berufung an den Kassationsgerichtshof wegen Gesetzesverletzungen immer zulässig.;Berufung an den Kassationsgerichtshof;ricorso in cassazione;var
Die Androhung der Geltendmachung eines Rechts kann nur dann Grund für die Nichtigerklärung des Vertrages sein, wenn sie auf die Erreichung rechtswidriger Vorteile gerichtet ist.;Androhung;minaccia;var
Wegen Hausfriedensbruchs, Beleidigung, Verletzung des Briefgeheimnisses, Körperverletzung, Bedrohung und Sachbeschädigung ist die Erhebung der Klage erst zulässig, nachdem von einer durch die Landesjustizverwaltung zu bezeichnenden Vergleichsbehörde die Sühne erfolglos versucht worden ist.;Bedrohung;minaccia;var
Handelt es sich um Gesellschaften, so hat der Bericht die festgestellten Tatsachen und eingezogenen Auskünfte über die Verantwortlichkeit der Verwalter, Aufsichtsräte, Gesellschafter und gegebenenfalls von Personen, die nicht zur Gesellschaft gehören, darzulegen.;Verantwortlichkeit;responsabilità civile;var
Der Verkäufer, der das Wiederkaufsrecht ausübt, ist verpflichtet, dem Käufer den Preis, die Kosten und jede andere rechtmäßig für den Kauf geleistete Zahlung  zu ersetzen, die den Wert der Sache erhöht hat.;Wiederkaufsrecht;diritto di riscatto;var
Die Höhe des Zinssatzes kann sich aus der Vereinbarung ergeben, wobei auch eine konkludente Vereinbarung, etwa des kundenüblichen Zinssatzes ausreichend ist.;Zinssatz;saggio degli interessi;var
Bei dauernden Bezügen wird der Preis zu den gebräuchlichen Fälligkeitsterminen bezahlt.;Fälligkeitstermin;termine per l'adempimento;var
Die Aktien können nicht zu einem geringeren als ihrem Nennwert ausgegeben werden.;Nennwert;valore nominale;var
Der an den Versicherer gerichtete schriftliche Antrag bleibt für eine Frist von fünfzehn Tagen oder, wenn eine ärztliche Untersuchung nötig ist, für eine Frist von dreißig Tagen aufrecht.;Versicherer;società di assicurazione;var
Die vom Spediteur erlangten Prämien, Nachlässe und Tarifvergüstigungen sind vorbehaltlich einer gegenteiligen Abmachung dem Auftraggeber gutzuschreiben.;Auftraggeber;committente;var
Die Inanspruchnahme von künstlichen Fortpflanzungstechniken ist nur jenen Paaren gestattet, bei denen fetsgestellt wird, dass der Grund ihrer Kinderlosigkeit unheilbar ist und Sterilität bzw. Unfruchtbarkeit medizinisch feststeht.;Unfruchtbarkeit;infertilità;var
An Straßeneinmündungen von einem Pfad, einem Hirtenpfad, einem Saumpfad oder einem Radweg muss der Fahrer anhalten und den auf der Straße verkehrenden Verkehrsteilnehmern Vorrang geben.;Pfad;sentiero;var
Selbstfahrende Arbeitsmaschinen müssen im Straßenverkehr ein Kennzeichen mit den Zulassungsdaten führen. Gezogene Arbeitsmaschinen müssen ein besonderes Kennzeichen führen.;Kennzeichen;targa;var
Wer ohne die Genehmigung  zur Beförderung von Personen ein Fahrzeug zur Güterbeförderung verwendet, muss eine verwaltungsrechtliche Geldbuße zwischen 422 und 1.695 Euro zahlen.;Güterbeförderung;trasporto di cose;var
Der Vermieter hat nützliche Verbesserungen des Hauses oder einzelner Mietgegenstände nach Maßgabe der rechtlichen, wirtschaftlichen und technischen Gegebenheiten und Möglichkeiten durchzuführen, soweit dies im Hinblick auf den allgemeinen Erhaltungszustand des Hauses zweckmäßig ist .;Verbesserung;miglioramento;var
Im Darlehensvertrag muß ausdrücklich vereinbart werden, daß das Darlehen für den Bau, den Kauf oder die Wiedergewinnung der geförderten Wohnung bestimmt ist.;Darlehensvertrag;mutuo;var
Wer versprochen hat, ein Darlehen zu gewähren, kann die Erfüllung seiner Verpflichtung verweigern, wenn sich die Vermögensverhältnisse der anderen Vertragspartei derart verändert haben, dass sie die Rückgabe erheblich erschweren, und ihr nicht geeignete Sicherheiten geboten werden.;Darlehen;mutuo;var
Die  Arbeiten auf dem Gebiet des Wasserbaus und des Forstwesens, die normalerweise vom Landesforstinspektorat in Regie durchgeführt werden, umfassen auch Forststraßen und Erschließungsstraßen zu Almen.;Forststraße;strada forestale;var
Die Geldbuße darf  nicht höher sein als vier Stunden des Grundlohnes und die Suspendierung von Dienst und Entlohnung 10 Tage nicht überschreiten.;Geldbuße;multa;var
Die Geldstrafe darf nicht auf einen höheren Betrag als den Grundlohn von vier Stunden lauten und die Suspendierung von Dienst und Entgelt nicht für mehr als zehn Tage ausgesprochen werden.;Geldstrafe;multa;var
Die Absonderung der Güter des Verstorbenen von jenen des Erben sichert den Gläubigern des Verstorbenen und den Vermächtnisnehmern, die die Absonderung vorgenommen haben, die Befriedigung aus den Gütern des Verstorbenen mit Vorrang vor den Gläubigern des Erben.;Absonderung der Güter des Verstorbenen;separazione dei beni del defunto;var
Das Gesetz bestimmt die geistigen Berufe, zu deren Ausübung die Eintragung in eigene Listen oder Verzeichnisse erfordelich ist.;geistig Beruf;professione intellettuale;var
Während der Testamentsvollstreckung ist der Ewrbe nicht befugt, über die verwalteten Nachlassgegenstände zu verfügen.;Testamentsvollstreckung;esecuzione del testamento;var
Die Miterben targen  untereinander im Verhältnis ihrer Erbanteile zur Zahlung der Schulden und Lasten der Erbschaft bei.;Last der Erbschaft;peso ereditario;var
Jedem Miterben steht grundsätzlich das Recht auf gerichtliche Teilung gem der allgemeinen Vorschrift des § 830 ABGB zu (Teilungsklage).;gerichtliche Teilung;divisione giudiziale;var
Nicht genehmigte Anwerbung oder Ausrüstung zum Dienst für einen ausländischen Staat.;Ausrüstung;armamento;var
Für die bloße Beteiligung an dem bewaffneten Haufen ist die Strafe Gefängnisstrafe von drei bis zu neun Jahren.;Haufen;banda;var
Die gemischte Schenkung setzt sich aus einem entgeltlichen und einem unentgeltlichen Teil zusammen, während bei der Schenkung unter Auflage der ganze Gegenstand geschenkt ist.;Schenkung unter Auflage;donazione modale;var
Das Testament hat den Ort, das Datum der Aufnahme und die Uhrzeit der Unterzeichnung anzugeben und ist vom Erblasser, von den Zeugen und vom Notar zu unterschreiben.;Unterzeichnung;sottoscrizione;var
Die Unterschrift muss am Ende der Verfügungen angebracht werden. Auch dann, wenn sie ohne Angabe des Vor- und Zunamens erfolgt ist, ist sie dennoch gültig, wenn sie mit Sicherheit die Person des Erblassers bezeichnet.;Unterschrift;sottoscrizione;var
Wer zum Zweck eines Anschlags auf die Staatssicherheit eine Tat begeht, die darauf abzielt, im Staasgebiet oder in einem Teil desselben eine Verwüstung, eine Plünderung oder ein Blutbad anzurichten, wird mit lebenslanger Gefängnisstrafe bestraft.;Plünderung;saccheggio;var
Die rechtswidrige Aneignung von Bodenerzeugnissen oder Bodenbestandteilen (wie Baumfrüchte, Waldprodukte, Klaubholz) geringen Wertes ist gerichtlich nicht strafbar.;Aneignung;appropriazione;var
Verdächtigen ist das Hervorrufen, Verstärken oder Umlenken eines Verdachts durch das Behaupten (oder Sprechen lassen) von Tatsachen , die im konkreten Fall geeignet sind , einen in Wahrheit Unschuldigen der Gefahr behördlichen Einschreibens auszusetzen.;Unschuldiger;innocente;var
Leichen, die nicht zur Bestattung bestimmt sind, besitzen eigentumsfähige Sachqualität. Ansonsten liegt aber bei der Wegnahme einer Leiche kein Diebstahl vor, da diese keinen anderen Person zugeordnet wird. Es bleibt nur Raum für §168 StGB, Störung der Totenruhe.;Wegnahme einer Leiche;sottrazione di cadavere;var
Der Fahrer muss, falls vorgeschrieben, den Befähigungsnachweis, den Berufsausbildungsnachweis, den Fahrerqualifizierungsnachweis und die Eignungsbescheinigung mitführen.;Fahrerqualifizierungsnachweis;carta di qualificazione del conducente;var
eit 10. September 2008 müssen die Berufkraftfahrenden im Linienverkehr und in Mietbussen und seit 10. September 2009 die Berufskraftfahrenden im Gütertransport den Fahrerqualifizierungsnachweis besitzen (FQN- CQC).;Fahrerqualifizierungsnachweis;carta di qualificazione del conducente;var
Mit dem Widerspruch gegen den Antrag auf Archivierung beantragt die durch die strafbare Handlung verletzte Person die Fortführung der Vorerhebungen, wobei sie gleichzeitig bei sonstiger Unzulässigkeit den Gegenstand der ergänzenden Nachforschung und die diesbezüglichen Beweisumstände anzugeben hat.;Widerspruch gegen den Antrag auf Archivierung;opposizione alla richiesta di archiviazione;var
Zur Anbringung des Gesuches um Löschung des älteren Pfandrechtes ist außer dem Hypothekarschuldner auch der Gläubiger berechtigt, zu dessen Gunsten das Pfandrecht für die neue Forderung eingetragen ist.;Hypothekarschuldner;debitore ipotecario;var
Der Optionsvertrag bedarf grundsätzlich derselben Form wie der Hauptvertrag, auf den der Berechtigte eine Option hat.;Optionsvertrag;opzione;var
Die Feststellung des  Verstoßes hat gemäß VI. Titel I. Abschnitt II. Teil als zusätzliche Verwaltungsstrafe die verwaltungsbehördliche Stilllegung des Fahrzeugs für 90 Tage zur Folge.;Titel;titolo;var
Auf Erfüllung der Auflage kann jeder, der ein Interesse daran hat, klagen.;Erfüllung der Auflage;adempimento dell'onere;var
Verkehrszeichen dürfen nur von Unternehmen hergestellt werden, die vom Generalinspektorat für Verkehr und Verkehrssicherheit  dazu ermächtigt werden .;Verkehrszeichen;segnale stradale;var
Mit den Zusatzzeichen und -einrichtungen soll erreicht werden, dass Folgendes ersichtlich gemacht oder angezeigt wird: a) der Straßenverlauf, b) bestimmte gefährliche Kurven oder Stellen, c) Hindernisse auf oder neben der Fahrbahn.;Zusatzzeichen und -einrichtung;segnale complementare;var
Lichtzeichen werden eingeteilt in: a) Gefahren- und Vorschriftslichtzeichen, b) Hinweislichtzeichen, b-bis) Leuchttafeln zur Anzeige der Geschwindigkeit vorbeifahrender Fahrzeuge in Echtzeit, c) normale Verkehrsampeln, d) Fahrstreifenampeln, .;Lichtzeichen;segnale luminoso;var
Vorschriftszeichen  zeigen Gebote, Verbote und Einschränkungen an, an die sich die Verkehrsteilnehmer halten müssen, und werden eingeteilt in a) Vorfahrtszeichen, b) Verbotszeichen, c) Gebotszeichen .;Vorfahrtszeichen;segnale di precedenza;var
Vorschriftszeichen  zeigen Gebote, Verbote und Einschränkungen an, an die sich die Verkehrsteilnehmer halten müssen, und werden eingeteilt in a) Vorfahrtszeichen, b) Verbotszeichen, c) Gebotszeichen .;Verbotszeichen;segnale di divieto;var
Vorschriftszeichen  zeigen Gebote, Verbote und Einschränkungen an, an die sich die Verkehrsteilnehmer halten müssen, und werden eingeteilt in a) Vorfahrtszeichen, b) Verbotszeichen, c) Gebotszeichen .;Gebotszeichen;segnale di obbligo;var
Einerseits ist der Einsturz eines Gebäudes oder eines anderen Werkes etwas anderes als das Entstehen von Rissen, wie sie im vorliegenden Falle am Hause der Klägerin aufgetreten sind .;Einsturz eines Gebäudes;rovina di edificio;var
Die Theorieprüfung findet in der Fahrschule auf dem PC in der gewohnten Umgebung statt.;Theorieprüfung;prova di teoria;var
Der Führerscheinprüfer/die Führerscheinprüferin, hat die Aufgabe Führerscheinprüfungen abzunehmen .;Führerscheinprüfer;esaminatore;var
Die Echtheit von Lebensmitteln ist das Hauptinteresse von jedem, der im Lebensmittelhandel zu tun hat.;Echtheit;genuinità;var
Nebenfahrbahnen sind zum Ziehen oder Schieben von Handwagen, Handkarren oder Handschlitten sowie zum Schieben von einspurigen Fahrzeugen zu benützen. Radfahrer dürfen in Nebenfahrbahnen auch fahren, wenn kein Radfahrstreifen, Radweg oder Geh- und Radweg vorhanden ist.;Geh- und Radweg;itinerario ciclopedonale;var
Die Befreiung von der geschlossenen, aber nicht vollzogenen Ehe bewirkt auf Antrag beider Parteien bei Einhaltung der in Artikel 17 vorgesehenen Förmlichkeiten die Auflösung der Zivilehe , die zwischen denselben Personen vor dem Inkrafttreten dieses Gesetzes geschlossen worden ist.;Zivilehe;nozze civili;var
In Italien ist nach dem Gesetz ein Schwangerschaftsabbruch unter bestimmten Voraussetzungen zulässig. Der Schwangerschaftsabbruch ist mit Gesetz vom 22. Mai 1978, Nr. 194 „Bestimmungen über den Schutz der Mutterschaft und über den freiwilligen Abbruch der Schwangerschaft“ geregelt.;Schwangerschaftsabbruch;interruzione volontaria della gravidanza;var
Was die spezifische Technik der künstlichen Befruchtung betrifft, ist jene mit der geringsten Invasivität zu wählen.;künstlich Befruchtung;fecondazione assistita;var
Die Beschlagnahme eines Grundstückes oder eines Rechtes, das den Vorschriften über die Zwangsvollstreckung in das unbewegliche Vermögen unterliegt, wird dadurch bewirkt, daß ein Vermerk über die Beschlagnahme in das Grundbuch eingetragen wird.;Vermerk;annotazione;var
"Die klagende Partei beantragte, die vorgelegten Beweismittel „im Verfahren nicht zu verwenden"", weil der Zeuge Peter A***** der Aufzeichnung der Gespräche nie zugestimmt habe.";Gespräch;conversazione;var
Hersteller von Kraftfahrzeugen und Anhängern dürfen mit Neufahrzeugen der Klassen N oder O samt Fahrgenehmigung und provisorischem Kennzeichen andere, für denselben Zweck bestimmte fabrikneue Fahrzeuge transportieren, im Rahmen des Exports die Grenzübergänge zu erreichen.;provisorisch Kennzeichen;targa provvisoria;var
Für Kraftfahrzeuge (KFZ) gibt es in den verschiedenen Steuergesetzen (Einkommensteuergesetz, Umsatzsteuergesetz, etc.) zahlreiche Sonderbestimmungen.;KFZ;veicolo a motore;var
Verlust, Diebstahl oder Beschädigung des Fahrzeugscheins des Kraftfahrzeuges oder Kraftrades (Motorrades);Beschädigung des Fahrzeugscheins;deterioramento della carta di circolazione;var
Die betroffene Person kann über das Fahrzeug und die dazugehörigen Papiere ausschließlich zum Zwecke der Verschrottung und Löschung des Fahrzeuges verfügen, sofern sie beim Feststellungsorgan eine Kaution hinterlegt .;Löschung;radiazione;var
Unzulässig ist  die Verwendung dieser Techniken der künstlichen Fortpflanzung zur Vermeidung der Übertragung von Erbkrankheiten (Eugenik).;Eugenik;eugenetica;var
Wer die Nationalflagge  beschimpft, wird mit Gefängnisstrafe von einem bis zu drei Jahren bestraft.;Nationalflagge;bandiera nazionale;var
Vorbereitung von Aussprachen und Treffen mit Mitgliedern der Legislative und Exekutive;Legislative;potere legislativo;var
Die Urteile, sowohl endgültige als auch nicht endgültige, müssen Folgendes enthalten:  d) eine knappe Darlegung der den Sachverhalt betreffenden und rechtlichen Gründe für die Entscheidung, auch mit Verweis auf vorausgegangene Entscheidungen, denen gefolgt werden soll .;vorausgegangen Entscheidung;precedente;var
Die Teilentmündigung  kann  auch für Personen ausgesprochen werden, die zwar nicht an einer Geistesschwäche leiden, sich oder ihre Familie aber durch Verschwendungssucht  der Gefahr schwerer wirtschaftlicher Nachteile aussetzen.;Verschwendungssucht;prodigalità;var
Da die Entschädigung der gewählten Volksvertreterinnen und Volksvertreter mittlerweile aber nicht mehr auf Tages-, sondern Monatsbasis erfolgt, ist es korrekter, einfach von den Bezügen der Abgeordneten zu sprechen.;Bezug der abgeordneter;indennità parlamentare;var
Gesetzgebende, ausführende und rechtsprechende Gewalt - Säulen der Demokratie;rechtsprechende Gewalt;potere giudiziario;var
Die Parlamentsunterlagen, Regierungs- und Gesetzesvorlagen sowie die Protokolle der Sitzungen der Konferenz Staat-Regionen wurden den zuständigen Landesabteilungen, den Ämtern und sonstigen Interessenten übermittelt.;Parlamentsunterlagen;atti parlamentari;var
Die Konferenz der Fraktionsvorsitzenden bereitet das Programm und den Terminkalender der Plenararbeiten vor.;Konferenz der Fraktionsvorsitzenden;Conferenza dei Presidenti dei Gruppi parlamentari;var
Der Präsident der Republik wird vom Parlament in gemeinsamer Sitzung seiner Mitglieder gewählt.;Parlament in gemeinsamer Sitzung;Parlamento in seduta comune;var
Die Zuständigkeit der Regierungsbehörde bei der Ausübung der ihr zuerkannten Befugnisse wird durch Sondergesetze bestimmt.;Zuständigkeit;competenza;var
Die Ernennung ist die bescheidmäßige Verleihung einer Planstelle . Auf diese Weise wir ein öffentlich-rechtliches Dienstverhältnis begründet, das durch öffentlich-rechtliche Akte (insb. der zuständigen „Dienstbehörde“) gestaltet wird.;öffentlich-rechtlich Akt;atto di diritto pubblico;var
In den Sitzungen der Kollegialorgane der Region, der Provinz Bozen und der örtlichen Körperschaften dieser Provinz kann die italienische oder die deutsche Sprache gebraucht werden.;Kollegialorgan;organo collegiale;var
Das hierarchisch höchste Gerichtsorgan in Südtirol ist das Oberlandesgericht, an welches vorwiegend Urteile in zweiter Instanz mit anfechtbaren Entscheiden der Landesgerichte herangetragen werden.;Gerichtsorgan;organo giurisdizionale;var
Die Ehefreiheit ist ein unverfügbares Recht …, auf das auch durch Rechtsgeschäft nicht verzichtet werden kann ….;Ehefreiheit;libertà matrimoniale;var
Zum Beweis der Geburt wird die Geburtsurkunde durch einen von den Geburtshelfern bzw Ärzten ausgestellten Geburtsnachweis ergänzt.;Geburtsnachweis;attestazione di avvenuta nascita;var
Die Anmeldung einer Geburt muss durch den Vater des Kindes, wenn er Mitinhaber der elterliche Sorge ist, die Hebbame, die bei der Geburt zugegen war, den Artzt der dabei zugegen war, jede andere Person die dabei zueggen war .;Anmeldung einer Geburt;dichiarazione di nascita;var
Die Geburtsanmeldung muss innerhalb von 10 Tagen ab der Geburt erfolgen. Es ist möglich die Erklärung in Verspätung, d.h. nach dem vom Gesetz festgesetzten Termin, vorzulegen: im Standesamt der Geburtsgemeinde im Standesamt der Wohnsitzgemeinde der Eltern.;Geburtsanmeldung;dichiarazione di nascita;var
Der Regionalrat übt die der Region aufgetragene Gesetzgebungsgewalt und die anderen ihm durch die Verfassung und durch die Gesetze zugewiesenen Befugnisse aus.;Gesetzgebungsgewalt;potere legislativo;var
Die Straßeneigentümer müssen die Klassifizierung der Straßen für ihr gesamtes Straßennetz innerhalb eines Jahres ab Erlass der Normen  vornehmen.;Erlass;emanazione;var
Die Klagebefugnis ist eine zwingende Prozessvoraussetzung, die nicht nur vom Verwaltungsgericht sondern auch vom Berufungsgericht von Amts wegen zu prüfen ist;Klagebefugnis;legittimazione a ricorrere;var
Die Klagebefugnis ist eine zwingende Prozessvoraussetzung, die nicht nur vom Verwaltungsgericht sondern auch vom Berufungsgericht von Amts wegen zu prüfen ist.;Klagebefugnis;autorizzazione a stare in giudizio;var
eGovernment heißt Information, Kommunikation und Transaktion zwischen den Behörden, vor allem aber zwischen diesen und dem Bürger, durch den Einsatz von Informations- und Kommunikationstechnologie.;eGovernment;eGov;var
Soweit technisch möglich werden die Internetaktivitäten der Benutzer automatisch in einer Protokolldatei („log-Datei“) mitgeschrieben, wobei mindestens Datum/ Uhrzeit/Benutzername und aufgerufene Zieladresse (Webseite) festgehalten werden.;Protokolldatei;log;var
Der Dienstgeber darf private E-Mails in einem für die Abwehr von Schäden an der IKT-Infrastruktur oder zur Gewährleistung ihrer korrekten Funktionsfähigkeit notwendigen Ausmaß auf Schadsoftware und Spam scannen.;Spam;spam;var
Durch die Formulierung der Feststellungen zur subjektiven Tatseite wird sehr wohl eine Verknüpfung zwischen der Wissens- und der Willenskomponente der subjektiven Tatseite hergestellt. Hinzu kommt, dass das festgestellte Wissen des Beschwerdeführers die willentliche Komponente seines Vorsatzes ohnedies inkludiert .;willentlich;volontario;var
Der Vorsitzende nimmt die Stimmen entgegen. Die Entscheidung wird mit Stimmenmehrheit gefasst. Zunächst stimmt der Berichterstatter ab, dann das zweite Mitglied des Senats und schließlich der Vorsitzende.;Berichterstatter;giudice relatore;var
Das Verfahren erlischt durch Verzicht auf die Verfahrenshandlungen, wenn die eingelassenen, die ein Interesse an der Weiterführung haben könnten, den Verzicht annehmen. Die Annahme ist wirkungslos, wenn sie Vorbehalte oder Bedingungen enthält.;Verzicht auf die Verfahrenshandlungen;rinuncia agli atti del giudizio;var
Auch über die Biomüllvergärungsanlage, welche südlich von Salurn im Trentino entstehen soll und den gesamten Biomüll des Trentino verarbeiten soll, wurde berichtet und besprochen.;Biomüllvergärungsanlage;biodigestore;var
Der Rest des Wärmebedarfs wird über das Klärgas aus dem Faulturm und dessen energetischer Nutzung gedeckt.;Faulturm;digestore;var
Südtirolweit gib es 31 Biogasanlagen, die jährlich etwa 130.000 Tonnen Gülle und Mist und 10.000 Tonnen organische Haushaltsabfälle, also den so genannten Biomüll, in Strom und Wärme umwandeln.;Biogasanlage;biodigestore;var
Nicht zu den Friedhöfen zählen: Gebäude, die in einem funktionalen Zusammenhang mit der Anlage stehen oder zu deren Ausstattung gehören (z.B. Kirchen, Kapellen, Aufbahrungshallen, Krematorium).;Krematorium;crematorio;var
Der Abfallbeauftragte hat im Zuge der Erstellung oder Fortschreibung des Abfallwirtschaftskonzeptes die Kosten der Abfallbehandlung und die Erlöse der Altstoffe dem Betriebsinhaber darzustellen.;Abfallbehandlung;trattamento;var
Obwohl medizinische Abfälle nur einen geringen Anteil an der Gesamtmasse der gefährlichen und nicht gefährlichen Abfälle darstellen, bilden sie trotzdem einen mitunter sensiblen Bereich innerhalb der Abfallwirtschaft.;medizinisch Abfall;rifiuto sanitario;var
Der Senat ernennt mit dem Beschluss, mit dem er ein amtliches Sachverständigengutachten anordnet,  einen Gutachter, oder bedient sich fachspezifischer Einrichtungen und Organismen öffentlicher Verwaltungen.;amtliches Sachverständigengutachten;consulenza tecnica d'ufficio;var
Die Entscheidungen des Rechnungshofs in der Berufungsinstanz oder in einer einzigen Instanz  können  vor dem Kassationsgerichtshof angefochten werden, ausschließlich aus Gründen in Zusammenhang mit der Gerichtsbarkeit.;Kassationsgerichtshof;Corte Suprema di Cassazione;var
Das Eheversprechen verpflichtet nicht zur Eheschließung, aber auch nicht zur Leistung dessen, was für den Fall seiner Nichterfüllung vereinbart wurde.;Eheversprechen;promessa di matrimonio;var
Die Gesellschaft ist verpflichtet, die Gründer von den eingegangenen Verbindlichkeiten zu befreien und ihnen die gemachten Aufwendungen zu ersetzen, wenn sie zur Gründung der Gesellschaft notwendig waren oder von der Versammlung genehmigt worden sind.;Versammlung;assemblea di società;var
Die Gesellschafterversammlung wird von den Verwaltern am Sitz der Gesellschaft einberufen, wenn der Gründungsvertrag nichts anderes bestimmt.;Gesellschafterversammlung;assemblea;var
Der Gesellschaftsvertrag kann, wenn nichts anderes vereinbart wurde, nur mit Einwilligung aller Gesellschafter geändert werden.;Gesellschaftsvertrag;contratto sociale;var
Hat bezüglich der Anerkennung der Vaterschaft zu einem unehelichen Kinde das Gericht mitzuwirken, so ist das Bezirksgericht zuständig, das zur Führung der Vormundschaft über das uneheliche Kindberufen oder vor Erreichung seiner Volljährigkeit berufen gewesen ist.;Bezirksgericht;pretura;var
Der Auftraggeber kann zur Eignungsfeststellung ein Qualifizierungssystem für Unternehmen einrichten und betreiben. Unternehmen müssen jederzeit die Zulassung zum Qualifizierungssystem beantragen können. Das Qualifizierungssystem kann verschiedene Qualifizierungsstufen umfassen.;Qualifizierungssystem;sistema di qualificazione;var
Jedenfalls muß das Ersuchen innerhalb von dreißig Tagen ab dem Zeitpunkt eingebracht werden, an dem der Name der Person, für welche die Ermächtigung erforderlich ist, in das Register für die Nachrichten über strafbare Handlungen (335) eingetragen worden ist.;Register für die Nachrichten über strafbare Handlungen;registro delle notizie di reato;var
Außer in den  vorgesehenen Fällen  wird die Rechtssache, wenn das Urteil eines Berufungsschwurgerichts oder eines Oberlandesgerichts  für nichtig erklärt wird, entsprechend an einen anderen Senat des gleichen Oberlandesgerichts oder des gleichen Landesgerichts  verwiesen.;Berufungsschwurgericht;corte d'assise d'appello;var
Das Landesgericht ist für strafbare Handlungen zuständig, die nicht in die Zuständigkeit des Schwurgerichts oder des Bezirksgerichts fallen.;Bezirksgericht;pretore;var
Die BG werden durch einen Einzelrichter, den Bezirksrichter, tätig.;Bezirksrichter;pretore;var
Als gesetzlicher Ehegüterstand gilt bei Fehlen eines gemäss Artikel 162 abgeschlossenen anderslautendenVertrags die vom dritten Teil dieses Abschnitts geregelte Gütergemeinschaft.;gesetzlicher Ehegüterstand;regime patrimoniale legale;var
Das Nutzungspfand dauert, auch wenn die Forderung oder die als Nutzungspfand gegebene Liegenschaft geteilt werden kann, so lange, bis die Forderung des Gläubigers zur Gänze befriedigt ist, es sei denn, daß eine Dauer festgesetzt worden ist.;Nutzungspfand;anticresi;var
Der Präsident des Oberlandesgerichtes oder Generalstaatsanwalt beim zuständigen Oberlandesgericht kann die wegen Fehlens oder ungenügender Anzahl von Anwärtern freien Stellen durch die nötigen Zuteilungen von Richtern, die möglichst die deutsche Sprache beherrschen, zeitweilig besetzn.;Oberlandesgericht;corte d'appello;var
Das Schwurgericht ist zuständig  für Verbrechen, für die das Gesetz eine lebenslange Gefängnisstrafe oder eine Gefängnisstrafe vorsieht, deren Höchstmaß nicht unter vierundzwanzig Jahren liegt .;Schwurgericht;corte d'assise;var
Die vermachte Sache ist dem Vermächtnisnehmer mit all ihrem Zubehör in dem Zustand zu leisten, in dem sie sich zur Zeit des Todes des Erblassers befindet.;Zubehör;pertinenza;var
Fund und Schatzfund wurden durch die SPG-Novelle 2002  neu geregelt.;Schatzfund;invenzione del tesoro;var
Die vom Schuldner nicht angenommene, ihm aber durch Zustellung zur Kenntnis gebrachte Abtretung verhindert die Aufrechnung der nach der Zustellung entstandenen Forderungen.;Abtretung;cessione;var
Nicht zurechnungsfähig ist, wer im Zeitpunkt der Begehung der Tat infolge Volltrunkenheit, die durch Zufall oder höhere Gewalt hervorgerufen wurde, nicht einsichts- oder willensfähig war.;höhere Gewalt;forza maggiore;var
Der Zeugenbeweis ist mit der genauen Bezeichnung der zu vernehmenden Personen und der in getrennten Frageartikeln anzuführenden Tatsachen, über die jede dieser Personen vernommen werden soll, zu beantragen.;Zeugenbeweis;testimonianza;var
Die Gründungsurkunde und die Satzung haben die Bezeichnung der Körperschaft, Angaben über den Zweck, das Vermögen und den Sitz sowie Bestimmungen über die Verfassung und Verwaltung zu enthalten.;Gründungsurkunde;atto costitutivo;var
Der Gesellschafter ist verpflichtet, die im Gesellschaftsvertrag bestimmten Einlagen vorzunehmen.;Einlage;conferimento;var
Der Gastwirt haftet nicht, wenn die Beschädigung, Zerstörung oder Entwendung verursacht wird:  durch höhere Gewalt .;höhere Gewalt;forza maggiore;var
Wer wegen eines nicht fahrlässigen Verbrechens aufgrund von Geisteskrankheit, chronischer Vergiftung durch Alkohol oder Rauschgift oder wegen Taubstummheit zu einer herabgesetzten Strafe Verurteilte wird in einer Heil- und Bewahrungsanstalt  untergebracht .;Geisteskrankheit;infermità psichica;var
Bei einem Kompetenzkonflikt unter den  Gremien entscheidet der Hauptschulamtsleiter bzw. der zuständige Schulamtsleiter.;Kompetenzkonflikt;conflitto di competenza;var
Niemand kann wegen einer Handlung oder Unterlassung bestraft werden, die vom Gesetz mit Strafe bedroht ist, wenn er sie nicht mit Wissen und Wollen begangen hat.;Wollen;volontà;var
Die Bestimmung der Verfahrenskosten umfaßt: a) die Honorare und die Aufwendungen des Schiedsrichters .;Bestimmung der Verfahrenskosten;liquidazione delle spese;var
Der Speditionsvertrag ist ein Auftrag , mit dem der Spediteur die Verpflichtung übernimmt, im eigenen Namen und auf Rechnung des Auftraggebers einen Beförderungsvertrag  abzuschließen und die Nebengeschäfte abzuwickeln.;Speditionsvertrag;contratto di spedizione;var
Die Schadensanzeige enthält eine präzise, dokumentierte Darlegung der Tatsachen und der erfolgten Gesetzesverletzungen ….;Darlegung der Tatsachen;esposizione dei fatti;var
Das Gutachten wurde dem Rechnungshof für die Durchführung der gerichtlichen Billigung im Sinne des Artikels 14, Absatz 1, Buchstabe e), GD Nr. 138/2011, umgewandelt in das G Nr. 148/2011, am 18. Mai 2020 übermittelt.;G;legge;var
Der Touristiksachbearbeiter/die Touristiksachbearbeiterin ist in der Südtiroler Touristikwerbung tätig und organisiert nach allgemeinen Zielvorgaben des/der Vorgesetzten eigenständig Werbemaßnahmen und wirbt für das Südtiroler Tourismusangebot in Wort und Schrift.;Touristiksachbearbeiter;collaboratore turistico;var
Die Republik anerkennt und gewährleistet die unverletzlichen Rechte des Menschen, sei es als Einzelperson, sei es innerhalb der gesellschaftlichen Gebilde, in denen sich seine Persönlichkeit entfaltet, und sie fordert die Erfüllung der unabdingbaren Pflichten politischer, wirtschaftlicher und sozialer Solidarität.;unverletzlich Recht der Mensch;diritti inviolabili dell'uomo;var
Der Nutzen für das herrschende Grundstück kann auch in einer größeren Bequemlichkeit oder Schönheit bestehen. Er kann ebenso die industrielle Widmung des Grundstücks betreffen.;Nutzen;utilità;var
Die Bedeutung der Tätigkeit  wird in Übereinstimmung mit den gemeinschaftlichen Bestimmungen und Grundsätzen sowie der einschlägigen Auslegung durch die Rechtsprechung des Gerichtshofs der Europäischen Union geprüft.;Auslegung durch die Rechtsprechung;interpretazione giudiziale;var
Erfolgen die steuerbaren Leistungen auf Grundlage eines privatrechtlichen Rechtsverhältnisses, richtet sich die Überwälzung der Steuer nach den privatautonomen Vereinbarungen. Bei Streitigkeiten ist Zivilklage vor der Ziviljustiz zu erheben.;Ziviljustiz;giustizia civile;var
Die Dekrete regeln im Einzelnen, wie die Register im Rahmen der elektronischen Datenverarbeitung zu führen sind, wie Mitteilungen und Zustellungen durch zertifizierte E-Mail …, wie die Authentifizierung der Nutzer und der Zugang zur elektronischen Verfahrensakte erfolgt, ….;elektronische Verfahrensakte;fascicolo informatico;var
Außer dem Ehegatten, den Vorfahren oder den Nachkommen ist niemand verpflichtet, die Vormundschaft über einen voll Entmündigten oder die Pflegschaft für einen beschränkt Entmündigten mehr als zehn Jahre lang auszuüben.;Pflegschaft;cura;var
Sofern die Satzung nicht eine größere Anzahl vorsieht, setzt sich der Aufsichtsrat aus zumindest drei Mitgliedern zusammen, die nicht Gesellschafter sein müssen.;Aufsichtsrat;consiglio di sorveglianza;var
Das Bundesamt für Sicherheit im Gesundheitswesen hat ein Pharmakovigilanz-System zu führen, das der Sammlung von für die Arzneimittelüberwachung wichtigen Informationen und deren wissenschaftlicher Auswertung und der Teilnahme an Pharmakovigilanz-Aktivitäten der Europäischen Union dient.;Arzneimittelüberwachung;farmacovigilanza;var
Die spontanen Meldungen von Nebenwirkungen sind eine wichtige Informationsquelle für die Pharmakovigilanz, denn mit ihrer Hilfe können mögliche Alarmsignale in Zusammenhang mit der Verwendung der im Staatsgebiet verfügbaren Arzneimittel erkannt werden.;Pharmakovigilanz;farmacovigilanza;var
Das gebietsmäßig zuständige Ethikkomitee hat eine begründete positive Stellungnahme zum Forschungsprogramm abgegeben ….;Ethikkomitee;comitato etico;var
Es ist Pflicht, an den Kraftwagen und Kradfahrzeugen, ausgenommen Krafträder, im vorderen Teil oder auf der Windschutzscheibe die Abschnitte auszuhängen, mit denen die Zahlung der Kraftfahrzeugsteuer und der Pflichtversicherung bestätigt wird.;Pflichtversicherung;assicurazione obbligatoria;var
Die Daten sind in verständlicher Form zu übermitteln, auch durch eine verständliche Schreibweise. Werden bei den übermittelten Daten Kodes oder Kürzel verwendet, so sind, auch über die Beauftragten, die Entschlüsselungsparameter anzugeben.;Kode;codice;var
Die unbezahlte Arbeit ist nur dann zu berücksichtigen, wenn sie ständig im Familienbetrieb geleistet wird.;unbezahlte Arbeit;lavoro non retribuito;var
Das Komitee Landeskomitee für Ethik nimmt weiters folgende Aufgaben wahr: a) eserteilt allgemeine Richtlinien im Bereich der klinischen Versuche, die in den Gesundheitseinrichtungen des Landes durchgeführt werden.;klinisch Versuch;sperimentazione clinica;var
Der Vertragnehmer hat das Recht  eine detaillierte Aufstellung der einzelnen Rechnungselemente zu erhalten, im Besonderen in Zusammenhang mit dem Datum und der Uhrzeit des Anrufbeginns  der Dauer und der Anzahl der für jedes Gespräch angelasteten Gebühreneinheiten.;Gebühreneinheit;scatto;var
Zur Bestätigung der Geburt wird die Geburtshilfebescheinigung immer durch eine einfache Bescheinigung ersetzt, in der nur die Daten aufscheinen, die im Geburtenregister eingetragen werden müssen.;Geburtenregister;registro di nascita;var
Primäre Aufgabe der österreichischen Außenpolitik ist es, die Beziehungen Österreichs zu allen Ländern der Welt zu pflegen und die Interessen Österreichs in den internationalen und regionalen Organisationen, denen Österreich angehört, zu vertreten.;Außenpolitik;politica estera;var
Die Zusammenlebenden können jederzeit einen Lebensgemeinschaftsvertrag abschließen, mit dem sie die vermögensrechtlichen Regelungen treffen: so z.B. können sie den Güterstand der Gütergemeinschaft wählen, ihren Unterhalt und den jeweiligen Beitrag für das Zusammenleben festsetzen.;Lebensgemeinschaftsvertrag;contratto di convivenza;var
Die Angaben betreffend den Familiennamen, den Vornamen, den Geburtsort und das Geburtsdatum, die Staatsbürgerschaft, den Personenstand und den Wohnsitz, die in gültigen Lichtbildausweisen enthalten sind, haben dieselbe Beweiskraft wie die entsprechenden Bescheinigungen.;Personenstand;stato civile;var
Bei der Nutzung durch Dritte wird ein Fahrzeug gegen Entgelt im Interesse von anderen Personen als dem Fahrzeugscheininhaber genützt. Anderenfalls handelt es sich um Eigennutzung.;Fahrzeugscheininhaber;intestatario della carta di circolazione;var
Für die Verhandlung vor dem Kantonsgericht sei ein verfassungsmässiges Gericht einzusetzen mit einem Präsidenten der Strafabteilung als vorsitzendem Richter und zwei ordentlichen Richtern der Strafabteilung.;ordentlich Richter;magistrato ordinario;var
Ein Kraftwagen darf ein Fahrzeug, das nicht als Anhänger gilt, ziehen, wenn dieses wegen Havarie oder Fehlen wesentlicher Teile nicht mehr fahrtüchtig ist .;Kraftwagen;autoveicolo;var
Auf gebührenpflichtigen Parklätzen werden für Wohnmobile Tarife angewandt, die um 50 % höher sind als die Tarife, die auf gleichen Parkplätzen in der Gegend für Personenkraftwagen erhoben werden.;Personenkraftwagen;autovettura;var
Bei zweiachsigen Kraftomnibussen oder Oberleitungsbussen, die für den öffentlichen Linienverkehr im innerstädtischen und im Vorstadtbereich bestimmt sind, beträgt die höchstzulässige Gesamtmasse 19 t.;Kraftomnibus;autobus;var
Der Verbraucher kann von einem Fernabsatzvertrag oder einem außerhalb von Geschäftsräumen geschlossenen Vertrag binnen 14 Tagen ohne Angabe von Gründen zurücktreten.;außerhalb von Geschäftsraum geschlossen Vertrag;contratto negoziato fuori dei locali commerciali;var
Die Verwendung von automatischen Anruf- und Kommunikationssystemen ohne menschlichen Eingriff (automatische Anrufmaschinen) zum Versand von Werbematerial, zum Direktverkauf, zur Marktforschung oder zur Handelsinformation ist nur erlaubt, wenn der Vertragnehmer oder Nutzer vorher seine Einwilligung gegeben hat.;Direktverkauf;vendita diretta;var
Zum Personenlinienverkehr dürfen folgende Fahrzeuge bestimmt werden: Kraftomnibusse, Gelenkbusse, Sattelkraftfahrzeuge, Lastzüge, Oberleitungsbusse, Gelenk-Oberleitungsbusse, Oberleitungssattelzüge und Oberleitungslastzüge, die dem Personenverkehr dienen.;Gelenkbus;autosnodato;var
Bei Wohnmobilen mit einer zulässigen Gesamtmasse von mehr als 2,5 t genügt für die hinteren Sitze die Ausrüstung mit Verankerungen zur Anbringung von Beckengurten und mit Beckengurten.;Wohnmobil;autocaravan;var
Zum Personenlinienverkehr dürfen folgende Fahrzeuge bestimmt werden: Kraftomnibusse, Gelenkbusse, Sattelkraftfahrzeuge, Lastzüge, Oberleitungsbusse, Gelenk-Oberleitungsbusse, Oberleitungssattelzüge und Oberleitungslastzüge, die dem Personenverkehr dienen.;Lastzug;autotreno;var
Beim Bedienen des Flurförderzeuges in den Schmalgängen muss sich der Fahrer auf den Ein- bzw Auslagerungsvorgang konzentrieren und hat zudem einen sehr eingeschränkten Sichtbereich.;Flurförderzeug;carrello;var
Landwirtschaftliche Zugmaschinen mit vorne getragenen Geräten dürfen keine angehängten landwirtschaftlichen Maschinen ohne Bremsanlage ziehen. Dies gilt auch dann, wenn die landwirtschaftlichen Maschinen Bestandteil der Zugmaschine sind.;landwirtschaftlich Maschine;macchina agricola;var
Rückfahrscheinwerfer sind für Anhänger, die dazu bestimmt sind, mit landwirtschaftlichen Zugmaschinen gezogen zu werden, jedoch nicht erforderlich.;landwirtschaftlich Zugmaschine;trattrice agricola;var
Der Minister für Infrastruktur und Verkehr ist befugt, im Einvernehmen mit dem Innenminister durch Dekret allfällige einschränkende Kriterien und die Modalitäten für die Ausstellung des Fahrzeugscheins festzulegen.;im Einvernehmen;d'intesa;var
Beweggrund für die Schaffung des NWG Notwegegesetz war in erster Linie das Privatinteresse des Eigentümers der notleidenden Liegenschaft. Ein solches Interesse kommt aber demjenigen, dessen Eigentum bloß vorgemerkt wurde, jedenfalls dann nicht mehr zu, wenn die Rechtfertigung unterbleibt.;Privatinteresse;interesse privato;var
Landwirtschaftliche Zugmaschinen dürfen einen einzigen landwirtschaftlichen Anhänger oder nicht mehr als zwei landwirtschaftliche Arbeitsmaschinen ziehen, sofern diese mit einer Bremsanlage ausgerüstet sind, die von der Zugmaschine aus betätigt wird.;landwirtschaftlich Arbeitsmaschine;macchina agricola operatrice;var
Schulen im Sinne dieser Bestimmungen des Suchmittelgesetzes sind die öffentlichen und privaten Schulen gemäß Schulorganisationsgesetz, BGBl. Nr. 242/1962, die öffentlichen land- und forstwirtschaftlichen Schulen sowie alle anderen Privatschulen.;Privatschule;scuola privata;var
Zu den Tätigkeiten  gehören auch Lehrgänge, didaktische und schulische Tätigkeiten, einschließlich der Finanzierung von Privatschulen, die gesetzlich anerkannte Studientitel verleihen, private Hochschulen, Tagungen und Lehrfahrten für Lehrpersonen sowie der Ankauf von didaktischem und wissenschaftlichem Material.;Privatschule;scuola privata;var
Das Gericht verhängt die vorgesehenen Sanktionen auch dann, wenn der Vertrag abgeschlossen worden ist, ohne die Aussetzung des Abschlusses zu beachten, die sich aufgrund der Einreichung des verwaltungsgerichtlichen Rekurses gegen den endgültigen Zuschlag ergeben hat, ….;verwaltungsgerichtlich Rekurs;ricorso giurisdizionale amministrativo;var
Wer zu Fuß geht und einachsige Zug- oder Arbeitsmaschinen an Holmen oder Handfahrzeuge mitführt, hat mindestens eine nach vorn und hinten gut sichtbare, nicht blendende Leuchte mit weißem Licht auf der linken Seite anzubringen oder zu tragen.;Handfahrzeug;veicolo a braccia;var
Zur Klasse der atypischen Fahrzeuge gehören Kradfahrzeuge und Kraftwagen, die als Oldtimer gelten oder die von historischem Interesse sind und Sammlerwert besitzen.;Kradfahrzeug;motoveicolo;var
Oszillationen der Fortbewegungsrichtung mit dazwischen liegenden Stillstandsphasen treten  in Situationen auf, wenn sich verschiedene Fußgängerströme durchdriungen, etwa an Kreuzuungen .;Fußgängerstrom;corrente pedonale;var
Folgende Fahrzeuge dürfen nicht auf den Autobahnen  verkehren: a) Fahrräder, Kleinkrafträder, mit Verbrennungsmotor betriebene Krafträder mit einem Hubraum von weniger als 150 cm³, mit Verbrennungsmotor betriebene Krafträder mit Beiwagen mit einem Hubraum von weniger als 250 cm³ .;Kraftrad mit Beiwagen;motocarrozzetta;var
Für die Zulassung zu den verschiedenen Gattungen und Stufen der Schulen, für den Abschluß derselben und für die Befähigung zur Berufsausübung ist eine Staatsprüfung vorgeschrieben.;Staatsprüfung;esame di Stato;var
Zur Berufsausübung ist die Eintragung in die Berufskammer erforderlich. Voraussetzungen dafür sind:  Staatsprüfung zur Erlangung der Berufsbefähigung.;Staatsprüfung;esame abilitante;var
Der Grundsatz der Würde der Person und der Aufklärung bzw. der freien Einwilligung bei der Wahl der medizinischen Behandlung findet sich auch in der italienischen Verfassung wieder.;frei Einwilligung;consenso libero;var
Das Gesetz sieht vor, dass mittels Verfügung eine Person ernannt werden kann, die den Patienten oder die Patientin in den Beziehungen zu Ärzten, Ärztinnen und Personal des Gesundheitsbetriebs vertritt: die Vertrauensperson.;Vertrauensperson;persona di fiducia;var
Während eines stationären Aufenthaltes (ordentlicher Aufenthalt, Day Hospital oder Day Surgery) werden die klinischen Daten und Befunde gesammelt und als Krankengeschichte angelegt und schließlich im Sanitätsarchiv in Papierform hinterlegt und zum Teil in digitaler Form abgespeichert.;Krankengeschichte;cartella clinica;var
Der Inhalt der Sprengstoffkisten wurde in Kunststofffässer gefüllt und die geleerten Kisten mit einem Hochdruckreiniger gereinigt, wobei das anfallende Abwasser der Wasserreinigungsanlage zugeführt wurde.;Wasserreinigungsanlage;impianto di depurazione;var
Die Abwässer von Reschen, Graun und St. Valentin an der Haide werden künftig im Klärwerk in Glurns gereinigt, dessen Wirkungsgrad zu diesem Zweck auf 30.000 Einwohnergleichwerte erhöht worden ist.;Klärwerk;impianto di depurazione per le acque;var
Für die Errichtung und die Führung der Kanalisationen und der Kläranlagen von übergemeindlichem Interesse bedienen sich die Gemeinden des einheitlichen Dienstes .;Kläranlage;impianto di depurazione;var
In fließenden Gewässern ist der Gebrauch einer einzigen Rute mit höchstens drei Angelhaken oder drei Drillingen erlaubt.;fließend Gewässer;acque correnti;var
Die Einleitung von Klärschlamm in Oberflächengewässer, insbesondere von Schiffen oder durch Leitungssysteme, ist verboten.;Oberflächengewässer;acque superficiali;var
Die Nutzungen von Grundwasser, auch zur Wärmegewinnung ohne Wasserentnahme, werden von dem für Gewässernutzung zuständigen Landesrat in Konzession vergeben.;Grundwasser;acque sotterranee;var
Im Landschaftsplan können auch die vorrangigen Leitlinien für Projekte zur Erhaltung, Wiedergewinnung, Wiederaufwertung, Aufwertung und Pflege der regionalen Landschaft mit Angabe der Mittel zu deren Durchführung, einschließlich der Fördermaßnahmen, festgelegt werden.;Landschaftsplan;piano paesaggistico;var
Die Landesregierung bestimmt die Kriterien, gemäß welchen Erde und Steine aus Aushub als Nebenerzeugnisse angesehen werden können.;Nebenerzeugnis;sottoprodotto;var
Die Pflicht, ein Abfallregister zu führen, haben Händler und Vermittler von Abfällen, mit oder ohne Besitz der Abfälle.;Vermittler von Abfällen;intermediario;var
Sowohl die Umweltverschmutzung (Art. 452-bis) als auch die Umweltkatastrophe (Art. 452-ter) werden gemäß Art. 452-quinquies auch im Falle der Fahrlässigkeit bestraft.;Umweltverschmutzung;inquinamento ambientale;var
§ 98 öStGB droht für den Fall eines Schwangerschaftsabbruches ohne Einwilligung der Schwangeren Freiheitsstrafen an, die verschieden hoch sind, je nachdem, ob durch die Tat der Tod der Schwangeren eingetreten ist, oder ob dies nicht der Fall war.;Schwangerschaftsabbruch ohne Einwilligung der Schwangeren;aborto di donna non consenziente;var
Der Denkmalschutz umfasst auch Maßnahmen zur Vereinheitlichung und Regelung von Rechten und Verhaltensweisen, die das kulturelle Erbe betreffen.;Denkmalschutz;tutela del patrimonio culturale;var
Das Ministerium legt, auch mit Hilfe der Regionen und in Zusammenarbeit mit den zuständigen Universitäten und Forschungsanstalten, Richtlinien, technische Vorschriften, Kriterien und Modelle für Eingriffe zur Erhaltung von Kulturgütern fest.;Erhaltung von Kulturgütern;conservazione dei beni culturali;var
Bei der Erteilung der Ermächtigung für Ausstellungen sind der Bedarf an Maßnahmen zur Erhaltung der Güter und bei staatseigenen Gütern auch das Erfordernis der öffentlichen Nutzung zu berücksichtigen ….;Nutzung;fruizione pubblica;var
Die regionale Gesetzgebung regelt die Nutzung der Güter, die sich in den Kultureinrichtungen und an Kulturorten befinden, die nicht dem Staat gehören ….;Nutzung;fruizione;var
Die Erhaltung des kulturellen Erbes wird durch kohärente, koordinierte und programmierte Studien-, Vorbeugungs-, Instandhaltungs- und Restaurierungstätigkeit gewährleistet.;Vorbeugung;prevenzione;var
Der Zugang zu öffentlichen Bibliotheken und Archiven zu Lese-, Studien- und Forschungszwecken ist unentgeltlich.;öffentlich Bibliothek;biblioteca pubblica;var
Im Sinne des Kodex der Kultur- und Landschaftsgüter versteht man unter Kultureinrichtungen und -orte die Museen, die Bibliotheken und die Archive, die archäologischen Fundstätten und Parks und die Baudenkmalkomplexe.;archäologisch Fundstätte;area archeologica;var
Öffentliche Archive und Privatarchive, die Gegenstand einer Erklärung über das Vorliegen eines kulturellen Interesses sind, dürfen nicht aufgeteilt werden.;Privatarchiv;archivio privato;var
Eine geschlossene und informell skartierte Akte wird im Zwischenarchiv abgelegt.;Zwischenarchiv;archivio di deposito;var
Das Tragen von Atemschutz darf keine ständige Maßnahme sein.;Atemschutz;dispositivo di protezione delle vie respiratorie;var
Kapselgehörschützer können in einer warmen Umgebung unangenehm sein. Die Verwendung von schweißabsorbierenden Zwischenlagen oder der Einsatz von Gehörschutzstöpseln kann Abhilfe schaffen.;Gehörschutzstöpsel;tappo per le orecchie;var
Nach den Vorschriften haben Heeresangehörige „bei Lärmexposition im Dienst einen geeigneten Gehörschutz zu tragen“. Dafür sind Gehörschutzpfropfen, Gehörschutzbügel, Funkkopfhörer für Panzerbesatzungen und Funkkopfhörer für Stahlhelme in Verwendung.;Gehörschutzpfropfen;otturatore auricolare;var
Der Arbeitgeber berücksichtigt die Lärmexposition der Arbeitnehmer während der Arbeit, wobei er insbesondere l) die Verfügbarkeit von Schutzausrüstung für das Gehör mit einer angemessenen dämmenden Wirkung berücksichtigt.;dämmend Wirkung;attenuazione sonora;var
Gehörschutzbügel lassen sich rasch aufsetzen und können bei Nichtgebrauch um den Hals getragen werden.;Gehörschutzbügel;inserto auricolare con archetto;var
Gehörschutzkapseln können unter Umständen an Industrieschutzhelmen befestigt werden. In diesen Fällen ist ausschließlich jene Kombination zu verwenden für die Schalldämmwerte einer akkreditierten Prüfstelle vorliegen.;Gehörschutzkapsel;cuffia antirumore;var
Die auf dem Autokorb tätigen Arbeiter müssen mit einem geeigneten Sicherheitsgeschirr ausgestattet sein, das fest an einem Halteseil verankert sein muss ….;Halteseil;cordino di posizionamento;var
Schutzhelme müssen so angepasst oder eingestellt werden, dass ein Herabfallen des Helmes vom Kopf bei Bewegungen des Trägers/der Trägerin verhindert wird. Erforderlichenfalls sind Schutzhelme mit Kinnriemen zu verwenden. Das gilt auch für Anstoßkappen.;Anstoßkappe;copricapo antiurto per l'industria;var
Das Spektrum der optischen Strahlung wird unterteilt in ultraviolette Strahlung, sichtbare Strahlung und Infrarotstrahlung .;Infrarotstrahlung;raggi IR;var
Die optische Strahlung umfasst die Infrarotstrahlung (IR), das für den Menschen sichtbare Licht (VIS) und die ultraviolette Strahlung (UV).;Infrarotstrahlung;raggi infrarossi;var
Für Arbeiten, die  am Boden liegend, sitzend oder knieend durchgeführt werden müssen, sind gegebenenfalls Unterlagen mit ausreichend hoher Wärmedämmung und geringer Wärmeableitung bzw. gepolsterte Unterlagen oder Knieschützer und erforderlichenfalls auch ein Schutz gegen Feuchtigkeit zur Verfügung zu stellen.;Knieschützer;ginocchiera;var
Augen- und Gesichtsschutz wird als Gestellbrille, Korbbrille, Schutzschild oder Schutzschirm angeboten.;Korbbrille;occhiali a maschera;var
Wenn die Lärmexposition die oberen Auslösewerte erreicht oder überschreitet, fordert der Arbeitgeber, dass die Arbeitnehmer die persönliche Schutzausrüstungen für das Gehör verwenden.;oberer Auslösewert;valore superiore di azione;var
Die Phase der Behandlung des Risikos betrifft die Ermittlung der Maßnahmen, die anzuwenden sind, um das bestehende Risiko zu verringern, indem dieses auf ein akzeptables Restrisiko herabgesetzt wird.;Restrisiko;rischio residuo;var
Durch die Verwendung der PSAgA als Rückhaltesystem zum Arbeiten in der Nähe der Absturzkante sollte eine Rettung nicht erforderlich sein .;Rückhaltesystem;sistema di trattenuta;var
Die Aufsichtsbehörde kann die Verwendung geschlossener unterirdischer oder halbunterirdischer Räume auch für Tätigkeiten erlauben, für die keine technischen Anforderungen bestehen, wenn bei diesen Tätigkeiten keine Schadstoffe ausgesetzt werden.;Schadstoff;sostanza nociva;var
Ist bei einer schwangeren Dienstnehmerin eine Änderung der Beschäftigung im Betrieb erforderlich (z.B. wegen schwerer körperlicher Arbeiten, Arbeiten mit schädlichen Arbeitsstoffen, etc), darf in den in § 14 MSchG aufgezählten Anwendungsfällen das Entgelt nicht geschmälert werden.;schädlicher Arbeitsstoff;sostanza nociva;var
Die Arbeitnehmer, die der Absturzgefahr ins Freie oder in Hohlräume ausgesetzt sind bzw. ihre Leistungen in Schächten, Tanks o. ä. unter gefährlichen Bedingungen erbringen, müssen mit einem geeigneten Sicherheitsgurt ausgestattet sein.;Sicherheitsgurt;cintura di sicurezza;var
Durch Zwangshaltung beim Schweißen können im Schutzanzug Falten entstehen, in denen sich herabfallende Schweißperlen festsetzen. Um dies zu verhindern, haben sich in der Praxis Faltenabdeckung, Schutzärmel, Gamaschen, Schutzschürzen aus Leder oder anderem schwer entflammbaren Material bewährt.;Schutzärmel;manicotto;var
Werden Messer in Richtung Körper geführt, sind Stechschutzhandschuhe evtl. mit Unterarmstulpe sowie Stechschutzschürze, -poncho oder -bolero zu tragen.;Unterarmstulpe;manicotto;var
Bei Halte- und Auffangsystemen prüfen, ob ausschließlich die laut den ÖNORMEN und den Herstelleranweisungen geeigneten Teile in Verwendung sind (z.B. geeignete Type des Fangseiles, des Falldämpfers, passende Schultergurte oder Beinschlingen).;Auffangsystem;sistema di arresto caduta;var
Ortsveränderliche Krane sind z. B. Turmdrehkrane, Auto- und Mobilkrane.;Turmdrehkran;gru a torre;var
Die Lufttemperatur muss in geeigneter Weise registriert werden und darf 25 Grad Celsius nicht überschreiten, eventuell auch mit Hilfe von Geräten für die Regulierung der Umgebungstemperatur.;Umgebungstemperatur;temperatura dell'aria ambiente;var
Wenn die Lärmexposition die unteren Auslösewerte überschreitet, stellt der Arbeitgeber den Arbeitnehmern persönliche Schutzausrüstungen für das Gehör zur Verfügung.;unterer Auslösewert;valore inferiore di azione;var
Der Bereich der ultravioletten Strahlung wird unterteilt in UV-A-Strahlung (315-400 nm), UV-B-Strahlung (280-315 nm) und UV-C-Strahlung (100-280 nm).;UV-B-Strahlung;raggi UVB;var
Der Bereich der ultravioletten Strahlung wird unterteilt in UV-A-Strahlung (315-400 nm), UV-B-Strahlung (280-315 nm) und UV-C-Strahlung (100-280 nm).;UV-C-Strahlung;UV-C;var
Das Spektrum der optischen Strahlung wird unterteilt in ultraviolette Strahlung, sichtbare Strahlung und Infrarotstrahlung ….;ultraviolette Strahlung;UV;var
Optische Strahlung ist elektromagnetische Strahlung im Wellenlängenbereich von 100 nm bis 1 mm und umfasst Ultraviolette Strahlung (UV), den sichtbaren Bereich (VIS) und Infrarotstrahlung (IR).;Ultraviolette Strahlung;UVR;var
UV-Strahlung ist jene Strahlung im elektromagnetischen Spektrum, die frequenzmäßig an das blau/violette Licht angrenzt, und für unser Auge nicht mehr sichtbar ist.;UV-Strahlung;UVR;var
Falls sich aus den ärztlichen Untersuchungen an Arbeitnehmern, die in vergleichbarem Maß einen gleichen Arbeitsstoff ausgesetzt sind, eine Anomalie gibt, welche auf diese Exposition zurückgeführt werden kann, so verständigt der Betriebsarzt den Arbeitgeber.;Arbeitsstoff;agente;var
Der Arbeitgeber gewährleistet, dass jeder Arbeitnehmer eine ausreichende und angemessene Ausbildung im Bereich der Gesundheit und Sicherheit erhält, auch unter Berücksichtigung der sprachlichen Kenntnisse .;Ausbildung;formazione;var
Innerhalb des ersten Trimesters des Jahres nach dem Bezugsjahr übermittelt der Betriebsarzt den gebietszuständigen Diensten, ausschließlich auf telematischem Wege, die Informationen  betreffend die sanitären und risikenbezogenen Daten der Arbeitnehmer .;Betriebsarzt;medico del lavoro;var
Eine Bifokalbrille hat keine Schutzfunktion gegenüber speziellen Gefahren einer bestimmten beruflichen Tätigkeit, weil sie nicht für jene Personen vorgesehen ist, die die betreffende Berufstätigkeit ausüben. Sie ist also keine Schutzbrille für Bildschirmarbeiter.;Bildschirmarbeiter;videoterminalista;var
Theoretisch müssten alle Mitarbeiter der Landesabteilungen im VDT-Programm aufscheinen, sei es Bildschirmverwender wie auch andere Mitarbeiter (z.B. Amtswarte, Ausgeher, Arbeiter usw.).;Bildschirmverwender;videoterminalista;var
Alle Arbeitsmittel müssen so gebaut sein, dass die Arbeitnehmer keinem Brandrisiko oder dem Risiko einer Überhitzung der Arbeitsmittel ausgesetzt sind.;Brandrisiko;rischio di incendio;var
Ab 1.1.2008 setzen sich die Notfalleinsatzgruppen in der Landesverwaltung und in den Kindergärten und Schulen jeglicher Art aus den Brandschutzbeauftragten und den Erste-Hilfe-Beauftragten zusammen.;Brandschutzbeauftragter;addetto antincendio;var
Die Erste-Hilfe-Beauftragten absolvieren eine theoretische und praktische Ausbildung für die Durchführung der internen Erste-Hilfe-Maßnahmen und die Aktivierung der Notfalleinsätze.;Erste-Hilfe-Beauftragter;addetto al primo soccorso;var
Bei der Projektierung von unterirdischen Räumen müssen gute Lebensqualität und ein angenehmes Raumklima gewährleistet werden.;Raumklima;microclima;var
Als physikalische Einwirkungen gelten Lärm, Ultraschall, Infraschall, mechanische Vibrationen, elektromagnetische Felder, optische Strahlungen auch künstlicher Art, Mikroklima und Überdruck ….;Mikroklima;microclima;var
Der Arbeitgeber hält die PSA einsatzbereit und gewährleistet einwandfreie hygienische Bedingungen mittels der erforderlichen Wartung, Reparatur und Ersatz und laut den Anweisungen des Herstellers.;PSA;DPI;var
Die allgemeinen Maßnahmen für den Schutz der Gesundheit und Sicherheit der Arbeitnehmer am Arbeitsplatz sind:  Risikobeseitigung und, wo dies nicht möglich ist, Risikoreduzierung auf ein Minimum laut den neuen Kenntnissen des technischen Fortschritts.;Risikobeseitigung;eliminazione dei rischi;var
Die Risikowahrnehmung und die Risikoakzeptanz sind im alltäglichen Leben subjektiv.;Risikowahrnehmung;percezione del rischio;var
Das Schadensausmaß ist abhängig von dem Gefährdungspotenzial. Je größer das Gefährdungspotenzial, desto größer das mögliche Schadensausmaß.;Schadensausmaß;gravità del danno;var
Im Rahmen der Risikobewertung  bewertet der Arbeitgeber alle Risiken in Folge von physikalischen Einwirkungen, um so die angemessenen Arbeitsschutzmaßnahmen ausarbeiten und anwenden zu können, mit besonderem Bezug auf die Regeln der Technik und auf gute praktische Lösungen.;Arbeitsschutzmaßnahmen;misure preventive e protettive;var
Nach entsprechender Stellungnahme des Betriebsarztes ergreift der Arbeitgeber je nach den Ergebnissen der klinischen und biologischen Untersuchungen besondere Vorbeuge- und Schutzmaßnahmen für einzelne Arbeitnehmer.;Vorbeuge- und Schutzmaßnahmen;misure preventive e protettive;var
Die Aus- und Fortbildung im Bereich Arbeitsschutz ist eine wesentliche Vorbeugemaßnahme zum Schutz der Arbeitnehmerinnen und Arbeitnehmer.;Vorbeugemaßnahme;misura di prevenzione;var
Vorsorgemaßnahmen werden getroffen, um Gefährdungen aller Art zu vermeiden oder fernzuhalten.;Vorsorgemaßnahme;misura di prevenzione;var
Die Gesundheitsüberwachung beinhaltet Vorsorgeuntersuchungen, mit denen das Vorhandensein eventueller Kontraindikationen für die den Arbeitnehmern zugewiesene Arbeit überprüft wird, sowie ihre Eignung für die spezifische Aufgabe.;Vorsorgeuntersuchung;visita medica preventiva;var
Beschaffungsstellen, die staatliche Behörden oder öffentliche Unternehmen sind und die mindestens eine der folgenden Tätigkeiten ausüben:  die Nutzung eines geografisch abgegrenzten Gebietes zum Zwecke der Versorgung von Beförderungsunternehmen im Flussverkehr mit Binnenhäfen oder anderen Verkehrsendeinrichtungen .;Flussverkehr;traffico fluviale;var
Die verbalen Mitteilungen sind so kurz, einfach und klar wie möglich die verbalen Fähigkeiten des Sprechers sowie die auditiven Fähigkeiten des Hörers oder der Hörer müssen eine einwandfreie verbale Kommunikation gewährleisten.;verbale Kommunikation;comunicazione verbale;var
Piktogramme müssen möglichst leicht verständlich sein für das Verständnis nicht erforderliche Details sind wegzulassen.;Piktogramm;simbolo;var
Ein Schild ist ein ein Zeichen, das durch Kombination von geometrischer Form, Farbe und Bildzeichen oder Piktogramm eine bestimmte Aussage beinhaltet.;Bildzeichen;simbolo;var
Bevor Arbeiten auf Dachfenstern, Oberlichten, Dächern, Abdeckungen und Ähnlichem durchgeführt werden, muss, unbeschadet der Pflicht, kollektive Schutzmaßnahmen zu ergreifen, sichergestellt werden, dass diese eine ausreichende Tragfähigkeit haben, um der Belastung durch die Arbeitnehmer und die verwendeten Materialien standzuhalten.;Dachfenster;lucernario;var
Die kollektiven Schutzmittel und -dienste umschließen: Sicherheitskennzeichen akustische Signalgeber Ausrüstungen für Ersthilfe Notbeleuchtung Löschmittel Notfallmanagementdienste.;Löschmittel;agente estinguente;var
Stoffe, die Elektronen gut leiten, nennt man elektrische Leiter: dazu gehören alle Metalle, Säuren und auch Wasser .;elektrisch Leiter;conduttore di elettricità;var
Der Arbeitgeber sorgt  dafür, dass jeder Arbeitnehmer eine angemessene Information erhält über  spezifische Risiken, denen er mit Bezug auf die durchgeführte Tätigkeit ausgesetzt ist, sowie über die Sicherheitsvorschriften und die Betriebsanweisungen in diesem Bereich.;Betriebsanweisung;disposizione aziendale;var
Bei Filtergeräten mit Gebläse und Atemschutzanzug wird ein Überdruck im Innern des Anzuges erzeugt. Dieser Atemschutzanzug bietet Schutz der Atemwege und des gesamten Körpers vor Kontamination.;Schutz der Atemwege;protezione delle vie respiratorie;var
Es müssen auf jeden Fall Fluchtwege und Zugänge zum Sammelplatz freigehalten werden.;Sammelplatz;punto di raccolta;var
Die Sicherheitskennzeichnungen, die eine Energiequelle benötigen, müssen für den Fall, dass diese ausfällt, über eine Notversorgung verfügen, es sei denn, dass bei Unterbrechung der Energiezufuhr kein Risiko mehr besteht.;Notversorgung;alimentazione di emergenza;var
Der Einweiser signalisiert die Hebe- und Transportmanöver klar und unmissverständlich damit der Kranführer die vorzunehmenden Manöver gut versteht.;Einweiser;segnalatore;var
Der Signalgeber muss die eigene Aufmerksamkeit ausschließlich der Steuerung der Arbeitsvorgänge und der Sicherheit der in der Nähe befindlichen Arbeitnehmer widmen.;Signalgeber;segnalatore;var
Gesundheit, Wohlbefinden und Leistungsfähigkeit der Arbeitnehmer hängen in hohem Maße vom Raumklima und von der Luftqualität am Arbeitsplatz ab. Lüftung und Schadstoffabsaugung in Arbeitsräumen und an Arbeitsplätzen sind damit wesentliche Elemente menschengerechter Gestaltung der Arbeit.;Lüftung;aerazione;var
Die rasche Beseitigung der von den Sprengstoffen verursachten Gasen, des Qualms und des Staubs ist durch künstliche Belüftung zu bewirken .;künstliche Belüftung;ventilazione meccanica;var
Ablagerungen und Verunreinigungen, die zu einer unmittelbaren Gesundheitsgefahr der Arbeitnehmer durch Verschmutzung der Raumluft führen können, müssen rasch beseitigt werden.;Raumluft;aria indoor;var
Brennbare Baustoffe haben die Eigenschaft, sich bei Erwärmung auf ihre Zündtemperatur unter Glut- und Flammenbildung mit dem Sauerstoff der Luft zu verbinden, d. h. zu verbrennen.;Zündtemperatur;temperatura di ignizione;var
Nachdem  der gesamte Raum vom Brand erfasst ist und die Sauerstoffzufuhr sichergestellt ist, entwickelt sich in der dritten Phase ein Vollbrand.;Vollbrand;fase di incendio generalizzato;var
Ein Feuer kann gelöscht werden, indem eine Voraussetzung der Verbrennung beseitigt wird, also durch Wärmeentzug (Abkühlen), Unterbinden der Sauerstoffzufuhr (Ersticken) oder Beseitigung des Brennstoffes.;Abkühlen;raffreddamento;var
Löschdecken aus schwerentflammbarem Material werden zum Ersticken von Flammen, insbesondere zum Einhüllen brennender Personen verwendet.;Löschdecke;coperta antifiamma;var
Löschdecken aus schwerentflammbarem Material werden zum Ersticken von Flammen, insbesondere zum Einhüllen brennender Personen verwendet.;Ersticken;soffocamento;var
Ein Feuer wird im Allgemeinen durch vier Brandphasen charakterisiert, der Zündphase, und dem Schwelbrand, d. h. der Brandentstehung sowie dem „flash over“ und der Erwärmungsphase, d. h. dem Vollbrand.;Zündphase;fase di ignizione;var
In der Entstehungsphase ist es verhältnismäßig leicht, einen Brand zu bekämpfen und zu löschen ….;Entstehungsphase;fase di propagazione;var
Zusätzlich zur Wasserlöschanlage müssen tragbare Feuerlöscher, deren Typ und Anzahl vom Techniker bestimmt wird, auf die verschiedenen Räumlichkeiten verteilt werden.;tragbar Feuerlöscher;estintore portatile;var
Brandmeldeanlagen bestehen aus mindestens Brandmeldern (z. B. Rauchmelder, Wärmemelder, Flammenmelder, Handmelder), Übertragungseinrichtungen der Brandmeldung innerhalb der baulichen Anlage, der Brandmeldezentrale und der Übertragungseinrichtung zur Alarmierung von Löschkräften.;Brandmelder;rivelatore d'incendio;var
Im Dokument zur Bewertung des Brandrisikos bewertet der Arbeitgeber die Brandrisiko-Stufe des Arbeitsplatzes und, wo notwendig, einzelner Bereiche desselben Ortes, indem die Brandrisiko-Stufe  einer der nachstehenden Kategorien zugewiesen wird: a) Erhöhtes Brandrisiko, b) Mittleres Brandrisiko, c) Niedriges Brandrisiko.;Erhöhtes Brandrisiko;rischio di incendio elevato;var
Im Dokument zur Bewertung des Brandrisikos bewertet der Arbeitgeber die Brandrisiko-Stufe des Arbeitsplatzes und, wo notwendig, einzelner Bereiche desselben Ortes, indem die Brandrisiko-Stufe  einer der nachstehenden Kategorien zugewiesen wird: a) Erhöhtes Brandrisiko, b) Mittleres Brandrisiko, c) Niedriges Brandrisiko.;Niedriges Brandrisiko;rischio di incendio basso;var
Der Überflurhydrant im Wasserrohrnetz ist für Feuerlöschzwecke, Betriebsmaßnahmen der Wasserversorgungsunternehmen und für sonstige Benutzungszwecke wie Bauwasserversorgung oder Straßenreinigung bestimmt.;Überflurhydrant;idrante soprasuolo;var
Das Vorhandensein automatischer Löschanlagen reduziert die Wahrscheinlichkeit der raschen Ausbreitung eines Brandes und ist deshalb in der Bewertung des allgemeinen Risikos von Bedeutung.;automatisch Löschanlage;sistema di spegnimento automatico;var
Wasserlöscher (Brandklasse A)  sind geeignet zum Löschen von festen brennbaren Stoffen (Holz, Papier, usw.). Als Löschmittel kommt dabei Wasser in Verbindung mit einem Netzmittel zum Einsatz.;Wasserlöscher;estintore ad acqua;var
Ab 85 dB(A) bzw. einem Spitzenschalldruckpegel von 137 dB(C) ist der bereitgestellte Gehörschutz vom Mitarbeiter zu benutzen. Minderjährige müssen Gehörschutzmittel bereits ab 80 dB(A) benutzen.;Spitzenschalldruckpegel;livello di pressione sonora di picco;var
Wegeunfälle sind  vom Versicherungsschutz umfasst. Dabei ist nicht nur der direkte Weg zum oder vom Ort der versicherten Tätigkeit (Arbeitsplatz, Schule, Kita etc.) versichert, auch bestimmte Umwege können unter Unfallversicherungsschutz stehen …..;Wegeunfall;infortunio in itinere;var
Berufsgenossenschaften und Arbeitgeber klären über Lärm am Arbeitsplatz auf und sensibilisieren für die Bedeutung von Gehörschutz. Über Lärmrisiken in der Freizeit scheinen sich viele Beschäftigte allerdings kaum Gedanken zu machen.;Lärmrisiko;rischio da esposizione a rumore;var
Der Arbeitgeber schließt die Risiken am Entstehungsort aus oder verringert sie so weit wie möglich, indem er folgende Maßnahmen anwendet: technische Lärmminderung: Luftschallminderung, z. B. durch Abschirmungen, Kapselungen oder Abdeckungen mit schallabsorbierendem Material ….;Kapselung;cappottatura;var
Schalldämmung (-isolierung) ist die Minderung des Schalldurchtrittes durch eine Trennfläche (Raumbegrenzung, Abschirmung). Der Schall wird an der Trennfläche vorwiegend reflektiert, d.h. zum Ausgangsort zurückgeworfen, falls dort keine dämpfenden Elemente angebracht sind.;Schalldämmung;isolamento acustico;var
Das bisherige Bewertungsverfahren für Arbeitsplatzlärm im industriellen Umfeld mit Hilfe von A-bewerteten Schalldruckpegeln beschreibt die eigentliche Lärmempfindung nur unzureichend. Infolgedessen soll ein alternativer Ansatz zu Lärmbewertung im industriellen Umfeld unter Berücksichtigung des subjektiven Lärmempfindens ermittelt werden.;Lärmbewertung;valutazione del rumore;var
Bei sehr hohen Konzentrationen von Kohlenmonoxid in der Luft kann es zu tödlicher Unterversorgung mit Sauerstoff kommen. Kohlenmonoxid ist hochentzündlich.;hochentzündlich;estremamente infiammabile;var
Der Arbeitgeber trifft die erforderlichen organisatorischen Maßnahmen und setzt geeignete Mittel, insbesondere mechanische Ausrüstungen ein, um die Notwendigkeit einer manuellen Handhabung von Lasten durch Arbeitnehmer zu vermeiden.;organisatorisch Maßnahme;misura organizzativa;var
Wird eine von den einschlägigen Rechtsvorschriften festgesetzte maximale Arbeitsplatzkonzentration überschritten, hat der Arbeitgeber die Ursachen dafür festzustellen und zu beseitigen, indem er unverzüglich die erforderlichen Arbeitsschutzmaßnahmen ergreift.;maximale Arbeitsplatzkonzentration;valore limite di esposizione professionale;var
Der PNEC wird in der Regel mit Hilfe von Daten aus Tests mit Organismen (meist Wasserorganismen wie Wasserflöhe, Fische oder Algen) ermittelt.;PNEC;concentrazione prevedibile priva di effetti;var
Ist der Ersatz eines karzinogenen Arbeitsstoffes oder Mutagens technisch nicht möglich, so sorgt der Arbeitgeber dafür, dass die Herstellung oder die Verwendung des karzinogenen Arbeitsstoffes oder Mutagens, sofern technisch möglich, in einem geschlossenen System erfolgt.;Karzinogen;agente carcinogeno;var
Die verantwortliche Person muss ein ständig aktualisiertes Register führen, in dem die periodischen Kontrollen zum Sicherheitsmanagement der Schulgebäude sowie das Datum der Räumungsübung notiert werden müssen.;Räumungsübung;esercitazione di evacuazione;var
Unter den geplanten Maßnahmen im Bereich Arbeitsschutz fallen in erster Linie die Aktualisierung der Risikoanalyse einschließlich der verschiedenen fachspezifischen Risikoanalysen, wie Lärmbewertung, elektrisches Risiko, Grünzonenpflege, Mutterschutz usw.;elektrisches Risiko;rischio elettrico;var
Werden Anlagen teilweise erneuert, beziehen sich das Projekt, die Konformitätserklärung und die eventuell vorgesehene Abnahmebescheinigung ausschließlich auf den erneuerten Teil, berücksichtigen aber Sicherheitsaspekte und Funktionstüchtigkeit der gesamten Anlage.;Konformitätserklärung;dichiarazione di conformità;var
Die Missachtung mehrerer Gebote, die auf die einheitliche Kategorie der Sicherheitsanforderungen an die Arbeitsstätten  zurückzuführen sind, wird als eine einzige Missachtung betrachtet und mit der  vorgesehenen Strafe geahndet.;Sicherheitsanforderung;requisito di salute e di sicurezza;var
Arbeitgeber/innen haben dafür zu sorgen, dass Arbeiten unter Spannung nach den anerkannten Regeln der Technik durchgeführt werden.;Arbeiten unter Spannung;lavoro elettrico sotto tensione;var
Arbeitgeber/innen haben dafür zu sorgen, dass Arbeitsmittel und persönliche Schutzausrüstung für das Arbeiten unter Spannung in ordnungsgemäßem Zustand erhalten werden.;Arbeiten unter Spannung;lavoro elettrico sotto tensione;var
Ein Lichtbogen kann je nach elektrischer Netz- und Anlagenkonfiguration extreme Gefährdungen mit sich bringen. Dies sind zum Beispiel hohe thermische Energie oder eine Druckwelle und mitgeführte Fragmente, die durch die explosionsartige Ausbreitung des Störlichtbogens freigesetzt werden.;thermische Energie;energia termica;var
Bei nichtstationären Anlagen (z. B. auf Baustellen) ist der FI-Schutzschalter arbeitstäglich und bei stationären Anlagen alle 6 Monate auf Funktion zu prüfen (Prüftaste drücken – der Schalter muss dann auslösen).;FI-Schutzschalter;interruttore salvavita;var
Elektroanlagen in Wohneinheiten gelten als angemessen, wenn sie über Trenn- und Schutzvorrichtungen gegen Überspannung am Ausgangspunkt der Anlage, über Schutzvorrichtungen gegen direkte und indirekte Berührung oder über Fehlerstromschutzschalter mit Nenndifferenzstrom von maximal 30 mA verfügen.;Fehlerstromschutzschalter;interruttore differenziale;var
Eine Elektrofachkraft ist auf Grundlage ihrer Kenntnisse und Erfahrungen in der Lage, insbesondere Einzelaspekte elektrischer Gefahren zu erkennen sowie die Arbeiten sach- und sicherheitsgerecht ausführen zu können.;Elektrofachkraft;PES;var
Die vorgewarnte Person besitzt nur einige der Eigenschaften der erfahrenen Person, oder sie besitzt sie alle, aber in geringerem Maß.;vorgewarnte Person;persona avvertita;var
Sicherheits-, Steuer- und Meldestromkreise außerhalb der Antriebsstation von elektrotechnischen Einrichtungen sind mit Kleinspannung zu betreiben.;Kleinspannung;bassissima tensione;var
In Bezug auf Elektroarbeiten kann eine Person sein: geeignet, erfahren oder vorgewarnt wenn sie keine dieser Qualifikationen aufweist, handelt es sich unter diesem Gesichtspunkt um eine gewöhnliche Person.;gewöhnliche Person;PEC;var
Die Bewertung des Expositionswertes für Hand-Arm-Vibrationen erfolgt anhand der Berechnung des auf einen Bezugszeitraum von 8 Stunden normierten Tagesexpositionswertes .;Hand-Arm-Vibrationen;vibrazioni trasmesse al sistema mano-braccio;var
Hand-Arm-Vibrationen (HAV) werden über Hände und Arme auf den menschlichen Körper übertragen.;Hand-Arm-Vibrationen;HAV;var
Die Bewertung des Ausmaßes der Exposition gegenüber Ganzkörper-Vibrationen erfolgt anhand der Berechnung des auf den Bezugszeitraum von 8 Stunden normierten Tagesexpositionswertes aw,8h .;Ganzkörper-Vibrationen;WBV;var
Die Ganzkörpervibrationen (GKV oder WBV) wirken auf den gesamten Körper. Am meisten wird aber die Wirbelsäule, besonders im Bereich der Lendenwirbel, in Mitleidenschaft gezogen.;GKV;WBV;var
Bei der Risikobewertung berücksichtigt der Arbeitgeber insbesondere Folgendes: alle indirekten Auswirkungen auf die Sicherheit und Gesundheit der Arbeitnehmer durch Wechselwirkungen zwischen mechanischen Vibrationen, dem Lärm und dem Arbeitsumfeld oder anderen Arbeitsmitteln ….;indirekt Auswirkung;effetti indiretti;var
Wer ständig mit einem Stemmhammer arbeitet, für den sollten Antivibrationshandschuhe zur Grundausstattung gehören.;Antivibrationshandschuh;guanto antivibrazione;var
Die Bewertung des Expositionswertes für Hand-Arm-Vibrationen erfolgt anhand der Berechnung des auf einen Bezugszeitraum von 8 Stunden normierten Tagesexpositionswertes A(8) ….;A(8);A(8);var
Bei PSA, die gegen tödliche Gefahren oder bleibende Gesundheitsschäden schützen soll (z. B. Atemschutzgeräte, PSA gegen Absturz) müssen die Beschäftigten im Rahmen von Unterweisungen und Übungen mit der Anwendung und den Benutzungsinformationen des Herstellers vertraut gemacht werden.;PSA gegen Absturz;dispositivo anticaduta;var
Der Bereich zwischen Abgrenzung und Absturzkante darf nur betreten werden, wenn dies aus arbeitstechnischen Gründen erforderlich ist. In diesem Fall müssen die Arbeitnehmer durch geeignete persönliche Schutzausrüstung gegen Absturz gesichert sein.;persönliche Schutzausrüstung gegen Absturz;DPI anticaduta;var
Das Sicherheitsseil ist mit einer beweglichen Absturzsicherung zu versehen, welche mit den Bewegungen des Arbeitnehmers mitläuft.;Sicherheitsseil;fune di sicurezza;var
Folgende Tatbestände stellen einen Grund für den Widerruf der Zuweisung der Kleinwohnung dar:  der Drogenmissbrauch oder der Missbrauch von alkoholischen Substanzen, der sich als belästigend für andere Mieter auswirkt ….;Drogenmissbrauch;abuso di sostanze stupefacenti;var
Für den Transport von Waffen, schwerem Gerät oder Gefahrengut werden Transportwege und Transportmittel festgelegt der Kontrolle der Einhaltung verkehrs- und kraftfahrrechtlicher Vorschriften durch die zuständigen Organe kann Personal der Truppe beiwohnen.;Gefahrengut;merce pericolosa;var
Luftfahrtunternehmen, die Gefahrgut nicht als Fracht befördern, haben die in Betracht kommenden Schulungs-, Informations- und Verfahrensvorschriften einzuhalten, die darauf abzielen, diesen Umstand abzusichern.;Gefahrgut;merce pericolosa;var
Für den anforderungsgerechten Störlichtbogenschutz ist es erforderlich, sich die durch den Störlichtbogen generierten thermischen Risiken stets in ihrer möglichen Gesamtwirkung auf Kopf- und Gesicht, Rumpf und Extremitäten bis zu den Händen zu vergegenwärtigen.;thermisch Risiko;rischio termico;var
Die Untersuchung sieht die ärztliche Visite und einen Screeningtest des biologischen Probenmaterials Harn vor.;Screeningtest;test di screening;var
Im Tunnel ist die Luft durch Belüftungssysteme, welche schädliche bzw. gefährliche Dämpfe, Gase und Staub beseitigen, atembar und rein zu erhalten.;Belüftungssystem;sistema di ventilazione;var
Bei der ersten periodischen Überprüfung verfasst der beauftragte Rechtsträger den technischen Identifizierungsschein, sofern vorgesehen, welcher Bestandteil der Unterlagen des Arbeitsmittels oder der Anlage ist.;periodisch Überprüfung;verifica periodica;var
Anlagen, Geräte, Schutzsysteme und die dazugehörigen Verbindungsvorrichtungen dürfen nur in Betrieb genommen werden, wenn aus dem Explosionsschutzdokument hervorgeht, dass sie in explosionsfähiger Atmosphäre sicher verwendet werden können.;Schutzsystem;sistema di protezione contro le esplosioni;var
Für die Zündbarkeit des explosiblen Gas-, Dampf- oder Staub/Luftgemisches sind vor allem die Mindestzündenergie des betreffenden brennbaren Stoffes und die mengenmäßige Zusammensetzung des Gemisches maßgebend.;Mindestzündenergie;MIE;var
Der primäre Explosionsschutz dient der Verhinderung der Bildung gefährlicher explosionsfähiger Gemische.;primär Explosionsschutz;misure per evitare la formazione di atmosfere esplosive;var
Dem sekundären Explosionsschutz sind alle Maßnahmen zuzurechnen, die zur Verringerung der Beanspruchung des Explosivstoffs führen: Derartige Maßnahmen sind bei allen Arten des Umgangs zu treffen, insbesondere aber bei der Herstellung, Be- und Verarbeitung der Explosivstoffe.;sekundär Explosionsschutz;misure per evitare fonti di innesco efficaci;var
Der Arbeitgeber muss für alle Arbeitsplätze, an denen vibrierende Arbeitsmittel zur Anwendung kommen, eine Gefährdungsbeurteilung veranlassen.;Gefährdungsbeurteilung;valutazione dei rischi;var
Die Risikobewertung kann eine Begründung einschließen, dass eine genauere Risikobewertung auf Grund der Art und des Umfangs der Risiken in Zusammenhang mit chemischen Arbeitsstoffen nicht erforderlich ist.;Risikobewertung;valutazione del rischio;var
Der Arbeitgeber besorgt:  b) die Gewährleistung einer angemessenen Ausbildung der Arbeitnehmer mit Bezug auf die Arbeitsrisiken und die korrekte Durchführung der Tätigkeiten.;Arbeitsrisiko;rischio lavorativo;var
Anlegeleitern muss man gegen Ausgleiten, Umfallen, Umkanten, Abrutschen und Einsinken sichern, z.B. durch Fußverbreiterungen, dem Untergrund angepasste Leiterfüße, Anti-Rutschvorrichtung, Einhängevorrichtungen, Anbinden des Leiterkopfes.;Anlegeleiter;scala di appoggio;var
Die Arbeit der Personen ist so anzupassen, vor allem bei der Verteilung der Arbeitsplätze, der Arbeitsausrüstung und der Produktionsmethoden, so dass monotone und sich ständig wiederholende Arbeiten vermieden und die eventuell darausfolgenden Schäden verhindert werden.;sich ständig wiederholend Arbeit;movimento ripetitivo;var
Das Schutzgitter darf nicht mehr als 60 cm von der Sprossenleiter abstehen.;Schutzgitter;gabbia di protezione;var
Der Bereich der ultravioletten Strahlung wird unterteilt in UV-A-Strahlung (315-400 nm), UV-B-Strahlung (280-315 nm) und UV-C-Strahlung (100-280 nm).;UV-A-Strahlung;UVA;var
"Die UVA-Strahlung dringt tiefer in das Hautgewebe ein als UVB- oder UVC-Strahlung und kann daher die Hautzellen besonders massiv schädigen. Beschleunigte Hautalterung (""Photoaging"") ist eine der möglichen Folgen, übermäßige und ungleichmäßige Pigmentierung eine weitere.";UVA-Strahlung;UVA;var
Unternehmen, die mehr als 1000 Liter in einem Fahrzeug befördern, müssen auf jeden Fall einen Gefahrgutbeauftragten ernennen, das Fahrzeug muss nach ADR gekennzeichnet und ausgerüstet sein, die Fahrer müssen den ADR-Fahrernachweis besitzen und die schriftlichen Weisungen müssen mitgeführt werden.;ADR-Fahrernachweis;patentino ADR;var
Wer Gefahrgut befördert, muss das ADR-Abkommen einhalten. Dieses sieht die Möglichkeit vor, dass für diese Transporte gewisse Freigrenzen und Befreiungen gelten. Wer die Befreiungen nicht geltend machen kann, muss einen Gefahrgutbeauftragten ernennen und der Fahrer muss die ADR-Fahrerbescheinigung besitzen.;ADR-Fahrerbescheinigung;certificato di formazione professionale ADR;var
Der Bereich der Infrarotstrahlung wird unterteilt in IR-A-Strahlung (780 nm bis 1400 nm), IR-B-Strahlung (1400 nm bis 3000 nm) und IR-C-Strahlung (3000 nm bis 1 mm).;IR-A-Strahlung;IR-A;var
Der Bereich der Infrarotstrahlung wird unterteilt in IR-A-Strahlung (780 nm bis 1400 nm), IR-B-Strahlung (1400 nm bis 3000 nm) und IR-C-Strahlung (3000 nm bis 1 mm).;IR-B-Strahlung;IR-B;var
Der Bereich der Infrarotstrahlung wird unterteilt in IR-A-Strahlung (780-1400 nm), IR-B-Strahlung (1400-3000 nm) und IR-C-Strahlung (3000 nm-1 mm).;IR-C-Strahlung;radiazione IRC;var
Erst wenn die Anforderungen zu groß werden kann negativer Stress entstehen. In dieser Situation fühlt sich die Person überfordert.;negativer Stress;stress negativo;var
Bei der Einteilung der Arbeitsplätze müssen, wenn erforderlich, auch die behinderten Arbeitnehmer berücksichtigt werden.;behinderter Arbeitnehmer;lavoratore con handicap;var
Die Stufen der Treppen die gemeinschaftlich oder öffentlich genutzt werden müssen einen rutschfesten Auftritt von mindestens 30 cm, eine Höhe von maximal 17 cm und vorzugsweise einen rechteckigen Grundriss haben.;Auftritt;pedata;var
Die Trittfläche und Tritthöhe der Stufen müssen fachgerecht dimensioniert, die Breite den Bedürfnissen des Durchganges angepasst werden.;Trittfläche;pedata;var
Die Stufen müssen rechteckige Form und ein konstantes Steigungsverhältnis aufweisen, und zwar nicht über 17 cm Stufenhöhe beziehungsweise unter 30 cm Stufenbreite.;Stufenhöhe;alzata;var
Die Trittfläche und Tritthöhe der Stufen müssen fachgerecht dimensioniert, die Breite den Bedürfnissen des Durchganges angepasst werden.;Tritthöhe;alzata;var
Das ISPESL sichert die technisch-wissenschaftliche Normung der Methoden und Verfahren für die Risikobewertung und das Risikomanagement und für die Feststellung des gesundheitlichen Zustandes der Arbeitnehmer mit Bezug auf spezifische Risiken und trägt zur Definition der Grenzwerte bei .;Risikomanagement;gestione dei rischi;var
Durch die Atemwege können Asbestfasern tief in die Lungen eindringen und schwere Lungenerkrankungen wie Asbestose, Lungenkrebs und Mesotheliom hervorrufen.;Asbestose;asbestosi;var
Die Leiter muss mit einer Spreizsicherung versehen sein, die ein zufälliges Öffnen der Streben verhindert.;Spreizsicherung;dispositivo di sicurezza contro l'apertura;var
Der Beschwerdeführer legte zahlreiche Urkunden vor, aus welchen hervorgeht, dass durch Elektrosmog die Krebshäufigkeit gestiegen sei und die Burnout-Rate beeinflusst werde.;Elektrosmog;elettrosmog;var
Gruppenantennen sorgen  nicht nur für eine bessere Frequenzökonomie sondern verhindern auch Verschwendung von Energie und vermeiden unnötige elektromagnetische Strahlenbelastung.;elektromagnetische Strahlenbelastung;inquinamento elettromagnetico;var
Der Arbeitgeber  ergreift Hygienemaßnahmen, um die unbeabsichtigte Verbreitung eines biologischen Arbeitsstoffes außerhalb des Arbeitsplatzes zu verhindern oder auf das niedrigstmögliche Niveau zu senken und verwendet das  Symbol für biologische Risiken sowie sonstige geeignete Warnzeichen .;biologisch Risiko;rischio biologico;var
Die Verwendung von Impfkulturen, die aus genetisch veränderten Mikroorganismen (MGM) bestehen, ist bei biologischen Sanierungseingriffen des Bodens, des Untergrundes, der unterirdischen und oberflächlichen Gewässer nur bei vollkommen geschlossenen Behandlungssystemen erlaubt, die als Bioreaktoren bezeichnet werden.;genetisch verändert Mikroorganismus;MOGM;var
Hängende Einfachleitern müssen sicher und – mit Ausnahme von Strickleitern – so angebracht werden, dass sie nicht verrutschen oder schwingen können ….;Strickleiter;biscaglina;var
Bei allen Tätigkeiten, bei denen sich aus der Risikobewertung  Gesundheitsrisiken für die Arbeitnehmer ergeben, ergreift der Arbeitgeber technische, organisatorische und verfahrensbezogene Maßnahmen, um zu vermeiden, dass die Arbeitnehmer biologischen Arbeitsstoffen ausgesetzt werden.;biologischer Arbeitsstoff;agente biologico;var
Das Ministerium für Arbeit, Gesundheitswesen und Sozialpolitik erstellt und aktualisiert ein Verzeichnis aller biologischen Arbeitsstoffe der Gruppe 4, deren Verwendung angemeldet wurde.;biologisch Arbeitsstoff der Gruppe 4;agente biologico del gruppo 4;var
Als Persönliche Schutz-Ausrüstung (PSA) im Rahmen einer Reanimation wird empfohlen: Mundschutz der Klasse FFP2 oder FFP3, Einmalhandschuhe, Schutzbrillen (Schutzvisier als Zusatzoption) und langärmeliger Schutzkittel (als Option Infektionsschutzanzug).;Einmalhandschuh;guanto monouso;var
Begrenzten Schutz bieten  Einweghandschuhe im Hygienebereich aus Kunststoff-Vlies (Olefin- oder Polypropylen-Spinn-Vlies).;Einweghandschuh;guanto usa e getta;var
Die Abfallsäcke sind mit Bändern oder Klebestreifen fest zu verschließen, ohne die Säcke zusammenzudrücken oder zu beschädigen. Es sind dabei Wegwerfhandschuhe zu verwenden.;Wegwerfhandschuh;guanto usa e getta;var
Vor Beginn der jeweiligen Arbeiten leitet jedes einzelne ausführende Unternehmen seinen Einsatzsicherheitsplan an das beauftragte Unternehmen, welches ihn nach Überprüfung der Übereinstimmung mit dem eigenen Plan dem Sicherheitskoordinator in der Ausführungsphase weiterleitet.;Sicherheitskoordinator in der Ausführungsphase;coordinatore in materia di sicurezza e di salute durante la realizzazione dell'opera;var
Sollten die Arbeitsstätten auf Grund der Arbeit Gefahrenzonen darstellen und Absturzrisiko für Arbeiter und Gegenstände bestehen, müssen besagte Stätten mit Ausrüstungen versehen werden, die unbefugte Arbeitnehmer am Zugang hindern.;Absturzrisiko;rischio di caduta dall'alto;var
Je mehr Radon sich in der Raumluft befindet, desto größer ist die Zahl der entstehenden Radonfolgeprodukte, die sich am Lungengewebe anlagern.;Radonfolgeprodukt;figlio del radon;var
Es wird die Landeskommission für den Gesundheitsschutz der Bevölkerung vor den Risiken ionisierender Strahlungen eingesetzt, bestehend u. a. aus  dem Verantwortlichen des überbetrieblichen Dienstes für Strahlenphysik, der im Besitz eines Laureatsdiplomes in Physik und Strahlenschutzsachverständiger  ist.;Strahlenschutzsachverständiger;esperto qualificato;var
Es ist  vor allem in Radongebieten unbedingt notwendig, dass noch in der Planungsphase eines Neubaus Radongegenmaßnahmen berücksichtigt werden.;Radongebiet;area a rischio radon;var
Der Bauleiter zahlt den Betrag der vorgesehen Sicherheitskosten je nach Baufortschritt aus, nach Genehmigung seitens des Sicherheitskoordinators in der Ausführungsphase, sofern vorgesehen.;Bauleiter;direttore dei lavori;var
Das Schutzsystem gegen Absturz muss direkt oder über einen Verbinder längs einer Führung oder Lebenslinie, an stabilen Punkten der fixen oder zeitweiligen Bauten, befestigt werden.;Verbinder;connettore;var
Den Arbeitnehmern ist ein leicht erreichbarer Erholungsraum zur Verfügung zu stellen, wenn Sicherheits- oder Gesundheitsgründe, insbesondere wegen der Art der ausgeführten Tätigkeit, dies erfordern.;Erholungsraum;locale di riposo;var
Das Gehaltsamt übermittelt die Unfallmeldung innerhalb 48 Stunden ab Erhalt des ärztlichen Zeugnisses an die INAIL.;Unfallmeldung;denuncia di infortunio;var
Bei dieselbetriebenen fahrbaren Hubarbeitsbühnen der Gruppe „B“ wird durch das Abstellen des Motors die Korbüberlastsicherung deaktiviert. Werden in diesem Zustand Lasten in die Arbeitsbühne (Korb) übernommen, die die zulässige Nutzlast überschreiten, so kann die FHAB ohne Vorwarnung umstürzen.;FHAB;autocestello;var
Beim Verfahren der Hubarbeitsbühne dürfen sich Beschäftigte nur auf der Arbeitsbühne aufhalten, wenn dies im Prüfbuch bescheinigt ist.;Hubarbeitsbühne;piattaforma di lavoro elevabile;var
Fahrbare Hubarbeitsbühnen (FHAB) sind ein sehr effizientes Arbeitsmittel zur Durchführung von Arbeiten in der Höhe.;FHAB;autocestello;var
Brandschutzzeichen müssen sowohl zur Kennzeichnung von Material und Ausrüstung zur Brandbekämpfung als auch vor deren Standorten verwendet werden.;Brandschutzzeichen;segnale antincendio;var
Wenn gegen ein Urteil sofort Berufung erhoben worden ist, dann kann der Instruktionsrichter mit unanfechtbarem Beschluß die Vollstreckung oder die Fortsetzung der weiteren Entscheidungsvorbereitung bis zum Abschluß des Berufungsverfahrens aussetzen.;Entscheidungsvorbereitung;istruzione della causa;var
Der Betreiber hat bei Einsatz flüssiger Brennstoffe in Gasturbinenanlagen mit einer Feuerungswärmeleistung von 20 Megawatt oder mehr die Rußzahl jährlich zu ermitteln.;flüssig Brennstoff;combustibile liquido;var
Um das Überfahren oder den Sturz von Personen während der Beförderung mit Transportmitteln vorzubeugen, sind besondere Vorsichtsmaßnahmen zu beachten.;Sturz;caduta in piano;var
Bei Arbeiten mit biologischen Arbeitsstoffen der Gruppe 1 einschließlich abgeschwächter Lebendimpfstoffe sollten die Grundsätze der Sicherheit und Hygiene zum Arbeitsplatz eingehalten werden.;biologisch Arbeitsstoff der Gruppe 1;agente biologico del gruppo 1;var
Bei Unfällen, welche die Dispersion eines biologischen Arbeitsstoffes der Gruppe 2, 3 oder 4 in der Umwelt verursachen können, müssen die Arbeitnehmer den betroffenen Bereich unverzüglich verlassen.;biologisch Arbeitsstoff der Gruppe 2;agente biologico del gruppo 2;var
Das Dokument der Risikobewertung wird durch den Notfallplan zum Schutz der Arbeitnehmer vor Risiken einer Exposition gegenüber einem biologischen Arbeitsstoff der Gruppe 3 oder 4, ergänzt.;biologisch Arbeitsstoff der Gruppe 3;agente biologico del gruppo 3;var
Das Treppenhaus muss auf der Höhe des Fußbodens des ersten Stockes mit einem robusten Gerüst abgedeckt werden, um vorbeigehende Personen im Erdgeschoss vor dem Herabfallen von Gegenständen zu schützen.;Treppenhaus;scala;var
Bei der Hand- und Armschutzausrüstung wird  das übermäßige Schwitzen (40,3 %), das Entstehen von Allergien und Ekzemen (29,4 %), Händejucken (31,9 %), sowie drückende Nähte (27,7 %) als Problembereich identifiziert .;Armschutzausrüstung;protezione delle braccia;var
Für jede/n gefährdete/n Arbeitnehmer/in muss Hand- oder Armschutz zur alleinigen Benutzung zur Verfügung stehen, ausgenommen Hand- oder Armschutz gegen Röntgenstrahlung bei der Röntgendiagnostik.;Armschutz;protezione delle braccia;var
Der Kopfschutz soll Kopfverletzungen durch Anstoßen, durch pendelnde, herabfallende, umfallende oder wegfliegende Gegenstände oder durch lose Haare verhindern.;Kopfschutz;dispositivo di protezione della testa;var
Es dürfen keine nicht elektrischen Arbeiten in der Nähe von Elektroleitungen oder elektrischen Anlagen mit nicht geschützten stromführenden Teilen, bzw. mit Teilen, die wegen besonderer Umstände als nicht genügend geschützt betrachtet werden, durchgeführt werden .;nicht elektrisch Arbeit;lavoro non elettrico;var
Man unterscheidet bei der Toxizität (Giftigkeit eines Stoffes) zwischen akuter Toxizität (Giftwirkung nach einmaliger oder kurzzeitiger Aufnahme) und chronischer Toxizität (Giftwirkung nach wiederholter Aufnahme während längerer Zeit).;akut Toxizität;tossicità acuta;var
Gefahrstoffe können auf den menschlichen Organismus auf Grund ihrer akuten und chronischen Toxizität sowie ihrer ätzenden, reizenden, sensibilisierenden, krebserzeugenden, erbgutverändernden und fortpflanzungsgefährdenden Eigenschaften gesundheitsschädigend wirken.;chronisch Toxizität;tossicità cronica;var
Bei äußeren Sicherheitsstromkreisen, die sich gänzlich oder teilweise im Freien befinden, darf bei Wechselstrom die Spannung von 25 Volt und bei Gleichstrom die Spannung von 50 Volt gegen Erde nicht überschritten werden.;Gleichstrom;corrente continua;var
Bei äußeren Sicherheitsstromkreisen, die sich gänzlich oder teilweise im Freien befinden, darf bei Wechselstrom die Spannung von 25 Volt und bei Gleichstrom die Spannung von 50 Volt gegen Erde nicht überschritten werden.;Wechselstrom;AC;var
Arbeitsschutzmanagement umfasst  das Managen der innerbetrieblichen Maßnahmen zum Schutz der Beschäftigten vor Arbeitsunfällen, Berufskrankheiten und arbeitsbedingten Gesundheitsgefahren sowie zur Gesundheitsförderung.;Arbeitsschutzmanagement;gestione della sicurezza sul lavoro;var
Zur Beurteilung der Ganzkörper-Vibrationen dient der größte Effektivwert der frequenzbewerteten Beschleunigung in den drei Messrichtungen.;frequenzbewertet Beschleunigung;accelerazione ponderata in frequenza;var
Mögliche Auswirkungen von Hand-Arm-Vibrationen können Schäden an Gelenken und periphere Durchblutungsstörungen sein.;Auswirkungen von Hand-Arm-Vibrationen;effetti delle vibrazioni trasmesse al sistema mano-braccio;var
Der Betriebsarzt verfasst auf Grund der Ergebnisse der ärztlichen Untersuchungen eines der folgenden Urteile für die spezifische Aufgabe: a) tauglich b) teilweise, zeitweilige oder bleibende Tauglichkeit, mit Verordnung oder Einschränkungen c) zeitweilige Untauglichkeit d) bleibende Untauglichkeit.;ärztlich Untersuchung;accertamento sanitario;var
Die Vorsorgeuntersuchungen vor der Einstellung können vom Arbeitgeber, vom Betriebsarzt oder von den Präventionsabteilungen der lokalen Sanitätsbetriebe beschlossen werden.;Vorsorgeuntersuchung vor der Einstellung;visita medica preassuntiva;var
Wer, abgesehen von den Fällen des Artikels 405, ein Begräbnis oder eine Bestattungsfeier hindert oder stört, wird mit Gefängnisstrafe bis zu einem Jahr bestraft.;Begräbnis;funerale;var
Hat derjenige, der die Verfertigung einer Sache übernommen hat, den Stoff dazu zu liefern, so ist der Vertrag im Zweifel als Kaufvertrag liefert aber der Besteller den Stoff, im Zweifel als Werkvertrag zu betrachten.;Besteller;appaltante;var
Im Falle einer öffentlichen Ausschreibung ist der Bauherr jene Person, die die Entscheidungs- und Ausgabenbefugnis im Rahmen der Arbeitsvergabe inne hat.;Bauherr;appaltante;var
Starkgebundener Asbest am Arbeitsplatz, wie ausgebaute Asbestzementprodukte, sind in staubdichten Behältern oder Big Bags zu verpacken oder in abgedeckten Mulden/Containern zu sammeln.;Starkgebundener Asbest;amianto compatto;var
Gefahren im Umgang mit elektrischen Handwerkzeugen erstehen durch elektrischen Strom (z.B. Bohrer, usw.), wegfliegende Werkstücke, außer Kontrolle geratenes Werkzeug, Schneiden, Quetschen, herabfallende Werkstücke, Lärm und Staub.;elektrisches Handwerkzeug;utensile elettrico manuale;var
Bestimmte Tätigkeiten, z.B. Arbeiten in beengten Bereichen und Arbeiten an unter Spannung stehenden Elektroanlagen, dürfen nicht allein durchgeführt werden.;Arbeit in beengt Bereich;lavoro in ambiente confinato;var
Die Arbeitsplätze im Freien müssen mit künstlichem Licht beleuchtet werden, sollte das natürliche Licht nicht ausreichen.;künstlich Licht;luce artificiale;var
Der Zugang und die Arbeiten am Seil sind bewährte Methoden um Arbeiten an schwerzugänglichen Orten, in der Höhe oder der Tiefe, schnell, und effektiv durchzuführen.;Arbeiten am Seil;lavoro con funi;var
Es wird bestätigt, dass diese analoge Ausfertigung, bestehend  aus 2 Seiten, mit dem digitalen Original identisch ist, .;analoge Ausfertigung;copia analogica;var
Die digitale Unterlage ist mit einer sog. Konformitätserklärung zu versehen, in der bestätigt wird, dass die digitale Kopie dem originalen Papierdokument entspricht.;digitale Kopie;copia informatica;var
Von den Planskizzen von Gebäuden die in materielle Anteile unterteilt sind, und die in Papierform Grundbuchsgesuchen beigefügt sind, wird eine informatische Abschrift durch Scannen der Planskizze erstellt.;informatische Abschrift;copia informatica;var
Antispam-Software kann die Zahl unerwünschter E-Mails senken, besonders, wenn sie über Dein „Feedback“ lernt, was Spam sind.;Antispam-Software;software antispam;var
Bei Arbeitsverhältnissen, die Hausarbeit, Telearbeit oder Smart Working vorsehen, muss der Arbeitgeber dem Arbeitnehmer die Achtung seiner Persönlichkeit und seiner moralischen Freiheit gewährleisten.;Smart Working;smart working;var
Die Verwaltungsrichter, die Sekretariatsbediensteten und die Hilfskräfte tragen bei öffentlichen Verhandlungen die vom Präs-dialrat für die Verwaltungsgerichtsbarkeit vorgeschriebene Robe oder Amtstracht.;Robe;toga;var
Das Unternehmen führt die Hygienisierung, Sanitisierung und Desinfektion von Zügen und öffentlichen Verkehrsmitteln durch, wobei die Hygienisierung und Desinfektion mindestens einmal täglich erfolgt und auf die spezifischen Gegebenheiten des Unternehmens abgestimmt ist.;Desinfektion;disinfezione;var
Im Falle des Auftretens von COVID-19-Symptomen diesen Umstand unverzüglich der Abteilung für Prävention des örtlichen Sanitätsbetriebes über die eigens vorgesehenen Telefonnummern zu melden und sich, in Erwartung der entsprechenden Entscheidungen der Gesundheitsbehörde, der Isolation zu unterziehen.;Isolation;isolamento;var
Die Metadaten umfassen auch Angaben betreffend Beschränkungen des Zugangs der Öffentlichkeit  sowie die Gründe für solche Beschränkungen.;Metadaten;metadato;var
Die Mitteilung über die häusliche Isolierung ermöglicht es dem Elternteil, eine entsprechende Freistellung zur Betreuung des Minderjährigen auf der Grundlage der Bescheinigung des behandelnden Arztes zu beantragen.;häusliche Isolierung;isolamento domiciliare;var
Das Gesetzesdekret vom 23. Februar 2020, Nr. 6, “Dringende Maßnahmen zur Eindämmung und Bewältigung des epidemiologischen Notstandes aufgrund des COVID-2019“ sieht vor, dass die zuständigen Behörden weitere Eindämmungsmaßnahmen ergreifen können, um die Ausbreitung der Epidemie zu verhindern ….;Eindämmungsmaßnahme;misura di contenimento;var
Am 11. März 2020 hat die Weltgesundheitsorganisation (WHO) mit Bezug auf die Verbreitung des Virus COVID-19, die Pandemie ausgerufen .;COVID-19;infezione da SARS-CoV-2;var
Bei einem Covid-19-Verdachtsfall im Krankenhaus und starken Symptomen wird der Patient einer ärztlichen Visite unterzogen mit Blut- und Urintest, Thorax-Röntgen und Nasen-Rachen-Abstrich.;Nasen-Rachen-Abstrich;tampone rinofaringeo;var
Ab sofort müssen alle Mitarbeiter des Weißen Kreuzes sowohl im Sektionssitz als auch in der Landesleitung bis auf Widerruf eine chirurgische Schutzmaske (OP-Maske) tragen.;OP-Maske;mascherina chirurgica;var
Auf vielen digitalen Lernplattformen bzw. -portalen ist es  möglich, sogenannte „digitale Klassenzimmer“ einzurichten. Gedacht sind sie vor allem für den Distanzunterricht, können aber auch unabhängig davon eingesetzt werden.;Distanzunterricht;didattica a distanza;var
Eine Schulschließung nach dem Epidemiegesetz ist eine gesundheitsbehördliche Maßnahme, welche von den Schulbehörden und den Schulen lediglich umzusetzen ist.;Schulschließung;chiusura delle scuole;var
Auf vielen digitalen Lernplattformen bzw. -portalen ist es  möglich, sogenannte „digitale Klassenzimmer“ einzurichten. Gedacht sind sie vor allem für den Distanzunterricht, können aber auch unabhängig davon eingesetzt werden.;digital Lernplattform;piattaforma per la didattica a distanza;var
In Italien stellt die Grippe die dritthäufigste Todesursache aufgrund von Infektionskrankheiten dar. Außerdem sind bei der hohen Kontagiosität der Krankheit immer sozio-ökonomische Folgen mit der Krankheit verbunden.;Kontagiosität;contagiosità;var
Der E-Geld-Emittent hat E-Geld stets in der Höhe des Nennwertes des entgegengenommenen Geldbetrages auszugeben.;E-Geld;moneta elettronica;var
Bei der Risikobewertung  prüft der Arbeitgeber die Arbeitsplätze insbesondere auf  die Risiken für Sehvermögen und Augen  Probleme mit der Körperhaltung und körperliche oder psychische Belastungen.;psychisch Belastung;stress mentale;var
Bei einer Veröffentlichung der Umfrageergebnisse durch Agenturaussendungen müssen anstelle der Eckdaten der Umfrage im Wortlaut der Aussendung nur das die Umfrage durchführende Subjekt und der Gegenstand der Umfrage angegeben werden.;Umfrage;sondaggio;var
Die Ärztin bzw. der Arzt erstellt das e-Rezept im e-card System mithilfe ihrer bzw. seiner Software. Das elektronische Rezept ist damit im e-card System gespeichert.;e-Rezept;ricetta elettronica;var
Der Präsident kann die Zustellung des Rekurses oder der Verfügungen auch durch den Verteidiger selbst und mit jedem geeigneten Mittel, einschließlich jener auf telematischem Wege oder mittels Fax, gemäß Artikel 151 der Zivilprozessordnung genehmigen.;Fax;fax;var
Die Arbeitsunfähigkeitsrente erhält, wer auf Grund von körperlicher oder psychischer Krankheit nicht arbeitsfähig ist und mindestens 5 Versicherungsjahre nachweisen kann . Da die Rente nur bei totaler Arbeitsunfähigkeit zusteht, kann keine lohnabhängige oder selbständige Arbeit ausgeführt werden.;Arbeitsunfähigkeitsrente;pensione di inabilità;var
Sowohl das Invalidengeld als auch die Erwerbsunfähigkeitsrente werden aufgrund der einbezahlten Beiträge errechnet. Unter Umständen kommt eine Aufstockung auf die so genannte „Mindestrente“ zur Anwendung.;Erwerbsunfähigkeitsrente;pensione di inabilità;var
Unter E-Health fasst man Anwendungen zusammen, die für die Behandlung und Betreuung von Patientinnen und Patienten die Möglichkeiten nutzen, die moderne Informations- und Kommunikationstechnologien (IKT) bieten.;E-Health;eHealth;var
Zur Kontrolle der Virus-Ausbreitung erfolgen parallel zu den Öffnungen Analysen der Reproduktionszahl  Analysen von Infektionsclustern, Evaluierungen der Kapazitätszahlen in den Spitälern, Erkrankungszahlen, Zielgruppentestungen und Screenings.;Reproduktionszahl;indice di contagio;var
Bei der Berechnung der effektiven Reproduktionszahl Rt wird, im Gegensatz zur Berechnung der Basisreproduktionszahl R0, eine eventuelle Immunität der Bevölkerung und der Effekt von Gegenmaßnahmen miteinbezogen.;Rt;coefficiente di riproduzione effettivo;var
Die effektive Reproduktionszahl für SARS-CoV-2 ist in Italien im Vergleich zur Vorwoche von 1,16 auf 1,08 gesunken.;effektive Reproduktionszahl;numero di riproduzione netta;var
Die Treppenstufen brauchen einen rutschfesten Belag und sind nur dann sicher, wenn sie nicht ausgetreten sind.;Treppenstufe;scalino;var
Die Testkapazitäten im Betrieb werden stark erhöht, um bei Verdachtsfällen das Virus möglichst zeitnahe nachzuweisen, die Behandlung zu starten und die Quarantäne und Kontaktnachverfolgung zu verfügen.;Kontaktnachverfolgung;contact tracing;var
Die Prüfungskommission besteht aus mindestens drei Personen, davon eine Ausbildnerin oder ein Ausbildner der Organisation, eine Ärztin oder Arzt oder eine Krankenpflegerin oder ein Krankenpfleger des Landesnotfalldienstes und eine Expertin oder ein Experte aus dem notfallmedizinischen Bereich.;Krankenpfleger;infermiere;var
Der Dekan/die Dekanin vertritt die Fakultät, beruft den Fakultätsrat ein und führt dessen Vorsitz. Er/sie sorgt für die Ausführung seiner Beschlüsse, wacht über die Tätigkeiten in Lehre und Forschung, ernennt die Prüfungskommissionen und unterzeichnet die Verträge der Lehrbeauftragten.;Prüfungskommission;commissione esaminatrice;var
Kassationsbeschwerde gegen Urteile des Staatsrates ist ausschließlich aus Gründen zulässig, welche die Gerichtsbarkeit betreffen.;Kassationsbeschwerde;ricorso in cassazione;var
Die Ausbildungskurse der Freiwilligen Feuerwehren, der Berufsfeuerwehr können stufenweise, unter Beachtung der Sicherheitsbestimmungen zur Bekämpfung und Eindämmung der Verbreitung des Virus SARS-COV-2, wieder aufgenommen werden ….;SARS-COV-2;2019-nCoV;var
Aus zwingenden Gründen der öffentlichen Sicherheit müssen auf die Diagnose einer SARS-CoV-2-Infektion, selbst wenn sie durch einen Antigen-Schnelltest erfolgt ist, unverzüglich Maßnahmen zur häuslichen Isolierung folgen, ….;Antigen-Schnelltest;tampone rapido;var
Die Erreichung einer Durchimpfungsrate von 75 % gegen die Influenza in der Bevölkerung mit über 64 Jahren würde einen individuellen Schutz für jene Personen bedeuten, die wegen des fortgeschrittenen Alters oder einer bestehenden Erkrankung bzw. Prädisposition besonders gefährdet sind.;Durchimpfungsrate;copertura vaccinale;var
Das Haltesystem (sistema di posizionamento) dient als Arbeitsplatzpositionierungssystem, damit Arbeiten so ausgeführt werden, dass ein Absturz verhindert wird.;Arbeitsplatzpositionierungssystem;sistema di posizionamento sul lavoro;var
Der Nasenflügeltest gibt  innerhalb von 15 Minuten Aufschluss darüber, ob die Testperson zum Zeitpunkt der Testung mit dem Coronavirus infiziert ist oder nicht, ob sie ansteckend oder nicht ansteckend ist.;Nasenflügeltest;test antigenico rapido nasale;var
Die spontanen Meldungen von Nebenwirkungen sind eine wichtige Informationsquelle für die Pharmakovigilanz, denn mit ihrer Hilfe können mögliche Alarmsignale in Zusammenhang mit der Verwendung der im Staatsgebiet verfügbaren Arzneimittel erkannt werden.;Nebenwirkung;effetto collaterale negativo;var
Die spontanen Meldungen von Nebenwirkungen sind eine wichtige Informationsquelle für die Pharmakovigilanz, denn mit ihrer Hilfe können mögliche Alarmsignale in Zusammenhang mit der Verwendung der im Staatsgebiet verfügbaren Arzneimittel erkannt werden.;spontan Meldung;segnalazione spontanea;var
Der Indikator „gesunde Lebenserwartung“ bietet die Möglichkeit, gleichzeitig die Entwicklung von Mortalität, Morbidität und Beeinträchtigung zu beurteilen und somit die Wahrscheinlichkeit abzuschätzen, ob mit dem Gewinn an gewonnen Lebensjahren ein längeres Leben in guter bzw. schlechter Gesundheit einhergeht.;Morbidität;morbilità;var
Ärzte sind verpflichtet, alle unvorhergesehenen Nebenwirkungen eines Medikaments zu melden.;unvorhergesehen Nebenwirkung;reazione avversa inattesa;var
Verglichen mit der Boosterdosis des heterologen Impfschemas wurden schwere systemische Impfreaktionen ebenfalls häufiger nach der 1. Vaxzevria-Impfung und der 2. Comirnaty-Impfung des homologen Impfschemas beobachtet.;Boosterdosis;dose di richiamo;var
Die Impfprogramme müssen für eine Impfung gegen Röteln der Frauen im gebärfähigen Alter weitergeführt werden, indem diese Impfung mit der Verabreichung der Auffrischungsdosis gegen dT gekoppelt wird.;Auffrischungsdosis;dose di richiamo;var
Die Eintragung in das nationale Impfregister kann von mobilen Impfteams mittels mobiler Lösung (Tablets mit App „e-Impfdoc“) erfolgen.;national Impfregister;Anagrafe nazionale vaccini;var
Die Impftermine werden soweit als möglich zusammengelegt, indem die zur Verfügung stehenden Kombinationsimpfstoffe verwendet oder die gleichzeitige Verabreichung einzelner Impfstoffen vorgesehen werden.;Kombinationsimpfstoff;vaccino combinato;var
Soziale Netzwerke wie Facebook bergen Risiken, da diese Plattformen unter anderem von Onlinekriminellen ausgenützt werden, um Viren, Würmer und sonstige Malware zu verbreiten.;Malware;malware;var
Zum Schutz vor Viren und anderen Schadprogrammen und um die Integrität des Landesnetzes aufrechtzuerhalten, wird die gesamte bereitgestellte Hard- und Software von der Abteilung Informationstechnik und der SIAG Südtiroler Informatik AG genehmigt und verwaltet, falls nicht anders vereinbart.;Schadprogramm;malware;var
Erpressungstrojaner sperren den PC oder das Smartphone für den Nutzer, der darauf ein Lösegeld zum Entsperren der Daten bezahlen muss.;Erpressungstrojaner;ransomware;var
In die Kritik kommen Bitcoin immer wieder, weil sie – aufgrund ihrer Anonymität – für kriminelle Zwecke, z.B. für die Bezahlung von Lösegeld (sei es nun bei Entführungen oder bei der Sperre von Daten durch Ransomware), verwendet werden.;Ransomware;ransomware;var
Der Pulverlöscher ist ein tragbares Löschgerät, das heißt er kann von einer Person alleine getragen werden. Er besteht aus einem Behälter aus Metall, welcher mit Pulver befüllt ist.;Pulverlöscher;estintore a polvere;var
Der nationale Wiederaufbau- und Resilienzplan (PNRR) wurde durch den Beschluss des ECOFIN-Rates vom 13. Juli 2021 genehmigt und Italien vom Generalsekretariat des Rates in der Note LT161 /21 vom 14. Juli 2021 mitgeteilt.;PNRR;PNRR;var
Ab März 2022 wird das neue, einheitliche Familiengeld in Italien eingeführt. Seit 1.1.2022 können die Gesuche für das neue gesamtstaatliche Familiengeld (assegno unico e universale per i figli a carico) vorgelegt werden.;einheitliches Familiengeld;assegno unico e universale per i figli a carico;var
Um möglichst genaue und aktuelle Informationen zu Cybersicherheitsvorfällen und aktuellen Erkenntnissen zu erhalten, steht das milCERT Military Computer Emergency Readiness Team in ständigem Austausch mit nationalen und internationalen Partnerorganisationen.;Cybersicherheitsvorfall;evento cibernetico;var
Insgesamt haben 34,1% der Südtiroler Unternehmen mit mehr als 10 Beschäftigten im Jahr 2013 mindestens einen Cloud-Dienst erworben.;Cloud-Dienst;servizio cloud;var
Immer mehr Webseiten des Landes erscheinen in einem neuen, kundenfreundlichen Layout und mit einer starken Suchmaschine im Hintergrund - nun auch das neue Internetportal der Landwirtschaft.;Suchmaschine;motore di ricerca;var
"Die Arbeitszeiten sollten so gestaltet sein, dass einerseits die Erreichbarkeit gewährleistet ist, andererseits aber auch das ""Recht auf Abschalten"" gewahrt wird.";Recht auf Abschalten;diritto alla disconnessione;var
Abfälle zur Verwertung sind Abfälle, die verwertet werden Abfälle, die nicht verwertet werden, sind Abfälle zur Beseitigung.;Abfall;rifiuto;hom
Abgrenzungsprobleme in Bezug auf den Verwaltungsakt ergeben sich gegenüber schlicht-hoheitlichem Handeln ebenso wie gegenüber  vorbereitenden Verfahrenshandlungen, verwaltungsrechtlichen Verträgen und dem Handeln in der Form einer Rechtsverordnung oder Satzung.;vorbereitend Verfahrenshandlung;atto preparatorio;hom
Abwertungen auf den niedriegeren Wert, der auf einer nur steuerrechtlich zulässigen Abschreibung beruht (§ 254 HGB), können wahlweise in der Form der passivischen Wertberichtigung vorgenommen werden.;Abwertung;svalutazione;hom
Alkohol-, drogen- oder von Medikamenten abhängige Menschen sollen künftig nach einem qualifizierten Entzug im Krankenhaus direkt in eine Einrichtung der ambulanten oder stationären Suchtrehabilitation verlegt werden, wenn dies medizinisch notwendig ist.;Suchtrehabilitation;riabilitazione;hom
Alle mit Kontrollschildern zugelassenen Fahrzeuge unterliegen der amtlichen, periodischen Nachprüfung. Die Zulassungsbehörde kann dies Nachprüfungen Betrieben oder Organisationen übertragen, welche für die vorschriftsgemässe Durchführung Gewähr bieten.;periodisch Nachprüfung;revisione;hom
Alle vom Land im Rahmen seiner Gesetzgebungsbefugnisse zur Umsetzung von europäischen Richtlinien erlassenen Maßnahmen führen im Titel die Kennnummer der umgesetzten Richtlinie an und werden dem Departement für Europapolitik des Präsidiums des Ministerrates übermittelt.;Kennnummer;codice di identificazione;hom
Als Akte der Hoheitsverwaltung werden Verordnungen von den Behörden einseitig (heteronom) erlassen.;Verordnung;regolamento;hom
Als GEHEIM werden Informationen klassifiziert, deren Kenntnisnahme durch Unberechtigte den Landesinteressen einen schweren Schaden zufügen kann.;GEHEIM;segreto;hom
Als Lebenspartnerin oder Lebenspartner gilt die Person, die mit der Passinhaberin oder dem Passinhaber in einer eheähnlichen Gemeinschaft zusammenlebt.;Lebenspartner;convivente;hom
Als Nachweis der technischen Leistungsfähigkeit können bei Bauaufträgen  Ausbildungsnachweise und Bescheinigungen über die berufliche Befähigung des Unternehmers und der Führungskräfte des Unternehmers, insbesondere der für die Ausführung der Arbeiten verantwortlichen Personen verlangt werden.;Führungskraft;dirigente;hom
Als Sitte wird der gesellschaftliche – mehr oder weniger gefestigte – Brauch verstanden, der nicht (mehr) erzwingbar ist er beinhaltet das Abstellen auf ein äußeres, erwünschtes Verhalten.;Brauch;uso;hom
Als Täter einer Aussetzung kommt jedermann in Betracht. Beim Verlassen hingegen ist erforderlich, daß die hilflose Person unter der Obhut des Täters stegt oder dieser für die Unterbringung, Fortschaffung oder Aufnahme des Verlassenen zu sorgen hat.;Obhut;custodia;hom
Als VERTRAULICH werden Informationen klassifiziert, deren Kenntnisnahme durch Unberechtigte den Landesinteressen Schaden zufügen kann.;VERTRAULICH;RR;hom
Als Verarbeitung gilt auch das Schreiben, Zeichnen, Malen, Drucken, Gravieren oder eine ähnliche Bearbeitung der Oberfläche.;Verarbeitung;specificazione;hom
Als Zeitpunkt der Auslieferung ist, wenn die Verfügung es nicht anders bestimmt, der Tod des Vorerben zu betrachten.;Zeitpunkt;tempo;hom
Als gefährlich gelten insbesondere kanzerogene, mutagene, teratogene, giftige und ätzende Stoffe sowie Stoffe, die zu Bränden und Explosionen Anlass geben können.;mutagen;mutageno;hom
Als wichtige Gründe gelten Bestimmungen über die Zusammensetzung des Aktionärskreises, die im Hinblick auf den Gesellschaftszweck oder die wirtschaftliche Selbständigkeit des Unternehmens die Verweigerung rechtfertigen.;Verweigerung;rifiuto;hom
Am 12. Juni 1999 führte die Kantonspolizei Nidwalden beim Motorfahrradfahrer X. zwei Atemlufttests  durch, die einen Blutalkoholgehalt von 1,36 bzw. 1,54 Gewichtspromillen ergaben.;Blutalkoholgehalt;tasso alcolemico;hom
Am Zugang zum Gemeinschaftseigentum oder an dem am stärksten gemeinschaftlich genutzten Ort, der auch Dritten zugänglich ist, werden die Personalien und das Domizil des Verwalters sowie seine Zustelladressen samt Telefonnummern ausgehängt.;Gemeinschaftseigentum;condominio;hom
An Kreuzungen und Einmündungen hat die Vorfahrt, wer von rechts kommt.;Vorfahrt;precedenza;hom
An der genannten Gesellschaft können sich öffentliche Körperschaften und Anstalten, private Körperschaften, Anstalten und Vereinigungen sowie Privatpersonen beteiligen, die aufgrund einer Konzession oder einer behördlichen Erlaubnis einen gemeinnützigen Zweck oder zumindest keine Gewinnabsicht verfolgen.;behördlich Erlaubnis;autorizzazione;hom
Andernfalls ist unverzüglich ihre Vernichtung und eine entsprechende Herabsetzung des Kapitals vorzunehmen.;Vernichtung;annullamento;hom
Anders als beim Rechtsirrtum spielt es keine Rolle, ob der Tatbildirrtum verschuldet ist.;Tatbildirrtum;errore di fatto;hom
Angebote von geringer publizistischer Tragweite sind zudem Angebote, welche:  weder Sponsoring noch Werbung enthalten mit Ausnahme von Werbung für eigene Produkte und Dienstleistungen.;Werbung;pubblicità;hom
Anhand des Promemoria kann der Apotheker oder die Apothekerin sowie der Arzt oder die Ärztin die Nummer des elektronischen Rezepts und die Steuernummer des Patienten oder der Patientin feststellen.;Promemoria;promemoria;hom
Anschaffungs- oder Herstellungskosten, die für denkmalgeschützte Betriebsgebäude im Interesse der Denkmalpflege aufgewendet werden, können  gleichmäßig auf zehn Jahre verteilt abgeschrieben werden.;Denkmalpflege;conservazione dei beni culturali;hom
Ansprüche des Leasingnehmers gegen den Leasinggeber wegen Mangelhaftigkeit der Sache werden idR ausgeschlossen .;Leasingnehmer;locatario;hom
Anwärter/Anwärterinnen auf den Dienstrang eines Seilbahnwartes/einer Seilbahnwartin müssen für jede Anlagenkategorie die für den Führerschein der Klasse B notwendigen Anforderungen an die körperliche und geistige Tauglichkeit erfüllen .;Tauglichkeit;idoneità;hom
Arbeiten dürfen von Leiterstufen oder einer Plattform dauerhaft nur bis zu einer Standhöhe von 2 m ausgeführt werden.;Leiterstufe;gradino;hom
Arbeitgeber können für die berufliche Weiterbildung von Arbeitnehmern, bei denen die Notwendigkeit der Weiterbildung wegen eines fehlenden Berufsabschlusses anerkannt ist, durch Zuschüsse zum Arbeitsentgelt gefördert werden, soweit die Weiterbildung im Rahmen eines bestehenden Arbeitsverhältnisses durchgeführt wird.;berufliche Weiterbildung;aggiornamento;hom
Arbeitnehmer unterliegen der Gesundheitsüberwachung, wenn sie gesundheitsgefährdenden chemischen Arbeitsstoffen ausgesetzt sind, die als hochgiftig, giftig, gesundheitsschädlich, sensibilisierend, irritierend, für den Produktionszyklus giftig, krebserregend und erbgutverändernd klassifiziert sind.;erbgutverändernd;mutageno;hom
ArbeitnehmerInnen sind vor Gefahren durch natürliche optische Strahlung, insbesondere solarer Strahlung, wie IR-Strahlung, sichtbares Licht und UV-Strahlung, zu schützen ….;sichtbares Licht;VIS;hom
Arbeitsbedingte Erkrankungen sind Gesundheitsstörungen, die ganz oder teilweise durch die Arbeitsumstände verursacht werden.;Arbeitsumstände;condizioni di lavoro;hom
Arbeitsmittel und Arbeitsvorgänge, die an Arbeitsplätzen Lärm oder Vibrationen über den Auslösewerten verursachen, sind unter Berücksichtigung der Arbeitsabläufe nach Möglichkeit in eigenen Räumen unterzubringen bzw. durchzuführen.;Auslösewert;livello di azione;hom
Arbeitsmittel, die beim Verwenden eine Gefährdung der Arbeitnehmer durch bewegte Teile darstellen, sind mit entsprechenden Schutzeinrichtungen auszurüsten, die verhindern, dass in den Gefahrenbereich bewegter Teile getreten oder gegriffen werden kann.;Gefährdung;rischio;hom
Arbeitsstoffe, wie Gase, Dämpfe, Stäube und Aerosole, gelangen entweder bei der Einatmung oder bei Flüssigkeiten und Stäuben durch Verschlucken oder durch die Hautresorption in den Körper.;Arbeitsstoff;agente;hom
Art. 20 des Landesgesetzes Nr. 17/93 betrifft Fachgutachten, die während der Ermittlungsphase des Verfahrens aufgrund einer Rechtsvorschrift des Landes, der Region, des Staates oder der Gemeinschaft von dazu vorgesehenen Organen oder Einrichtungen eingeholt werden müssen.;Ermittlungsphase;istruttoria;hom
Arten der dienstlichen Ausbildung sind 1. die Grundausbildung, 2. das Management-Training sowie 3. die sonstige dienstliche Weiterbildung und Mitarbeiterqualifizierung.;dienstliche Weiterbildung;aggiornamento;hom
Auch Konzessionsverträge können die Erfüllung öffentlicher Aufgaben durch Private zum Gegenstand haben, indem sie die Konzessionäre verpflichten, gewisse öffentliche Interessen wahrzunehmen (z.B. Transport-, Fahrplan-, Tarifplficht der Konzessionäre für die regelmässige Personenbeförderung).;Konzessionsvertrag;concessione;hom
Auch bei den Dienstbarkeiten ist das obligatorische Verpflichtungsgeschäft, das auch über eine etwaige Gegenleistung bestimmt, von dem dinglichen Geschäft, der Bestellung der Dienstbarkeit, zu unterscheiden.;Dienstbarkeit;servitù;hom
Auch bloße Motive können zur Bedingung gemacht werden (§ 901).;Motiv;motivo;hom
Auch die Nötigung zu einem rechtswidrigen Tun oder Unterlassen fällt unter Art. 181.;Tun;azione;hom
Auch ein einziger Fall kann einen Ausbruch darstellen. Nämlich dann, wenn die Krankheit lange nicht oder noch nie aufgetreten ist.;Ausbruch;focolaio;hom
Auf Basis der Vollstreckungsverfügung erfolgt  der eigentliche Exekutionsakt.;Exekutionsakt;atto esecutivo;hom
Auf Deponien sind folgende Abfälle nicht zulässig: a) flüssige Abfälle, b) Abfälle, die explosiv, brandfördernd, oder entzündbar .;Abfall;rifiuto;hom
Auf Strassenverzweigungen hat das von rechts kommende Fahrzeug den Vortritt. Fahrzeuge auf gekennzeichneten Hauptstrassen haben den Vortritt, auch wenn sie von links kommen.;Vortritt;precedenza;hom
Auf Verlangen des Beschuldigten sind ihm weitere konkret zu bezeichnende Aktenstücke schriftlich zu übersetzen ….;Aktenstück;atto processuale;hom
Auf den Jahresdurchschnitt bezogen, kann man davon ausgehen, dass in Südtirol insgesamt in ca. 11% der untersuchten Häuser, im Erdgeschoss, die von der EU empfohlene Eingriffsschwelle von 400 Bq/m³ überschritten wird.;Eingriffsschwelle;livello di azione;hom
Auf den Tauschvertrag finden die Vorschriften über den Kaufvertrag in dem Sinne Anwendung, dass jede Vertragspartei mit Bezug auf die von ihr versprochene Sache als Verkäufer und mit Bezug auf die ihr zugesagte Sache als Käufer behandelt wird.;Vertragspartei;contraente;hom
Auf die CE-Kennzeichnung auf Aufzügen folgt die Kennnummer der notifizierten Stelle, die im Rahmen eines der folgenden Konformitätsbewertungsverfahren tätig geworden ist ….;Kennnummer;codice di identificazione;hom
Auf die Einlagen der Gesellschafter und auf die Geschäfte, durch die die Gesellschaft Güter und Forderungen von Gründungsgesellschaftern, Gesellschaftern und Verwaltern erwirbt, finden die Artikel 2342, 2343 und 2343-bis Anwendung.;Gründungsgesellschafter;fondatore;hom
Aufgabe der drei Pädagogischen Landesforschungs-, Versuchs- und Fortbildungsinstituten ist es  die wichtigsten Initiativen in den Bereichen der Forschung, der Schulversuche und der Fortbildung durch geeignete Veröffentlichungen bekanntzugeben.;Fortbildung;aggiornamento;hom
Aufwendungen sind dem Mäkler nur zu ersetzen, wenn es vereinbart ist. 2Dies gilt auch dann, wenn ein Vertrag nicht zustande kommt.;Mäkler;mediatore;hom
Augen- und Gesichtsschutz ist persönliche Schutzausrüstung zum Schutz der Augen und des Gesichts vor Verletzungen und vor anderen Schädigungen.;Schutz der Augen;protezione degli occhi;hom
Augenschutzgeräte werden unterteilt in: Bügelbrillen mit angebautem oder integriertem Seitenschutz, Korbbrillen (Vollsichtbrillen), Augenschutzgeräte mit Gesichtsschutz (Schutzschilde, Schutzschirme/Schutzgitter, Schutzhauben).;Augenschutzgerät;protezione degli occhi;hom
Aus besonderen Gründen kann der Standesbeamte verpflichtet sein, eine Trauung außerhalb des Amtsgebäudes und der Dienstzeit zu ermöglichen.;Trauung;matrimonio;hom
Aus dem Verlöbnis entsteht kein klagbarer Anspruch auf Eingehung der Ehe.;Ehe;matrimonio;hom
Aus dem gesamten Verhalten, namentlich der umsichtigen Vorbereitung der Tat und Flucht ins Ausland, und dem Umstand, dass sich der Beschwerdeführer als internationaler Verbrecher betätigt hat, ist auf Charaktereigenschaften zu schliessen, die ihn als besonders gefährlichen Täter kennzeichnen.;Verbrecher;criminale;hom
Aus der Ehe entspringt die gegenseitige Pflicht zur Treue, zum geistigen und materiellen Beistand, zur Mitarbeit im Interesse der Familie und zum Zusammenleben.;Ehe;matrimonio;hom
Aus der Ehe entspringt die gegenseitige Pflicht zur Treue, zum geistigen und materiellen Beistand, zur Mitarbeit im Interesse der Familie und zum Zusammenleben.;Pflicht zur Treue;dovere di fedeltà;hom
Aus der Ehe entspringt die gegenseitige Pflicht zur Treue, zum geistigen und materiellen Beistand, zur Mitarbeit im Interesse der Familie und zum Zusammenleben.;Zusammenleben;convivenza;hom
Aus dieser Überzeugung und Erkenntnis heraus entwickelten er Montesquieu und seine Nachfolger die klassische Lehre von der Gewaltenteilung in einem Staat, das heißt der Trennung der gesetzgebenden Gewalt (Exekutive) und der richterlichen Gewalt (Jurisdiktion).;gesetzgebend Gewalt;potere legislativo;hom
Ausnahmsweise besteht ein Formzwang dann, wenn er durch Parteivereinbarung oder Gesetz vorgesehen ist.;Formzwang;forma vincolata;hom
Ausnahmsweise ist der Öffentlichkeitsgrundsatz aber auch dann verletzt, wenn die physische Möglichkeit des Zutritts zwar besteht, aber im unmittelbaren Bereich des Zugangs zum Verhandlungsraum starke psychische Hemmungsschwellen errichtet sind.;Öffentlichkeitsgrundsatz;principio di pubblicità;hom
Autonome Legitimation kennzeichnet vor allem die unter der Bezeichnung der „funktionalen Selbstverwaltung“ zusammengefassten Bereiche der Universitäten, der Sozialversicherungsträger und der Kammern ….;funktional Selbstverwaltung;autonomia funzionale;hom
Bandenmässigkeit ist erst anzunehmen, wenn der Wille der Täter auf die gemeinsame Verübung einer Vielheit von Diebstählen oder Raubtaten gerichtet ist.;Verübung;commissione;hom
Beantragt eine erwerbstätige Person die Feststellung der Eigenschaft als schwerbehinderter Mensch .... gelten gesetzlich festgelegte Fristen .;erwerbstätige Person;lavoratore;hom
Befinden sich alle Anteile eines übertragenden Rechtsträgers in der Hand des übernehmenden Rechtsträgers, so entfallen die Angaben über den Umtausch der Anteile .;übernehmend Rechtsträger;società incorporante;hom
Begünstigung ist die Hilfeleistung an einen anderen , der eine rechtswidrige - nicht notwendig schuldhafte - Tat begangen hat, in der Absicht, ihm die Vorteile der Tat zu sichern .;Vorteil;profitto;hom
Bei Auslegung von Verträgen ist nicht an dem buchstäblichen Sinne des Ausdrucks zu haften, sondern die Absicht der Parteien zu erforschen und der Vertrag so zu verstehen, wie es der Übung des redlichen Verkehrs entspricht.;Partei;contraente;hom
Bei Bestellung der Überwachungsratsmitglieder und vor Annahme des Amtes müssen der Gesellschafterversammlung Beauftragungen im Bereich der Verwaltung und der Kontrolle, die von ihnen bei anderen Gesellschaften wahrgenommen werden, bekannt gegeben werden.;Überwachungsratsmitglied;sindaco;hom
Bei Fahrlässigkeit können sie als Massnahmen die Verwarnung, den Verweis oder die Änderung des Aufgabenkreises vorsehen. Bei Vorsatz oder Grobfahrlässigkeit können sie zudem die Lohnkürzung, die Busse sowie die Änderung der Arbeitszeit und des Arbeitsortes vorsehen.;Verwarnung;richiamo;hom
Bei Fahrlässigkeit können sie als Massnahmen die Verwarnung, den Verweis oder die Änderung des Aufgabenkreises vorsehen. Bei Vorsatz oder Grobfahrlässigkeit können sie zudem die Lohnkürzung, die Busse sowie die Änderung der Arbeitszeit und des Arbeitsortes vorsehen.;Verweis;censura;hom
Bei Gefahr im Verzug hat die Behörde die erforderlichen Maßnahmen unmittelbar anzuordnen und gegen Ersatz der Kosten durch den Verpflichteten nötigenfalls unverzüglich durchführen zu lassen.;Ersatz der Kosten;rimborso delle spese;hom
Bei Kollusion entfällt die Vertretungsmacht, ist also der Vertretungsakt unwirksam. Kollusion macht das Geschäft überdies wegen Sittenwidrigkeit ungültig, auch wenn der Vertreter innerhalb seiner Vertretungsmacht gehandelt hat.;Kollusion;collusione;hom
Bei Namenaktien tritt an die Stelle der Veröffentlichungen eine Zahlungsaufforderung und Ansetzung der Nachfrist an die im Aktienbuch eingetragenen Aktionäre durch eingeschriebenen Brief. In diesem Falle läuft die Nachfrist vom Empfang der Zahlungsaufforderung an.;Zahlungsaufforderung;delegazione;hom
Bei Nichteinhaltung der Pflichten und bei unentschuldigten Absenzen schlagen der Primararzt und der Direktor der Apotheke dem Sanitätsdirektor einen schriftlichen Verweis vor.;Verweis;richiamo;hom
Bei Personen, die gemäß § 5 Abs. 5  StVO Straßenverkehrsordnung zu einem Arzt gebracht werden, ist nach Feststellung der klinisch festgestellten Symptome einer Blutalkoholkonzentration von unter 0,8 Promille nicht zwingend eine Blutabnahme vorzunehmen.;Blutalkoholkonzentration;tasso alcolemico;hom
Bei Privatisierung durch Abstoßung an den Markt werden die Archive der Behörden auch privatisiert, mit Ausnahme der laufenden Archive.;laufend Archiv;archivio corrente;hom
Bei Teilungen der Grundstücke sind die gegenseitigen Grenzen durch entsprechende Grenzzeichen auf eine deutliche und unwandelbare Art zu bezeichnen.;Grundstück;fondo;hom
Bei Vornahme der übrigen Gemeindewahlen beschliesst die Wählerschaft, ob sie die Wahlen in offener oder geheimer Abstimmung vornehmen wolle. Im letztern Falle hat sie sich zugleich darüber zu entscheiden, ob die Wahlen mittels der Wahlurnen vorgenommen werden sollen.;Wählerschaft;elettorato;hom
Bei Zwangsübertragungen  werden Grunddienstbarkeiten je nach den Erfordernissen der neuen Anordnung aufgehoben, erhalten oder begründet.;Grunddienstbarkeit;servitù;hom
Bei dem Gericht der Klage kann eine Widerklage erhoben werden, wenn der Gegenanspruch mit dem in der Klage geltend gemachten Anspruch oder mit den gegen ihn vorgebrachten Verteidigungsmitteln in Zusammenhang steht.;Anspruch;domanda;hom
Bei den Landesgerichten nimmt der Präsident die Bestellung des Vollstreckungsrichters nach Vorlage der Akte durch den Kanzleibeamten, die innerhalb von zwei Tagen nach ihrer Anlegung zu erfolgen hat, vor.;Vollstreckungsrichter;giudice dell'esecuzione;hom
Bei den Realakten kommt es auf die Geschäftsfähigkeit des Handelnden nicht an.;Realakt;atto materiale;hom
Bei der Anwendung der Auslösewerte wird die dämmende Wirkung eines persönlichen Gehörschutzes der Beschäftigten nicht berücksichtigt.;Auslösewert;livello di azione;hom
Bei der Auswahl der Objekte, die unter Denkmalschutz gestellt werden, ist die Bewertung in den vom Bundesdenkmalamt geführten bzw. verfassten Denkmalverzeichnissen zu berücksichtigen.;Denkmalschutz;conservazione dei beni culturali;hom
Bei der Berechnung des geschätzten Auftragswertes von Bauaufträgen ist neben dem Auftragswert der Bauleistungen auch der geschätzte Gesamtwert aller für die Ausführung der Bauleistungen erforderlichen Waren und Dienstleistungen einzubeziehen, die dem Unternehmer vom Sektorenauftraggeber zur Verfügung gestellt werden.;Bauleistungen;lavori pubblici;hom
Bei der Bestimmung der Nebenstrafen und jeder anderen strafrechtlichen Wirkung der Verurteilung sind die einzelnen Straftaten, derentwegen die Verurteilung erfolgt,  zu berücksichtigen.;strafrechtlich;penale;hom
Bei der Beurteilung der Lärmemissionen sind alle Geräusche in die Betrachtung miteinzubeziehen, die durch die bestimmungsgemässe Nutzung der Anlage verursacht werden;Geräusch;rumore;hom
Bei der Einfahrt in einen  Kreisverkehr ist die Benutzung des Fahrtrichtungsanzeigers unzulässig. Innerhalb des Kreisverkehrs ist das Halten auf der Fahrbahn verboten.;Halten;fermata;hom
Bei der Erbfolge nach dem Wahlkind in der zweiten Parentel genießen jedoch die Wahlentern und deren Nachkommen den Vorrang vor den leiblichen Eltern und deren Nachkommen, wobei auch Eintrittsrecht und Anwachsung nach allgemeinen Grundsätzen gelten.;Erbfolge;successione;hom
Bei der Hand- und Armschutzausrüstung wird  das übermäßige Schwitzen (40,3 %), das Entstehen von Allergien und Ekzemen (29,4 %), Händejucken (31,9 %), sowie drückende Nähte (27,7 %) als Problembereich identifiziert .;Armschutzausrüstung;protezione delle braccia;hom
Bei der Kontrolle des Alkoholisierungsgrades von Kfz-LenkerInnen kommt derzeit vor allem die AAK-Messung zur Anwendung. Zur Erfassung der AAK ist in Österreich gesetzlich der Alkomat vorgesehen.;AAK;tasso alcolemico;hom
"Bei der Strafbemessung wertete das Schöffengericht als erschwerend beim Erstangeklagten die Wiederholung der Erpressungsversuche, das Zusammentreffen ""dreier"" (gemeint wohl: zweier) Verbrechen sowie den Umstand, daß er Rädelsführer gewesen ist .";Rädelsführer;capo;hom
Bei der Verschmelzung durch Aufnahme überträgt ein Rechträger im Wege der Gesamtrechtsnachfolge sein Vermögen als Ganzes auf einen bestehenden anderen Rechtsträger.;Aufnahme;incorporazione;hom
Bei der Vormundschaft über Minderjährige ist dem Kindesschutz und dem weitrei-chenden Gedanken des Kindeswohls besondere Beachtung zu schenken.;Vormundschaft über Minderjährige;tutela dei minori;hom
Bei der Übermittlung quantitativer Informationen haben sich die Unternehmen gegenüber der Bundesanstalt durch eine Kennziffer für die juristische Person zu identifizieren.;Kennziffer;codice di identificazione;hom
Bei der übernehmenden Gesellschaft ist regelmäßig eine Kapitalerhöhung erforderlich, um den Aktionären der übertragenden Gesellschaften Aktien als Abfindung gewähren zu können.;übernehmend Gesellschaft;società incorporante;hom
Bei einer Fusion in der Form einer Absorption verliert die absorbierte Gesellschaft ihre Rechtspersönlichkeit im Zeitpunkt der Eintragung der Fusionsbeschlüsse in das Handelsregister, obwohl ihre formelle Registerlöschung aus Gründen des Gläubigerschutzes erst später erfolgt.;Absorption;incorporazione;hom
Bei einer Verarbeitung im Rahmen eines Dienstverhältnisses oder Werkvertrages behält der Dienstgeber bzw Werkbesteller das Alleineigentum an der von ihm zur Bearbeitung beigestellten Sache .;Verarbeitung;specificazione;hom
Bei in Konzession vergebenen Straßen und Autobahnen werden die Eigentümerbefugnisse, nach einer entsprechenden Mitteilung an den Eigentümer, vom Konzessionsinhaber ausgeübt.;Konzessionsinhaber;concessionario;hom
Bei kleinen Mannlöchern ist eine Rettung kaum möglich, daher sind Mindestgrößen der Zugangsöffnungen unbedingt einzuhalten.;Zugangsöffnung;accesso;hom
Bei rechtsgeschäftlichen Handlungen spricht man von Geschäftsfähigkeit bzw. Vertragsfähigkeit, bei unerlaubten Handlungen von Deliktsfähigkeit.;unerlaubt;illecito;hom
Bei Ämtern mit nur einem Kanzleibeamten wird diesem das den Vorwurf enthaltende Schriftstück direkt vom Leiter des Amtes mitgeteilt.;Vorwurf;addebito;hom
Beim Erlöschen der Schuldverhältnisse ist zu unterscheiden, ob das Schuldverhältnis als ganzes, also mit allen Rechten und Pflichten, oder ob nur eine einzelne Pflicht erlischt.;Erlöschen;estinzione;hom
Beim Erwerb des Eigentums an einer beweglichen Sache wird der gute Glaube des Erwerbers an das Eigentum des besitzenden Veräußerers geschützt .;gut Glaube;buona fede;hom
Beim Obergericht können mit Beschwerde in Verwaltungssachen grundsätzlich nur Rechtsverletzungen sowie die unrichtige oder unvollständige Feststellung des Sachverhaltes gerügt werden ….;Beschwerde in Verwaltungssachen;ricorso in cassazione;hom
Beim Überqueren von Eisenbahn- oder Straßenbahnlinien muss der Fahrer den Schienenfahrzeugen Vorfahrt geben, sofern nichts anderes angezeigt ist.;Vorfahrt;precedenza;hom
Beschränkt sich die jeweilige Ausübung einer Grunddienstbarkeit auf einen Teil des belasteten Grundstücks, so kann der Eigentümer die Verlegung der Ausübung auf eine andere, für den Berechtigten ebenso geeignete Stelle verlangen .;Grunddienstbarkeit;servitù;hom
Besonderes Zubehör/besondere Zusatzausstattung für Beinschutz für Arbeiten mit handgeführten Kettensägen wird derzeit nicht angeboten.;Beinschutz;protezione delle gambe;hom
Bestandteile einer Sache, die voneinander nicht getrennt werden können, ohne dass der eine oder der andere zerstört oder in seinem Wesen verändert wird (wesentliche Bestandteile), können nicht Gegenstand besonderer Rechte sein.;Sache;bene;hom
Bestehen mehrere Fonds, so bestimmt das BPV den jeweils zu leistenden Mindestbetrag.;Fonds;fondo;hom
Besteht an der Sache ein Fruchtgenußrecht, führt die Separation zum Eigentumserwerb des Fruchtnießers.;Separation;separazione;hom
Besteht der Verdacht oder die Kenntnis über einen bundesländerübergreifenden Ausbruch einer Erkrankung , so haben die Landeshauptmänner der betroffenen Bundesländer zusammenzuarbeiten und ihre Tätigkeiten zu koordinieren.;Ausbruch;focolaio;hom
Besteht der Vorstand aus mehreren Personen, so erfolgt die Beschlußfassung nach den für die Beschlüsse der Mitglieder des Vereins geltenden Vorschriften der §§ 32, 34.;Mitglied;associato;hom
Besteht zwischen Minderjährigen, die derselben Vormundschaft unterstehen, ein Interessenwiderstreit, so bestellt das Vormundschaftsgericht den Minderjährigen einen Spezialkurator.;Spezialkurator;curatore speciale;hom
Bestimmen die Ehegatten keinen Ehenamen, so führen sie ihren zur Zeit der Eheschließung geführten Namen auch nach der Eheschließung .;Eheschließung;matrimonio;hom
Betriebsvereinbarungen gelten unmittelbar und zwingend. Werden Arbeitnehmern durch die Betriebsvereinbarung Rechte eingeräumt, so ist ein Verzicht auf sie nur mit Zustimmung des Betriebsrats zulässig. Die Verwirkung dieser Rechte ist ausgeschlossen.;Verwirkung;decadenza;hom
Biozid-Produkte, die als sehr giftig, giftig, oder als krebserzeugend, erbgutverändernd oder fortpflanzungsgefährdend  einzustufen sind, dürfen nur für das Inverkehrbringen für und zur Verwendung durch berufsmäßige Verbraucher zugelassen werden.;erbgutverändernd;mutageno;hom
Bis zur Anerkennung des Erwerbers durch die Gesellschaft kann dieser weder das mit den Aktien verknüpfte Stimmrecht noch andere mit dem Stimmrecht zusammenhängende Rechte ausüben.;Stimmrecht;diritto di voto;hom
Bis zur Festlegung der Anträge kann der Instruktionsrichter auf Antrag der Partei die Zahlung der Beträge verfügen, die von den Parteien, die sich in das Verfahren eingelassen haben, nicht bestritten sind.;Instruktionsrichter;giudice istruttore;hom
Bleiben Zweifel oder handelt es sich um Delikte, die für einen bestimmten Berufskreis bedeutsam sind, so trifft den Täter eine Erkundigungspflicht, so bei Geschäftsleuten, die sich über die einschlägigen Vorschriften orientieren .;Erkundigungspflicht;obbligo di informazione;hom
Bleibt das Fahrzeug infolge eines technischen Defektes stehen, liegt weder Halten noch Warten vor.;Warten;arresto;hom
Da Brände fast immer auf kleine Brandherde zurückzuführen sind, müssen diese möglichst schnell entdeckt, gemeldet und bekämpft werden. Dazu dienen die Feuermelder.;Brandherd;focolaio;hom
Da Dienstbarkeiten dingliche Rechte sind, bedarf es zu ihrer Begründung eines Titels und einer Erwerbungsart (Modus).;Dienstbarkeit;servitù;hom
Da das Stechschutzhemd kürzer als Schürze oder Bolero ist, muss auf einen ausreichenden Schutz der Beine der oder des Arbeitenden geachtet werden. Dieser Schutz wird in der Regel mit Stechschutzhosen erreicht.;Schutz der Beine;protezione delle gambe;hom
Da der Strafprozess von Bundesrechts wegen vom Grundsatz der freien richterlichen Beweiswürdigung beherrscht ist (Art. 249 BStP), müssen tatfernere Beweismittel zwar nicht a priori ausgeschlossen werden;Grundsatz der freien richterlichen Beweiswürdigung;principio del libero convincimento;hom
Da es bei den unechten Unterlassungsdelikten an Kausalität und Tatbestandhandlung fehlt und es daher darauf ankommt, welche Handlung im Einzelfall vom Täter zu fordern ist, ist die Zumutbarkeit Bestandteil des Tatbestandes und nicht bloßes Schuldelement.;Zumutbarkeit;esigibilità;hom
Daher genügt, dass der Geldwäscher die Umstände kennt, die den Verdacht nahelegen, das Geld stamme aus einer verbrecherischen Vortat.;verbrecherisch;criminale;hom
Damit die Arbeitssicherheit gewährleistet ist, muss eine Fremdfirma in die betriebsspezifischen Verhältnisse des Auftraggebers eingewiesen werden.;Arbeitssicherheit;sicurezza sul lavoro;hom
Damit die Leistung das Erlöschen der Schuld bewirkt, muß sie der Verpflichtung entsprechen.;Erlöschen;estinzione;hom
Darüber hinaus habe der Vater dem Darlehensgeber Teile seines Geschäftsanteils zu einem unter dem Nominalwert liegenden Betrag abgetreten.;Nominalwert;valore nominale;hom
Das Aktienstimmrecht entsteht mit der vollständigen Leistung der Einlage.;Aktienstimmrecht;diritto di voto;hom
Das Amtsgericht hat die Eintragung des Vereins in das Vereinsregister durch Veröffentlichung in dem von der Landesjustizverwaltung bestimmten elektronischen Informations- und Kommunikationssystem bekannt zu machen.;Veröffentlichung;pubblicazione;hom
Das Ausfallverfahren gilt bis zur Übermittlung des elektronischen Verwaltungsdokuments durch das Hauptzollamt.;Übermittlung;trasmissione;hom
Das Bundesgericht in Lausanne ist das oberste Gericht der Schweiz. Es verkörpert auf der Ebene der drei Staatsgewalten neben der gesetzgebenden Bundesversammlung (Legislative) und dem ausführenden Bundesrat (Exekutive) die rechtsprechende Gewalt (Judikative).;Legislative;potere legislativo;hom
Das Bundesverwaltungsamt gliedert sich in mehreren Abteilungen, die sich teilweise wiederum in Referatsgruppen und diese in Referate unterteilen.;Abteilung;ripartizione;hom
Das Deutsche Volk bekennt sich darum zu unverletzlichen und unveräußerlichen Menschenrechten als Grundlage jeder menschlichen Gemeinschaft, des Friedens und der Gerechtigkeit in der Welt.;Gerechtigkeit;giustizia;hom
Das Dienstzimmer für den Hausmeister oder die Hausmeisterin bzw. für die Schulwarte und Schulwartinnen muss in der Nähe des Haupteinganges liegen und diesen im Blickfeld haben.;Hausmeister;custode;hom
Das Eigentum wird durch Aneignung, durch Fund, durch Zuwachs, durch Verarbeitung, durch Vereinigung oder Vermischung, durch Ersitzung, auf Grund von Verträgen, durch Nachfolge von Todes wegen und durch die anderen vom Gesetz festgesetzten Arten erworben.;Fund;invenzione;hom
Das Ergebnis seiner Erkundigungen hielt er in Aktennotizen fest.;Erkundigung;informazione;hom
Das Erstgericht gab dem Klagebegehren statt. Der beklagten Partei sei nicht der Beweis für den behaupteten Ausschlußtatbestand gelungen, zumindestens hätten die Täter physische Gewalt anwenden müssen, um in die Räume der Klägerin einzudringen.;physische Gewalt;violenza fisica;hom
Das Fahren unter Alkoholeinfluss ist verboten:  beim Transport gefährlicher Güter mit kennzeichnungspflichtigen Beförderungseinheiten .;Transport;trasporto;hom
Das Fakultätskollegium der Rechts- und Wirtschaftswissenschaftlichen Fakultät der Universität Bern  erlässt folgende Geschäftsordnung;Geschäftsordnung;regolamento;hom
Das G wurde als Artikel 1 des G v. 12.12.2019 I 2652 vom Bundestag mit Zustimmung des Bundesrates beschlossen.;G;legge;hom
Das Gericht darf einer Kündigung  nur zustimmen, wenn  das Betriebsratsmitglied unfähig wird, die im Arbeitsvertrag vereinbarte Arbeit zu leisten, sofern in absehbarer Zeit eine Wiederherstellung seiner Arbeitsfähigkeit nicht zu erwarten ist .;Arbeitsfähigkeit;capacità lavorativa;hom
Das Gericht erklärt das Verfahren für erloschen: a) wenn es in den in diesem Gesetzbuch Verwaltungsprozessordnung angeführten Fällen innerhalb der vom Gesetz festgesetzten oder vom Gericht bestimmten Ausschlussfrist nicht festgesetzt oder fortgeführt wird ….;Gesetzbuch;codice;hom
Das Gericht habe von der Enteignung, mit deren Rechtskraft die Enteignungswerberin originär Eigentum am Enteignungsobjekt erworben habe, auszugehen und auf dieser Grundlage lediglich die Frage der Enteignungsentschädigung neu zu beurteilen.;Enteignungsentschädigung;indennizzo;hom
Das Gericht hat jedermann, der Nachrichten über den Verschwundenen oder Abwesenden geben kann, in angemessener Weise öffentlich aufzufordern, sich binnen einer bestimmten Frist zu melden.;Frist;termine;hom
Das Gericht kann auch Verfügungen treffen, die es zum Unterhalt, zur Ausbildung und zur Erziehung des Kindes sowie zum Schutz seiner Vermögensinteressen für nützlich erachtet.;Schutz;protezione;hom
Das Gericht kann dem Verurteilten Auflagen erteilen, die der Genugtuung für das begangene Unrecht dienen.;Unrecht;illecito;hom
Das Gericht kann den Parteien, ihren Bevollmächtigten und Beiständen auf Antrag oder von Amts wegen gestatten, sich während einer mündlichen Verhandlung an einem anderen Ort aufzuhalten und dort Verfahrenshandlungen vorzunehmen.;Verfahrenshandlung;atto processuale;hom
Das Gericht kann zur Durchsetzung seiner Anordnungen die Polizei beiziehen.;Anordnung;disposizione;hom
Das Gericht misst die Strafe nach dem Verschulden des Täters zu. Es berücksichtigt das Vorleben und die persönlichen Verhältnisse sowie die Wirkung der Strafe auf das Leben des Täters.;Täter;colpevole;hom
Das Gericht nimmt nach Anhörung der Parteien unter Außerachtlassung jeder für das rechtliche Gehör nicht wesentlichen Förmlichkeit, wie es dies für am zweckdienlichsten hält, jene entscheidungsvorbereitenden Handlungen vor, die  unerläßlich sind .;rechtlich Gehör;contraddittorio;hom
Das Gericht ordnet die Verwahrung an, wenn der Täter einen Mord, eine vorsätzliche Tötung, eine schwere Körperverletzung, eine Vergewaltigung,  oder eine andere mit einer Höchststrafe von fünf oder mehr Jahren bedrohte Tat begangen hat .;vorsätzlich;doloso;hom
Das Gericht trifft die notwendigen Verfügungen, damit die Streitsache möglichst am ersten Termin erledigt werden kann.;Streitsache;causa;hom
Das Gesetz kann allgemein oder bei einzelnen Tatbildern die verschiedenen Beteiligungsformen verschieden werten und behandeln es kann aber auch alle, die einen ursächlichen (kausalen) Beitrag zur Verwirklichung des Tatbildes leisten, als Täter bezeichnen und ihre grundsätzliche Gleichbehandlung anordnen.;Täter;colpevole;hom
Das Gesetz sieht vor, dass mittels Verfügung eine Person ernannt werden kann, die den Patienten oder die Patientin in den Beziehungen zu Ärzten, Ärztinnen und Personal des Gesundheitsbetriebs vertritt: die Vertrauensperson.;Vertrauensperson;fiduciario;hom
"Das Gesetz spricht meist statt vom Verschulden von ""Vertretenmüssen"".";Vertretenmüssen;colpevolezza;hom
Das Gesetz unterscheidet die Fällung des Urteils (§ 309ZPO) von seiner Verkündung (§ 310 ZPO).;Fällung des Urteils;deliberazione della sentenza;hom
Das Getrenntleben der Ehegatten - ob berechtigt oder nicht - begründet innerhalb gewisser Fristen die unwiderlegbare Vermutung des Scheiterns der Ehe .;Getrenntleben;separazione;hom
Das Halten i.S. von Art. 37. Abs. 2 SVG Strassenverkehrsgesetz umfasst jedes Stillstehen mit Fahrzeugen auf öffentlichem Verkehrsraum, ausgenommen das vorübergehende, durch die Verkehrslage bedingte Anhalten, etwa um vortrittsberechtigten Fahrzeugen die Durchfahrt zu ermöglichen .;Anhalten;arresto;hom
Das Interesse an der Verwahrung liegt  bei demjenigen, der den unmittelbaren Besitz weggibt, also beim Hinterleger: er ist der Last der Aufbewahrung enthoben, während der Verwahrer kein Benutzungsrecht erlangt.;Verwahrung;deposito;hom
Das Konkordat regelt die Vollstreckung von Zivilurteilen, die in einem Konkordatskanton ergangen und in einem anderen zu vollziehen sind.;Vollstreckung;esecuzione;hom
Das Land fördert die Qualitätsentwicklung der betrieblichen Ausbildung durch Einführung einer Zertifizierung für Lehrbetriebe. Zu diesem Zweck legt die Landesregierung nach Anhören der Sozialpartner die Kriterien für die Anerkennung eines Betriebes als zertifizierter Lehrbetrieb fest.;Zertifizierung;certificazione;hom
Das Landesgericht entscheidet in nichtöffentlicher Sitzung nach Einholung von Erkundigungen und Anhörung des Staatsanwalts.;Erkundigung;informazione;hom
"Das Landesgesetz vom 22. Oktober 1993, Nr. 17 ""Regelung des Verwaltungsverfahrens und des Rechts auf Zugang zu Verwaltungsunterlagen"" enthält Bestimmungen zu Eigenerklärungen und Verwaltungsunterlagen.";Eigenerklärung;autodichiarazione;hom
Das Leasingobjekt wird sodann direkt an den Leasingnehmer geliefert.;Leasingobjekt;bene;hom
Das Ministerium legt, auch mit Hilfe der Regionen und in Zusammenarbeit mit den zuständigen Universitäten und Forschungsanstalten, Richtlinien, technische Vorschriften, Kriterien und Modelle für Eingriffe zur Erhaltung von Kulturgütern fest.;Erhaltung von Kulturgütern;conservazione dei beni culturali;hom
Das Personal des Berufsbildes des/der Försters/Försterin übt im Sinne der entsprechenden staatlichen Bestimmungen auch die Funktionen des einfachen Amtsträgers der Sicherheitspolizei und des höheren Amtsträgers der Gerichtspolizei aus.;Förster;sovraintendente;hom
Das Personal, das sich  bei Ämtern der Verwaltung der öffentlichen Arbeiten im Dienst befindet, die in Trentino-Südtirol ihre Tätigkeit ausüben, hat das Recht  Überstellung an die Provinzen zu beantragen.;öffentlich Arbeit;lavori pubblici;hom
Das Pfandrecht muß nach außen erkennbar sein, Grundsatz der Publizität.;Publizität;pubblicità;hom
Das Produkt ist in Verkehr gebracht, wenn es dem Erwerber, dem Benutzer oder deren Gehilfen übergeben wird, auch wenn das zur Ansicht oder zur Probe geschieht.;Benutzer;utente;hom
Das Programm mit den beglaubigten Unterschriften der Gründer ist vor der Veröffentlichung bei einem Notar zu hinterlegen.;Gründer;promotore;hom
Das Schweizer Parlament hat zwei Kammern, die zusammen Vereinigte Bundesversammlung heissen und die gesetzgebende Gewalt im Bund bilden.;gesetzgebende Gewalt;potere legislativo;hom
Das Sehvermögen ist auf den Spektralbereich 380 nm bis 780 nm begrenzt und diese für den Menschen sichtbare Strahlung wird als Licht bezeichnet.;sichtbare Strahlung;VIS;hom
Das Sicherheitsdatenblatt dient dazu, berufliche Verwenderinnen und Händlerinnen in den Stand zu versetzen, die für den Gesundheitsschutz und die Sicherheit am Arbeitsplatz sowie den Umweltschutz erforderlichen Massnahmen zu treffen.;Sicherheit am Arbeitsplatz;sicurezza sul lavoro;hom
Das Sparheft ist kein Inhaber-, sondern ein Namenpapier .;Sparheft;libretto;hom
Das Spektrum der optischen Strahlung wird unterteilt in ultraviolette Strahlung, sichtbare Strahlung und Infrarotstrahlung .;Infrarotstrahlung;IR;hom
Das Spektrum der optischen Strahlung wird unterteilt in ultraviolette Strahlung, sichtbare Strahlung und Infrarotstrahlung ….;sichtbare Strahlung;VIS;hom
Das Stiftungsgeschäft unter Lebenden bedarf der schriftlichen Form. Es muss die verbindliche Erklärung des Stifters enthalten, ein Vermögen zur Erfüllung eines von ihm vorgegebenen Zweckes zu widmen.;Stifter;fondatore;hom
Das Stimm- und Wahlrecht steht allen Kantonseinwohnern mit Schweizer Bürgerrecht zu, die das 18. Altersjahr zurückgelegt haben.;Wahlrecht;elettorato;hom
Das Stimmrecht bestimmt sich nach dem Nennbetrag der Aktien.;Stimmrecht;diritto di voto;hom
Das Treppenhaus muss auf der Höhe des Fußbodens des ersten Stockes mit einem robusten Gerüst abgedeckt werden, um vorbeigehende Personen im Erdgeschoss vor dem Herabfallen von Gegenständen zu schützen.;Treppenhaus;scala;hom
Das Urteil der provinzialen Kommission kann vor der  zuständigen regionalen Kommission angefochten werden.;provinzial Kommission;commissione provinciale;hom
Das Verbot steht  von vorneherein unter dem Vorbehalt, die Erlaubnis zu erteilen, wenn sich im Erlaubnisverfahren keine gesetzlichen Versagungsgründe ergeben.;Erlaubnis;autorizzazione;hom
Das Verfahren leitet: im Gerichtsverfahren bei Einzelgerichten: die Richterin oder der Richter.;Richter;giudice;hom
Das Vermischen oder Vermengen eines Abfalls mit anderen Abfällen oder Sachen ist unzulässig, wenn abfallrechtlich erforderliche Untersuchungen oder Behandlungen erschwert oder behindert werden, ….;Abfall;rifiuto;hom
Das Verschulden des gesetzlichen Vertreters und das des Erfüllungsgehilfen steht gemäß der allgemeinen Regel dem eigenen Verschulden gleich.;Erfüllungsgehilfe;ausiliario;hom
Das Verschulden wird nach der Schwere der Verletzung oder Gefährdung des betroffenen Rechtsguts, nach der Verwerflichkeit des Handelns, bestimmt, …;handeln;azione;hom
Das Versicherungsunternehmen übernimmt gegen eine kalkulierte Prämie das versicherte Risiko von einem Versicherungsnehmer und ist bei Eintritt des Versicherungsfalls verpflichtet, die vereinbarte Versicherungsleistung zu erbringen.;Versicherungsunternehmen;assicuratore;hom
Das Verwaltungsarchiv nimmt Akten auf, die für den laufenden Geschäftsgang nicht mehr benötigt werden.;Verwaltungsarchiv;archivio di deposito;hom
Das Wesen des Treuhandgeschäftes besteht in der Ausübung von Rechten im eigenen Namen, jedoch für fremdes Interesse und auf fremde Rechnung.;Treuhandgeschäft;fiducia;hom
Das Wohnungseigentum kann von jedem Miteigentümer erworben werden, dessen Anteil dem Mindestanteil entspricht. Zwei natürliche Personen, deren Miteigentumsanteile je dem halben Mindestanteil entsprechen, können als Eigentümerpartnerschaft gemeinsam Wohnungseigentum erwerben.;Wohnungseigentum;condominio;hom
Das Wählerverzeichnis kann auch im automatisierten Verfahren geführt werden.;Wählerverzeichnis;lista elettorale;hom
Das Explosionsschutzdokument ist vor Aufnahme der Arbeit zu erstellen und immer dann zu überarbeiten, wenn wesentliche Änderungen, Erweiterungen oder Umgestaltungen der Arbeitsplätze, der Arbeitsmittel oder des Arbeitsablaufes vorgenommen werden.;Arbeitsablauf;organizzazione del lavoro;hom
Das Gutachten wurde dem Rechnungshof für die Durchführung der gerichtlichen Billigung im Sinne des Artikels 14, Absatz 1, Buchstabe e), GD Nr. 138/2011, umgewandelt in das G Nr. 148/2011, am 18. Mai 2020 übermittelt.;G;legge;hom
Das akademische Lehrpersonal auf Planstelle ist einer Fakultät zugeordnet.;Fakultät;facoltà;hom
Das an den Präsidenten der Republik gerichtete Gnadengesuch ist vom Verurteilten, von einem seiner nächsten Angehörigen, vom Lebensgefährten, vom Vormund, vom Beistand oder von einem Advokaten oder Rechtsanwalt zu unterfertigen und beim Justizminister einzureichen.;Lebensgefährte;convivente;hom
Das bloß eigenmächtige Verfügen ist nicht Zueignung, da Zueignungsabsicht fehlt, hieran fehlt es auch bei bloßer Preisgabe oder Zerstörung der Sache, es sei denn der Zueignungswille wäre zuvor betätigt worden.;Zueignung;impossessamento;hom
Das erkennende Gericht muß Beschuldigte und Zeugen in der Hauptverhandlung vernehmen und Sachverständige ihre Gutachten vortragen lassen. Er darf sich nicht mit der Verlesung der Protokolle und schriftlichen Gutachten begnügen.;Verlesung;lettura;hom
Das initiale Ausbruchsgebiet ist die Provinz Hubei in China, wo ab dem 8. Dezember 2019 erste Erkrankungen mit typischen Symptomen auftraten.;Ausbruchsgebiet;focolaio;hom
Das materielle Strafrecht, das die Voraussetzungen der Strafbarkeit und die Straftatfolgen regelt, ist im Strafgesetzbuch (StGB), in strafrechtlichen Hauptgesetzen (Jugendgerichtsgesetz, Wehrstrafgesetz) und in zahlreichen Nebengesetzen (z.B. Abgabenordnung, Betäubungsmittelgesetz, Gesetz gegen den unlauteren Wettbewerb, Strassenverkehrsgesetz, Urheberrechtsgesetz, Waffengesetz) geregelt.;strafrechtlich;penale;hom
Das tatsächliche Verwaltungshandeln umfasst wirtschaftliche Tätigkeiten des Gemeinwesens …, Aufgaben im Infrastrukturbereich oder im Bildungs- und Gesundheitswesen …, aber auch Auskünfte, Belehrungen, Empfehlungen, Warnungen und Ähnliches, amtliche Berichte und Vernehmlassungen sowie Vollzugshandlungen.;tatsächlich Verwaltungshandeln;atto materiale;hom
Das typische Ziel eines Verwaltungsverfahrens ist die Erledigung durch Erlassung eines Bescheides  der Bescheid ist das zentrale Element des österreichischen Verwaltungsrechts, weil das gesamte Rechtsschutzsystem primär auf ihn ausgerichtet ist.;Bescheid;provvedimento;hom
Das von einem Leuchtzeichen erzeugte Licht muss je nach den vorgesehenen Benutzungsbedingungen deutlich mit seiner Umgebung kontrastieren. Das Leuchtzeichen darf weder durch zu grelles Licht blenden noch durch zu schwaches Licht die Sichtbarkeit beeinträchtigen.;Leuchtzeichen;segnale luminoso;hom
Das zuständige Gericht wird durch das im Rechtszug zunächst höhere Gericht bestimmt: 2. wenn es mit Rücksicht auf die Grenzen verschiedener Gerichtsbezirke ungewiss ist, welches Gericht für den Rechtsstreit zuständig sei;Rechtsstreit;causa;hom
Das öffentliche Interesse an der Rücknahme eines VA (Verwaltungsaktes) besteht darin, einen gesetzmäßigen Zustand wiederherzustellen und für eine zweckentsprechende Mittelverwendung zu sorgen.;Rücknahme;decadenza;hom
Dem 'Bauleiter' iSd Richtlinie 92/57/EWG entspricht der 'Projektleiter' iSd §2 Abs2 BauKG Bauarbeitenkoordinationsgesetz.;Projektleiter;DL;hom
Dem Antragsteller obliegt keine Erkundigungspflicht. Es wird ihm nicht zugemutet, nach dem wahren Tatbestand zu forschen (z.B. durch Einholen von Informationen von Dritten) oder auf andere Weise Aufschluss über allenfalls bestehende Gefahrstatsachen zu erlangen.;Erkundigungspflicht;obbligo di informazione;hom
Dem Aussterben einheimischer Tier- und Pflanzenarten ist durch die Erhaltung genügend grosser Lebensräume (Biotope) und andere geeignete Massnahmen entgegenzuwirken.;Aussterben;estinzione;hom
Dem Verwaltungsrat obliegt die Beschlußfassung über:  den Haushaltsvoranschlag mit Tätigkeitsprogramm, die Haushaltsänderungen und die Rechnungsabschlüsse .;Haushaltsvoranschlag;bilancio di previsione;hom
Den Anträgen sind die technischen Unterlagen sowie eine Verpflichtung des Antragstellers beizulegen, alle Kosten für den Lokalaugenschein und die Bearbeitung des Antrages zu übernehmen eventuell muss eine Kaution hinterlegt werden.;Lokalaugenschein;sopralluogo;hom
Den Chefs der ständigen Missionen oder anderen Vertretungen bei zwischenstaatlichen Organisationen und den zu ihrem Haushalt gehörenden Familienmitgliedern werden die Erleichterungen gewährt, die den leitenden Beamten der internationalen Organisationen zustehen.;leitend Beamter;dirigente;hom
Den Erwerbstätigen gleichgestellt sind  Personen, die unmittelbar vor dem Einrücken ihre Ausbildung abgeschlossen haben oder diese während des Dienstes beendet hätten.;Erwerbstätiger;lavoratore;hom
Den Omnibussen des Kraftfahrlinienverkehrs ist im Ortsgebiet das ungehinderte Abfahren von gekennzeichneten Haltestellen zu ermöglichen, sobald der Lenker eines solchen Fahrzeugs mit dem Fahrtrichtungsanzeiger die Absicht anzeigt, von der Haltestelle abzufahren.;Haltestelle;fermata;hom
Den Schuldverschreibungen stehen Rentenverschreibungen und Zwischenscheine über Einzahlungen auf die Wertpapiere und solche Schuldbucheintragungen gleich, bei denen der Gläubiger verlangen kann, daß ihm an Stelle seiner Schuldbuchforderung eine Schuldverschreibung erteilt wird.;Schuldverschreibung;obbligazione;hom
Den Stiftungszweck und damit di Begünstigten bestimmt der Stifter.;Stifter;fondatore;hom
Den Verhandlungen des Bundesstrafgerichts  gehen Ermittlungen und Untersuchungen voraus. Sie werden von Bundesorganen, nämlich von der Bundesanwaltschaft  und vom eidgenössischen Untersuchungsrichter , besorgt.;Untersuchungsrichter;giudice istruttore;hom
Den Vorsitz in der Wohnungseigentümerversammlung führt, sofern diese nichts anderes beschließt, der Verwalter.;Wohnungseigentümerversammlung;assemblea dei condomini;hom
Denkmalpflege umschließt alle Handlungen nichthoheitlicher Art, welche auf die Erhaltung und Instandsetzung ausgerichtet sind.;Denkmalpflege;conservazione dei beni culturali;hom
Der Abfallerzeuger, der die bei ihm anfallenden gefährlichen Abfälle selbst behandelt, hat dem Landeshauptmann vierteljährlich die über die im vorangegangenen Kalendervierteljahr selbst behandelten gefährlichen Abfälle geführten Aufzeichnungsdaten schriftlich zu melden.;Abfallerzeuger;produttore;hom
Der Abstand DL wird durch die Nennspannung des unter Spannung stehenden Teiles bestimmt.;DL;DL;hom
Der Agent hat die Interessen des Auftraggebers mit der Sorgfalt eines ordentlichen Kaufmannes zu wahren.;Agent;agente;hom
Der Anspruch auf Wohnungsüberlassung ist nur dann ausgeschlossen, wenn keine weiteren Verletzungen und widerrechtlichen Drohungen zu besorgen sind, es sei denn, dass dem verletzten Ehegatten das weitere Zusammenleben mit dem anderen wegen der Schwere der Tat nicht zuzumuten ist.;Zusammenleben;convivenza;hom
Der Anteil, der dem Gesellschafter zusteht, der seine Arbeit eingebracht hat, wird, wenn er im Vertrag nicht bestimmt ist, vom Gericht nach Billigkeit festgesetzt.;Arbeit;opera;hom
Der Antrag hat die Identifizierungsnummer des Containers seitens des Herstellers zu enthalten oder, bei Baumusterzulassung, jene Identitätskennzeichen, die der Hersteller dem Containertyp zuteilt, auf den sich der Zulassungsantrag bezieht.;Identifizierungsnummer;codice di identificazione;hom
Der Arbeiter muss beim Umgang mit der Kettensäge Handschutz tragen, welcher der EN-Norm 381-7 entspricht.;Handschutz;protezione delle mani;hom
Der Arbeitgeber berücksichtigt die dämmende Wirkung der persönlichen Schutzausrüstungen für das Gehör des Arbeitnehmers nur zu dem Zweck, die Wirksamkeit der PSA für das Gehör und die Einhaltung der Expositionsgrenzwerte zu prüfen.;persönlich Schutzausrüstung für der Gehör;protezione dell'udito;hom
Der Arbeitgeber darf einen Arbeitnehmer bei einer Vereinbarung oder einer Maßnahme, insbesondere bei der Begründung des Arbeitsverhältnisses, beim beruflichen Aufstieg, bei einer Weisung oder einer Kündigung, nicht wegen seines Geschlechts benachteiligen .;Arbeitnehmer;lavoratore;hom
Der Arbeitgeber hat dafür zu sorgen, dass Schutz- und Sicherheitseinrichtungen einer regelmäßigen Kontrolle der Funktionsfähigkeit unterzogen werden.;Sicherheitseinrichtung;dispositivo di sicurezza;hom
Der Arbeitgeber hat dem Arbeitnehmer zum Besuch von Kursen und Vorträgen zur beruflichen Weiterbildung, mit Ausnahme der Jahres- oder Halbjahreskurse der Molkereischulen, bezahlten Urlaub zu gewähren, soweit dies mit den Interessen des Betriebes vereinbar ist.;beruflich Weiterbildung;aggiornamento;hom
Der Arbeitsschutz hat das Ziel, die Gesundheit und die Sicherheit aller Abeitnehmerinnen und Arbeitnehmer zu gewährleisten bzw. ständig zu verbessern ….;Arbeitsschutz;sicurezza sul lavoro;hom
Der Aufbau und die Tätigkeit der Verwaltung der Sonderbetriebe Sanitätseinheiten fußen auf folgenden Grundsätzen:  d) Effizienz und Wirtschaftlichkeit der Verwaltung sowie Vereinfachung und Öffentlichkeit der Verfahren.;Öffentlichkeit;pubblicità;hom
Der Auftraggeber  kann den Auftrag jederzeit widerrufen, kündigen er kann auch die Dienste weiterer Makler in Anspruch nehmen oder sich selbst um den Abschluß bemühen.;Makler;mediatore;hom
Der Auftraggeber ist schuldig, dem Beauftragten die Auslagen und Verwendungen, die dieser in richtiger Ausführung des Auftrages gemacht hat, samt Zinsen zu ersetzen und ihn von den eingegangenen Verbindlichkeiten zu befreien.;Auftraggeber;mandante;hom
Der Augenschein, die Durchsuchungen und die Beschlagnahmen in den Büroräumen der Verteidiger werden direkt durch das Gericht oder im Lauf der Vorerhebungen durch die Staatsanwaltschaft auf Grund eines begründeten Ermächtigungsdekretes des Gerichts vorgenommen.;Beschlagnahme;sequestro;hom
Der Bauherr schliesst mit den Unternehmern/Lieferanten einen Werkvertrag ab. Dieser Vertrag wird in der Regel vom Architekten/Bauleiter vorbereitet (aufgrund einer Offerte) und dem Bauherrn zur Prüfung und zur Unterzeichnung vorgelegt. In der Regel unterzeichnet der Architekt ebenfalls.;Bauherr;committente;hom
Der Bauleiter zahlt den Betrag der vorgesehen Sicherheitskosten je nach Baufortschritt aus, nach Genehmigung seitens des Sicherheitskoordinators in der Ausführungsphase, sofern vorgesehen.;Bauleiter;DL;hom
Der Begründungszwang dient dem Zweck, die Anfechtungsberechtigten in die Lage zu versetzen, eine sachgemäße Entscheidung über ihr weiteres prozessuales Vorgehen, insbesondere über die Einlegung eines Rechtsmittels, zu treffen ...;Begründungszwang;obbligo di motivazione;hom
Der Bereich des sichtbaren Lichts befindet sich an der Grenze zwischen ionisierender und nicht ionisierender Strahlung.;sichtbar Licht;VIS;hom
Der Berichtigungsbescheid wirkt auf den berichtigten Bescheid zum Zeitpunkt seiner Erlassung zurück und bildet mit ihm eine Einheit ….;Berichtigungsbescheid;rettifica;hom
Der Beschwerde in Strafsachen unterliegen auch Entscheide über: a. Zivilansprüche, wenn diese zusammen mit der Strafsache zu behandeln sind b. den Vollzug von Strafen und Massnahmen.;Beschwerde in Strafsachen;ricorso in cassazione;hom
Der Bestimmungsort der gefährlichen Abfälle wird von Seiten des Abfallerzeugers nur auf Grund von wirtschaftlichen Überlegungen entschieden.;Abfallerzeuger;produttore;hom
Der Bezirksrichter bestimmt im Dekret nach Artikel 25 und in jedem Fall im Erbschein, an wievielen und welchen Räumen des Wohngebäudes und an welchen Einrichtungsgegenständen Wohnrecht und Benutzungsrecht ausgeübt werden können.;Benutzungsrecht;uso;hom
Der Blutalkoholgehalt eines Menschen läßt sich durch die Analyse einer von ihm genommene Blutprobe exakt feststellen.;Blutalkoholgehalt;tasso alcolemico;hom
Der Blutalkoholgehalt zur Zeit der Tat wird dadurch errechnet, daß dem Blutalkoholgehalt zur Zeit der Untersuchung für jede zwischen Tat und Untersuchung liegende Stunde der entsprechende Verbrennungswert zugerechnet wird.;Blutalkoholgehalt;tasso alcolemico;hom
Der Bund, die Länder, die Gemeinden und die sonstigen Körperschaften und Anstalten des öffentlichen Rechts haften für den Schaden, den die als ihre Organe handelnden Personen in Vollziehung der Gesetze durch ein rechtswidriges Verhalten wem immer schuldhaft zugefügt haben.;Anstalt der öffentlich Recht;istituzione;hom
Der Bundesminister für Finanzen wird ermächtigt im Einvernehmen mit dem Bundeskanzler mittels Verordnung die Mitteilungspflicht anzupassen, und zwar zusätzliche Leistungen in die Abfrage bestehender Datenbanken oder in die Mitteilungspflicht aufzunehmen ….;Mitteilungspflicht;obbligo di comunicazione;hom
Der Bundesminister für Inneres hat ein Merkblatt über die einem Asylwerber obliegenden Pflichten und zustehenden Rechte aufzulegen.;Merkblatt;promemoria;hom
Der Bundespräsident wird ohne Aussprache von der Bundesversammlung gewählt. Wählbar ist jeder Deutsche, der das Wahlrecht zum Bundestage besitzt und das vierzigste Lebensjahr vollendet hat.;Wahlrecht;diritto di voto;hom
Der Bundespräsident wird vom Bundesvolk auf Grund des gleichen, unmittelbaren, geheimen und persönlichen Wahlrechtes gewählt stellt sich nur ein Wahlwerber der Wahl, so ist die Wahl in Form einer Abstimmung durchzuführen.;Wahlwerber;candidato;hom
Der Bundesrat legt die Einzelheiten fest, insbesondere: a. die Verantwortung für die Datenbearbeitung;Verantwortung;responsabilità;hom
Der Bundesrat legt fest, bei welcher Blutalkoholkonzentration unabhängig von weiteren Beweisen und individueller Alkoholverträglichkeit Angetrunkenheit  angenommen wird.;Blutalkoholkonzentration;tasso alcolemico;hom
Der Bundesrat regelt das Zutrittsrecht zu Fernmeldeanlagen, die militärischen Geheimhaltungsvorschriften unterstehen.;Zutrittsrecht;accesso;hom
Der Bundesrat sorgt auf dem Gebiet der Beurkundung des Personenstandes für den Schutz der Persönlichkeit und der Grundrechte der Personen, über die Daten bearbeitet werden.;Schutz;tutela;hom
Der CE-Kennzeichnung muss die Kennnummer der Benannten Stelle hinzugefügt werden, die an der Durchführung des Konformitätsbewertungsverfahrens  beteiligt war, das zur Berechtigung zur Anbringung der CE-Kennzeichnung geführt hat.;Kennnummer;codice di identificazione;hom
Der Cloud Provider Microsoft Italien GmbH hat sich aufgrund des bestehenden Vertrags verpflichtet, personenbezogene Daten nicht außerhalb der Europäischen Union und der Länder des Europäischen Wirtschaftsraums (Norwegen, Island, Lichtenstein) zu übermitteln.;Cloud Provider;CSP;hom
Der Direktor der zuständigen Abteilung  verfügt die Archivierung des Verfahrens, sobald die abschließende Maßnahme mitgeteilt oder durchgeführt ist .;abschließende Maßnahme;decisione;hom
Der Direktor des für Jagd zuständigen Landesamtes verhängt auf Landesebene die Verwaltungsstrafen, die  wegen Verstoß gegen die Bestimmungen über den Handel, die Einfuhr und das Halten der vom Aussterben bedrohten Tier- und Pflanzenarten  vorgesehen sind .;Aussterben;estinzione;hom
Der Direktor oder die Direktorin des Eidgenössischen Instituts für Geistiges Eigentum wird ohne Befristung gewählt.;Befristung;termine;hom
Der Eigenthümer eines Grundstückes kann dem Nachbarn die von dessen Grund ausgehenden Einwirkungen durch Abwässer, Rauch, Wärme, Geruch, Geräusch, Erschütterung und ähnliche insoweit untersagen .;Geräusch;rumore;hom
Der Eigentumserwerb des Finders wird als ungerechtfertigte Bereicherung gegenüber dem früheren Eigentümer behandelt daher ist er noch drei Jahre vom Erwerb an einem Bereicherungsanspruch ausgesetzt .;Eigentumserwerb des Finders;invenzione;hom
Der Eigentümer eines Grundstückes kann Immissionen von Rauch oder Wärme, Gerüche oder Geräusche nicht untersagen .;Geräusch;rumore;hom
Der Eigentümer eines Grundstücks darf das Betreten desselben zur Ausübung der Jagd nicht verhindern, es sei denn, dass das Grundstück in der vom Jagdgesetz gebotenen Weise abgeschlossen ist oder sich darauf gerade Kulturen befinden, die Schaden nehmen können.;Grundstück;fondo;hom
Der Eigentümer eines Grundstücks kann die Zuführung von Gasen, Dämpfen, Gerüchen, Rauch, Ruß, Wärme, Geräusch, Erschütterungen und ähnliche von einem anderen Grundstück ausgehenden Einwirkungen insoweit nicht verbieten .;Geräusch;rumore;hom
Der Eigentümer eines Grundstücks kann von dem Eigentümer eines Nachbargrundstücks verlangen, dass dieser zur Errichtung fester Grenzzeichen und, wenn ein Grenzzeichen verrückt oder unkenntlich geworden ist, zur Wiederherstellung mitwirkt.;Grenzzeichen;termine;hom
Der Eigentümer eines Tieres hat bei der Ausübung seiner Befugnisse die besonderen Vorschriften zum Schutz der Tiere zu beachten.;Schutz;tutela;hom
Der Empfänger  hat die noch geschuldete Fracht bis zu dem Betrag zu zahlen, der aus dem Frachtbrief hervorgeht.;Empfänger;destinatario;hom
Der Empfänger ist berechtigt, auf eigene Kosten vor der Ablieferung die Nämlichkeit und den Zustand der beförderten Sache feststellen zu lassen.;Empfänger;destinatario;hom
Der Empfänger ist vor der Ankunft des Gutes am Orte der Ablieferung dem Frachtführer gegenüber berechtigt, alle zur Sicherstellung des Gutes erforderlichen Maßregeln zu ergreifen und dem Frachtführer die zu diesem Zwecke notwendigen Anweisungen zu erteilen.;Empfänger;destinatario;hom
Der Erblasser hat dem Beamten seinen Willen mitzuteilen, worauf dieser die Urkunde aufsetzt oder aufsetzen lässt und dem Erblasser zu lesen gibt.;Urkunde;atto;hom
Der Erbpächter ist verpflichtet, den Boden zu verbessern und dem Verpächter einen wiederkehrenden Pachtzins zu bezahlen.;Verpächter;concedente;hom
Der Finder hat den Fund unverzüglich der zuständigen Fundbehörde  unter Abgabe der gefundenen Sache anzuzeigen und über alle für die Ausforschung eines Verlustträgers maßgeblichen Umstände Auskunft zu geben.;Auskunft;informazione;hom
Der Fruchtnießer kann sich der Setzlinge der Sämereien bedienen, wobei er jedoch die ständige Übung in der betreffenden Gegend hinsichtlich der Zeit und der Art der Entnahme und hinsichtlich der Nachzucht der Schösslinge zu beachten hat.;Zeit;tempo;hom
Der Geschäftsanteil jedes Gesellschafters bestimmt sich mangels anderwertiger Festsetzung im Gesellschaftsvertrag nach der Höhe der von ihm übernommenen Stammeinlagen.;Geschäftsanteil;quota;hom
Der Geschäftsführer kann im Namen des Geschäftsherrn hinsichtlich jener Verbindlichkeiten vor Gericht auftreten, die aus Rechtshandlungen herrühren, die beim Betrieb des von ihm geleiteten Unternehmens vorgenommen wurden.;Geschäftsführer;preposto;hom
Der Gesellschaft gegenüber tritt die Ersatzpflicht nicht ein, wenn die Handlung auf einem gesetzmäßigen Beschluß der Hauptversammlung beruht.;gesetzmäßig;legale;hom
Der Gesetzgeber hat die Möglichkeit, ein bestimmtes Verhalten als gefährlich oder schädlich zu qualifizieren und deshalb generell zu verbieten, für Ausnahmefälle aber eine Befreiungsmöglichkeit (Dispens) vorzusehen.;Dispens;dispensa;hom
Der Gläubiger der Dienstleistung hießt im BGB Dienstberechtigter, der Schuldner heißt Dienstverpflichteter.;Dienstberechtigter;committente;hom
Der Grundsatz der Öffentlichkeit gilt nur für die mündlichen Verhandlungen, weil er beim schriftlichen Verfahren naturgemäß nicht zur Anwendung gelangen kann.;Grundsatz der Öffentlichkeit;principio di pubblicità;hom
Der Gründungsaktionär muss die Einlage (erneut) leisten. Er ist durch die bei Gründung erbrachte Zahlung nicht von seiner Einlagepflicht frei geworden, denn diese war Teil eines nichtigen Rechtsgeschäfts, nämlich einer verdeckten gemischten Sacheinlage.;Gründungsaktionär;fondatore;hom
Der Handlungsgehilfe darf ohne Einwilligung des Prinzipals weder ein Handelsgewerbe betreiben noch in dem Handelszweig des Prinzipals für eigene oder fremde Rechnung tätig werden.;Handlungsgehilfe;commesso;hom
Der Hersteller richtet häufig Warenlager direkt beim Händler ein.;Hersteller;concedente;hom
Der Inhaber der Datensammlung ist verpflichtet, die betroffene Person über die Beschaffung von besonders schützenswerten Personendaten oder Persönlichkeitsprofilen zu informieren diese Informationspflicht gilt auch dann, wenn die Daten bei Dritten beschafft werden.;Informationspflicht;obbligo di informazione;hom
Der Kanzleibeamte hat für jeden Geschäftsvorgang seiner Behörde eine Akte anzulegen, auch wenn dies vom Gesetz nicht ausdrücklich vorgesehen ist.;Geschäftsvorgang;affare;hom
Der Kommissionsvertrag ist formfrei, die Verkehrssitte kann Schriftform verlangen .;Kommissionsvertrag;commissione;hom
Der Kommissionär haftet dem Kommittenten für die Erfüllung des Geschäfts, wenn er nicht zugleich mit der Anzeige von der Ausführung der Kommission den Dritten namhaft macht, mit dem er das Geschäft abgeschlossen hat.;Kommittent;committente;hom
Der Kommissionär ist zur Forderung der Provision berechtigt, wenn das Geschäft zur Ausführung gekommen oder aus einem in der Person des Kommittenten liegenden Grunde nicht ausgeführt worden ist.;Kommittent;committente;hom
Der Konzessionär leitet seine Berechtigung, eine Aufgabe wahrzunehmen, von einer Konzession ab.;Konzessionär;concessionario;hom
Der Krediteröffnungsvertrag ist ein Grund- bzw. Rahmenvertrag, durch den sich der Kreditgeber zur Kreditgewährung bis zu einer bestimmten Höhe (Kreditrahmen) nach Abruf ver-pflichtet.;Kreditrahmen;disponibilità;hom
Der Kunde kann seinen Antrag zum Vertragsabschluss oder seine Annahmeerklärung innerhalb von sieben Tagen auf Papier oder in elektronischer Form wiederrufen.;Kunde;destinatario;hom
Der Lauf der Frist ist gehemmt, solange die antragsberechtigte Person minderjährig oder nicht entscheidungsfähig ist oder innerhalb des letzten Jahres der Frist durch ein unvorhergesehenes oder unabwendbares Ereignis an der Antragstellung gehindert ist.;Frist;termine;hom
Der Leasingnehmer zahlt (meist monatliche) Teilbeträge, erhält dafür aber nicht das Eigentum an der Sache, sondern nur die Nutzung.;Leasingnehmer;locatario;hom
Der Leiter der Dienststelle kann nach Anhörung des Personalrates bestimmen, das Beschäftigte, bei denen dies wegen ihrer dienstlichen Aufgaben zwingend geboten ist, nicht an Personalversammlungen teilnehmen.;Leiter;dirigente;hom
Der Lenker eines Fahrzeuges hat stets einen solchen Abstand vom nächsten vor ihm fahrenden Fahrzeug einzuhalten, daß ihm jederzeit das rechtzeitige Anhalten möglich ist, auch wenn das vordere Fahrzeug plötzlich abgebremst wird.;Anhalten;arresto;hom
Der Lenker hat das Fahrzeug zum Halten oder Parken unter Bedachtnahme auf die beste Ausnützung des vorhandenen Platzes so aufzustellen, daß kein Straßenbenützer gefährdet und kein Lenker eines anderen Fahrzeuges am Vorbeifahren oder am Wegfahren gehindert wird.;Halten;fermata;hom
Der Makler hat Anspruch auf die Provision von jeder der Parteien, wenn das Geschäft durch sein Zutun zustandegekommen ist.;Makler;mediatore;hom
Der Maklervertrag ist, sofern nicht anders vereinbart, von unbestimmter Dauer.;Maklervertrag;mediazione;hom
Der Masseverwalter verwaltet das Konkursvermögen und nimmt im Rahmen der ihm übertragenen Aufgaben alle Verfahrenshandlungen unter der Aufsicht des beauftragten Richters und des Gläubigerausschusses vor.;Masseverwalter;curatore;hom
Der Mieter kann vom Vermieter frühestens vier Monate vor Ablauf der Befristung verlangen, dass dieser ihm binnen eines Monats mitteilt, ob der Befristungsgrund noch besteht.;Befristung;termine;hom
Der Mieter muss dem Vermieter gestatten, die Sache zu besichtigen, soweit dies für den Unterhalt, den Verkauf oder die Wiedervermietung notwendig ist.;Mieter;locatario;hom
Der Mieter wird von der Entrichtung des Mietzinses nicht dadurch befreit, daß er durch einen in seiner Person liegenden Grund an der Ausübung des ihm zustehenden Gebrauchsrechts verhindert wird .;Gebrauchsrecht;uso;hom
Der Nacherbe erwirbt die Erbschaft des Erblassers, wenn er den für die Auslieferung bestimmten Zeitpunkt erlebt hat.;Nacherbe;sostituito;hom
Der Nacherbe soll bei Eintritt des Substitutionsfalles nach dem Vorerben den Nachlaß erhalten.;Nacherbe;sostituito;hom
Der Nachweis über die geringe Ertragskraft ist durch eine Selbsterklärung des Betriebsinhabers zu erbringen, woraus die Indikatoren: Pachtpreis, Anzahl aller im Betrieb Beschäftigten und Umsatz der letzten zwei Jahre hervorgehen.;Nachweis;certificazione;hom
Der Nutzen für das herrschende Grundstück kann auch in einer größeren Bequemlichkeit oder Schönheit bestehen. Er kann ebenso die industrielle Widmung des Grundstücks betreffen.;Nutzen;utilità;hom
Der Präsident des Landesgerichts oder des Schwurgerichts kann, nachdem das Dekret, auf Einleitung des Hauptverfahrens bei ihm eingegangen ist, bei Vorliegen rechtfertigender Gründe mit Dekret die Verhandlung nicht mehr als einmal vorverlegen oder auf später verschieben.;Hauptverfahren;giudizio;hom
Der Rechnungshofkontrolle unterliegen selbständige Anstalten nur dann, wenn sie von Organen einer Gebietskörperschaft oder von Personen verwaltet werden, die hiezu von Organen der Gebietskörperschaft bestellt sind ….;selbständig Anstalt;istituzione;hom
Der Rechtsanwalt ist ein unabhängiges Organ der Rechtspflege .;Rechtspflege;giustizia;hom
Der Regionalausschuss ist das Vollzugsorgan der Region. Ihm obliegen: 1. die Beschlussfassung über die Durchführungsverordnungen zu den vom Regionalrat verabschiedeten Gesetzen, ….;Beschlussfassung;deliberazione;hom
Der Regionalrat übt die der Region aufgetragene Gesetzgebungsgewalt und die anderen ihm durch die Verfassung und durch die Gesetze zugewiesenen Befugnisse aus.;Gesetzgebungsgewalt;potere legislativo;hom
Der Schuldner ist verpflichtet, die Leistung so zu bewirken, wie Treu und Glauben mit Rücksicht auf die Verkehrssitte es erfordern.;Treu und Glauben;buona fede;hom
Der Senat entscheidet unter der Leitung des Vorsitzenden der Reihe nach die von den Parteien aufgeworfenen oder von Amts wegen wahrzunehmenden präjudiziellen Fragen und dann in der Sache selbst .;Sache;causa;hom
Der Sozialassistent beaufsichtigt die Anvertrauung der Minderjährigen und hält den Kontakt mit der Pflegefamilie und mit der Familie des Minderjährigen aufrecht.;Anvertrauung der Minderjährigen;affidamento;hom
Der Staatsangehörige, der, sei es auch mittelbar, von einem Ausländer für sich oder einen anderen zu dem Zweck, Handlungen gegen die nationalen Interessen vorzunehmen, Geld oder irgendeinen Vorteil erhält , wird  bestraft.;Vorteil;utilità;hom
Der Staatsanwalt leitet auf der Grundlage einer spezifischen und konkreten Schadensnachricht die Ermittlungstätigkeit ein, damit eine Entscheidung hinsichtlich der Ausübung einer Klage wegen Schadens zum Nachteil der öffentlichen Hand getroffen werden kann ….;Ermittlungstätigkeit;istruttoria;hom
Der Staatsrat und die anderen Organe der Verwaltungsgerichtsbarkeit haben Rechtsprechungsgewalt zum Schutz der rechtmäßigen Interessen und, in besonderen durch Gesetz bezeichneten Fällen, auch der subjektiven Rechte gegenüber der öffentlichen Verwaltung.;subjektiv Recht;diritto;hom
Der Stiftungsakt kann vom Stifter widerrufen werden, solange die Anerkennung der Stiftung nicht erfolgt ist oder der Stifter die Tätigkeit des von ihm verfügten Werkes nicht aufnehmen lassen hat.;Stifter;fondatore;hom
Der Strahlenschutzverantwortliche hat dafür zu sorgen, dass die aufgebrachte Identifizierungsnummer dem Bundesamt für Strahlenschutz innerhalb Monatsfrist mitgeteilt wird.;Identifizierungsnummer;codice di identificazione;hom
Der Tag der Trauung, kirchlich oder standesamtlich, muss im beantragten Zeitraum für bezahlten Sonderurlaub enthalten sein.;Trauung;matrimonio;hom
Der Täter befindet sich in einem Sachverhaltsirrtum, wenn er zwar objektiv den Tatbestand erfüllt, nicht aber subjektiv nach seiner Vorstellung und seinem Willen.;Sachverhaltsirrtum;errore di fatto;hom
Der Unternehmer hat dafür zu sorgen, dass während der Beförderung ein Nachweis über eine gültige Haftpflichtversicherung, die den Ansprüchen des Absatzes 1 entspricht, mitgeführt wird.;Beförderung;trasporto;hom
Der Unternehmer hat den Arbeitnehmern, die im Lärmbereich  beschäftigt werden, geeignete Gehörschutzmittel zur Verfügung zu stellen.;Gehörschutzmittel;protezione dell'udito;hom
Der Unterschied zwischen Handelsmakler und Handelsvertreter besteht vor allem darin, daß der Handelsmakler zur Neutralität verpflichtet ist, während der Handelsvertreter die wirtschaftlichen Interessen seines auftraggebenden Unternehmers vertreten kann.;Handelsvertreter;agente;hom
Der Urheber oder die Urheberin eines Computerprogrammes hat zudem das ausschliessliche Recht, dieses zu vermieten.;Computerprogramm;programma per elaboratore;hom
Der Usufruktuar hat auch das Recht, die Sache in Bestand zu geben, sie also zu vermieten oder zu verpachten.;Usufruktuar;usufruttuario;hom
Der Verantwortliche sieht angemessene und spezifische Maßnahmen zur Wahrung der Interessen der betroffenen Person vor.;Wahrung;tutela;hom
Der Verpflichtete hat dem Zwangsverwalter alle zur Geschäftsführung nötigen Unterlagen zu übergeben und alle erforderlichen Aufklärungen zu erteilen.;Zwangsverwalter;amministratore giudiziario;hom
Der Verpächter kann die Anerkennung des eigenen Rechts ein Jahr vor Ablauf des Zwanzigjahresfrist von dem verlangen, der sich im Besitz der Erbpachtgrundstück befindet.;Anerkennung;ricognizione;hom
Der Versicherte ist verpflichtet, dem Versicherer, wenn er es verlangt, auf dessen Kosten eine öffentlich beglaubigte Anerkennungsurkunde über den Eintritt in die Rechte gegen den Dritten zu erteilen.;Versicherer;assicuratore;hom
Der Versicherungsnehmer hat die vereinbarte Prämie zu entrichten. Als Prämien  gelten auch die bei Versicherungsunternehmungen auf Gegenseitigkeit zu entrichtenden Beiträge.;Prämie;premio;hom
Der Versicherungsvertrag muss Deckung für die sich aus der gewerblichen Tätigkeit im Anwendungsbereich dieser Verordnung Immobiliardarlehensvermittlungsverordnung ergebenden Haftpflichtgefahren für Vermögensschäden gewähren.;Verordnung;regolamento;hom
Der Versicherungsvertreter hat einen Provisionsanspruch aus §§ 354, 87 ff. HGB. Dieser Anspruch ist erfolgsbezogen.;Versicherungsvertreter;assicuratore;hom
Der Versprechende kann dem Dritten gegenüber die Einwendungen erheben, die auf dem Vertrag beruhen, aus dem der Dritte sein Recht herleitet .;versprechend;promittente;hom
Der Verteidiger hat das Recht, auf den Vortrag der Anklage mit einer Gegenäußerung zu erwidern.;Gegenäußerung;replica;hom
Der Vertrag kann bestimmen, auf welche Art und Weise der stille Gesellschafter die Führung des Unternehmens oder die Abwicklung des Geschäfts, für welche die stille Gesellschaft vereinbart worden ist, überwachen darf.;still Gesellschafter;associato;hom
Der Vertrag zugunsten Dritter begründet eine Dreiecksbeziehung zwischen Versprechendem, Versprechensempfänger und Drittem.;Versprechender;promittente;hom
Der Verwahrer hat bei der Aufbewahrung die Sorgfalt eines guten Familienvaters anzuwenden.;Aufbewahrung;custodia;hom
Der Verwahrungsvertrag ist ein Realvertrag, der erst durch die tatsächliche Übergabe der Sache zustande kommt.;Verwahrungsvertrag;deposito;hom
Der Vorgesetzte, der gemäß vorhergehendem Artikel 64 für die Erteilung des Verweises oder der Geldstrafe zuständig ist und der wie immer von einem Verstoß gegen die Dienstordnung erfährt, muß die entsprechenden Mitteilungen durchführen und schriftlich Beschuldigung erheben .;Verweis;censura;hom
Der Vorsitzende der Gemeindebaukommission kann ein Gutachten der Landesabteilung Natur, Landschaft und Raumentwicklung anfordern. Sofern es sich um einen Wiedergewinnungsplan handelt oder der Durchführungsplan unter Denkmalschutz stehende Liegenschaften betrifft, ist das Gutachten der Landesabteilung Denkmalpflege einzuholen.;Denkmalschutz;conservazione dei beni culturali;hom
Der Vorsitzende ist befugt, ausnahmsweise den Angeklagten während der Abhörung eines Zeugen oder eines Mitangeklagten aus dem Sitzungssaal abtreten zu lassen.;Abhörung;audizione;hom
Der Vorstand hat dem Amtsgericht auf dessen Verlangen jederzeit eine von ihm vollzogene Bescheinigung über die Zahl der Vereinsmitglieder einzureichen.;Vereinsmitglied;associato;hom
Der Vorzug wird in dem vom vorhergehenden Absatz vorgesehenen Fall auch den Gläubigern, die nicht abgesondert haben, gegenüber den Vermächtnisnehmern, die abgesondert haben, gewährt.;Vorzug;precedenza;hom
Der Wert des Kaufgegenstandes bei Kaufverträgen mit Verpflichtung zur Rückübertragung zu einem bestimmten Termin muss in der Bilanz des Verkäufers ausgewiesen werden.;Termin;termine;hom
Der Zulassungsbesitzer hat das Fahrzeug dem Ermächtigten zur wiederkehrenden Begutachtung vorzuführen und dafür zu sorgen, dass dieses gereinigt ist, sowie den Zulassungsschein vorzulegen.;wiederkehrend Begutachtung;revisione;hom
Der Zuwachs wird durch Natur, durch Kunst, oder durch beide zugleich bewirkt.;Zuwachs;incorporazione;hom
Der Alters- und Hinterlassenenversicherung können beitreten:  im Ausland wohnhafte nicht erwerbstätige Ehegatten von erwerbstätigen Personen, die nach Absatz 1 Buchstabe c, Absatz 3 Buchstabe a oder auf Grund einer zwischenstaatlichen Vereinbarung versichert sind.;erwerbstätig Person;lavoratore;hom
Der aus der elterlichen Gewalt entlassene Minderjährige kann mit Hilfe des Beistands Gelder unter der Bedingung einer geeigneten Anlage einfordern und sowohl als Kläger wie als Beklagter vor Gericht auftreten.;Beistand;curatore;hom
Der einem Gesellschafter zukommende Gewinn wird dem Kapitalanteile des Gesellschafters zugeschrieben .;Kapitalanteil;quota;hom
Der funktionelle Aspekt der juristischen Person des öffentlichen Rechts liegt in der Wahrnehmung von Verwaltungsaufgaben.;Verwaltungsaufgabe;funzione amministrativa;hom
Der für das Verfahren Verantwortliche  sorgt nach den Weisungen des vorgesetzten Organs für die Durchführung der endgültigen Maßnahme.;endgültig Maßnahme;decisione;hom
Der inhaftierte oder in eine Anstalt zum Vollzug von Sicherungsmaßregeln eingewiesene Angeklagte kann Rechtsmittel, Erklärungen und Anträge beim Leiter der Anstalt einreichen.;Sicherungsmaßregel;misura di sicurezza;hom
Der mit den Einzahlungen säumige Gesellschafter kann das Stimmrecht nicht ausüben.;Stimmrecht;diritto di voto;hom
Der mit der Eheschließung indizierten gegenseitigen Zuneigung entspricht  ferner die Pflicht zur ehelichen Treue.;Pflicht zur ehelichen Treue;dovere di fedeltà;hom
Der neue Vertrag der sanitären Leitung des Landesgesundheitsdienstes wird auf das Personal der beiden Vertragsbereiche des ärztlichen und tierärztlichen Personals, der sanitären Leitung (Biologen, Chemiker, Physiker, Psychologen und Apotheker) und der Leiter der sanitären Berufe  angewandt.;Leiter;dirigente;hom
Der normale Fall der Treuhandschaft liege nämlich vor, wenn jemand eine bislang zu seinem Vermögen gehörende Sache einem anderen mit der Bestimmung übergebe, diese Sache in Hinkunft für den Übergeber zu besitzen.;Treuhandschaft;fiducia;hom
Der rechtfertigende Grund für diese Rechtsinstitute Organleihe und Auftrag liegt in der Effektivität und der Ökonomie der Verwaltung.;Effektivität;efficacia;hom
Der rechtlich erhebliche Zeitpunkt heißt Termin, der rechtlich erhebliche Zeitraum heißt Frist.;Termin;termine;hom
Der technische Zugang zu den einzelnen IT-Systemen wird durch Benutzerkennung und Passwort oder Smartcard und Passwort realisiert.;Benutzerkennung;codice di identificazione;hom
Der zürcherischen Universität bleibt das Benützungsrecht der geologischen und mineralogischen Sammlungen und Institute des Polytechnikums so lange gewährleistet, als gemeinsame Hauptprofessoren in den Fächern der Geologie und Mineralogie bestehen.;Benützungsrecht;uso;hom
Die Abfallbehälter dürfen nur zum Sammeln von Abfällen benutzt werden. Der Benutzer ist zur pfleglichen Behandlung und zum Sauberhalten des Abfallbehälters sowie des  Abfallbehälterschranks verpflichtet und hat diese vor Verlust oder Beschädigung durch Dritte zu schützen.;Benutzer;utente;hom
Die Abfallwirtschaftspläne stellen Folgendes dar:  die Ziele der Abfallvermeidung, der Abfallverwertung, insbesondere der Vorbereitung zur Wiederverwendung und des Recyclings, sowie der Abfallbeseitigung ….;Abfallverwertung;recupero;hom
Die Ablagerung von Materialien an der Oberkante der Baugrube ist untersagt.;Baugrube;scavo;hom
Die Abmachung, mit der sich der Bezugsberechtigte verpflichtet, dem Lieferanten den Vorrang beim Abschluss eines nachfolgenden Vertrags über den gleichen Gegenstand einzuräumen, ist gültig, sofern die Dauer der Verpflichtung den Zeitraum von fünf Jahren nicht übersteigt.;Vorrang;precedenza;hom
Die Abteilung Wasserrecht (MA 58) ist Anlaufstelle für die Erteilung von Genehmigungen in den großen Rechtsbereichen Wasser- und Schifffahrtswesen, aber auch für jene in den Bereichen Jagd, Fischerei, Pflanzenschutz, Tierhalterecht, Tierversuchsrecht, Forstrecht oder Landwirtschaft.;Abteilung;ripartizione;hom
Die Aktien dürfen nur zum Nennwert oder zu einem diesen übersteigenden Beträge ausgegeben werden.;Aktie;azione;hom
Die Aktien können auf den Inhaber oder auf Namen lauten.;Aktie;azione;hom
Die Aktionäre üben ihre Rechte in den Angelegenheiten der Gesellschaft in der Hauptversammlung aus .;Hauptversammlung;assemblea;hom
Die Akzeptanz für das Tragen von Gehörschutzmitteln steigt, wenn jeder Mitarbeiter seinen Gehörschutz aus verschiedenen Typen auswählen kann;Gehörschutz;protezione dell'udito;hom
Die Anbieterinnen von Diensten der Grundversorgung sind für die Erhebung der Verzeichnisdaten bei ihren Kundinnen und Kunden verantwortlich und allein berechtigt, diese Daten auf deren Verlangen zu ändern.;Kunde;contraente;hom
Die Anerkennung ist unwiderrufbar. Ist sie in einem Testament enthalten, so wirkt sie ab dem Tag des Todes des Erblassers, auch wenn das Testament widerrufen wurde.;unwiderrufbar;irrevocabile;hom
Die Anerkennungsurkunde oder die Erneuerungsurkunde begründet vollen Beweis über die in der Urschrift enthaltenen Erklärungen, sofern nicht durch Vorlage der letzteren bewiesen wird, daß bei der Anerkennung oder Erneuerung ein Irrtum vorlag.;Anerkennungsurkunde;atto di ricognizione;hom
Die Anfechtung muss  ohne schuldhaftes Zögern (unverzüglich) erfolgen, nachdem der Anfechtungsberechtigte von dem Anfechtungsgrunde Kenntnis erlangt hat.;Anfechtung;annullamento;hom
Die Anführer oder die Hintermänner des bewaffneten Haufens unterliegen derselben Strafe wie die Urheber.;Anführer;capo;hom
Die Anhängigkeit des Rechtsstreits vor dem ausländischen Gericht bestimmt sich nach den Gesetzen des Staates, in dem das Verfahren abgewickelt wird.;Anhängigkeit der Rechtsstreit;litispendenza;hom
Die Anhörung der Beteiligten ist ein wesentlicher Teil der Parteienöffentlichkeit des Verfahrens und stellt das wichtigste Recht der Beteiligten im Verfahren dar.;Anhörung;contraddittorio;hom
Die Anordnung, wodurch der Erblasser seinem Erben eine unmögliche oder unerlaubte Handlung mit dem Beisatze aufträgt, daß er, wofern er den Auftrag nicht befolgte, einem Dritten ein Legat entrichten soll, ist ungültig.;unerlaubt;illecito;hom
Die Anschwemmung wächst auch dem Ufer einer im Fluß entstandenen Insel zu.;Anschwemmung;alluvione;hom
Die Ansuchen um die Erlaubnis zur Ausübung eines Gastgewerbes, um Einstufung des Betriebes und um andere in diesem Gesetz vorgesehene Bewilligungen sind an den jeweils zuständigen Bürgermeister zu richten.;Ansuchen;domanda;hom
Die Anteile der Teilhaber der Gemeinschaft werden als gleich vermutet.;Teilhaber;partecipante;hom
Die Anteile, mit denen die Gesellschafter beteiligt sind, werden durch Aktien verkörpert.;Aktie;azione;hom
Die Anwendung unmittelbarer Gewalt (gewaltsames Führen der Hand bei der Unterschrift) fällt nicht unter § 123 dBGB, da hier schon tatbestandlich keine Willenserklärung vorliegt.;unmittelbar Gewalt;violenza fisica;hom
Die Anwendung von Bestimmungen eines ausländischen Rechts, ist ausgeschlossen, wenn sie zu einem Ergebnis führen würde, das mit dem schweizerischen Ordre public unvereinbar ist.;Ordre public;ordine pubblico;hom
Die Arbeitnehmer melden dem Arbeitgeber, der Führungskraft oder dem Vorgesetzten unverzüglich alle Mängel oder Funktionsstörungen, die sie an der ihnen zur Verfügung stehenden persönlichen Schutzausrüstung feststellen.;Vorgesetzter;preposto;hom
Die Arbeitnehmer werden in leitende Angestellte, höhere Angestellte, Angestellte und Arbeiter eingeteilt.;leitend angestellter;dirigente;hom
Die Arbeitsstoffe können in die großen Gruppen der Gefahrstoffe (Chemikalien) und der Biostoffe (Mikroorganismen) unterschieden werden.  Eine weitere Gruppe von Arbeitsstoffen, bei deren Anwendung besondere Schutzvorschriften beachtet werden müssen, sind die Sprengstoffe.;Arbeitsstoff;agente;hom
Die Arbeitsunfähigkeitsrente erhält, wer auf Grund von körperlicher oder psychischer Krankheit nicht arbeitsfähig ist und mindestens 5 Versicherungsjahre nachweisen kann . Da die Rente nur bei totaler Arbeitsunfähigkeit zusteht, kann keine lohnabhängige oder selbständige Arbeit ausgeführt werden.;Arbeitsunfähigkeitsrente;pensione di inabilità;hom
Die Aufhebbarkeit geht von der Behörde oder vom Verwaltungsgericht aus und besagt, dass sie einen rechtswidrigen Verwaltungsakt aufheben, d.h. seine Rechtswirksamkeit beseitigen können.;Aufhebbarkeit;annullabilità;hom
Die Aufrechnung bewirkt, dass die Forderungen, soweit sie sich decken, als in dem Zeitpunkt erloschen gelten, in welchem sie zur Aufrechnung geeignet einander gegenübergetreten sind.;Zeitpunkt;tempo;hom
Die Aufsichtsratsmitglieder müssen unter den Personen ausgewählt werden, die im Register der Rechnungsprüfer, das beim Justizministerium eingerichtet ist, eingetragen sind.;Rechnungsprüfer;sindaco;hom
Die Aufstellung von Wahlbewerbern für Wahlen zu Volksvertretungen muß in geheimer Abstimmung stattfinden.;Wahlbewerber;candidato;hom
Die Augenschutzgeräte bestehen im Allgemeinen aus dem Tragkörper und den Sichtscheiben.;Augenschutzgerät;protezione degli occhi;hom
Die Aus- und Fortbildung im Bereich Arbeitsschutz ist eine wesentliche Vorbeugemaßnahme zum Schutz der Arbeitnehmerinnen und Arbeitnehmer.;Vorbeugemaßnahme;misura di prevenzione;hom
Die Ausgabe und der Verkauf der Aktien vor der Eintragung der Gesellschaft ist nichtig.;Ausgabe;emissione;hom
Die Ausnahmebewilligung stellt  nicht nur formell, sondern auch materiell einen begünstigenden Verwaltungsakt dar.;Ausnahmebewilligung;dispensa;hom
Die Aussagen der Parteien, die mündlichen Entscheide der Behörden sowie alle anderen Verfahrenshandlungen, die nicht schriftlich durchgeführt werden, werden protokolliert.;Verfahrenshandlung;atto processuale;hom
Die Ausschließung vom Wahlrecht und von der Wählbarkeit kann nur die Folge einer gerichtlichen Verurteilung sein.;Wahlrecht;elettorato;hom
Die Beamtinnen und Beamten sind verpflichtet, an Maßnahmen der dienstlichen Fortbildung teilzunehmen, die der Erhaltung und Verbesserung der Befähigung für ihren Dienstposten oder für gleich bewertete Tätigkeiten dienen.;dienstlich Fortbildung;aggiornamento;hom
Die Bedeutung der ausnahmsweise erlaubten Zufahrt für Taxis im Unterschied zur (verbotenen) direkten Durchfahrt war vor Ort ohne besonderen Interpretationsbedarf erkennbar.;Zufahrt;accesso;hom
Die Behörde habe nicht erklärt, was sie unter der errichteten Betriebsanlage genau verstehe. Das wäre ebenso erforderlich gewesen wie eine genaue Definition, welcher Zustand aus Sicht der Behörde gesetzesmäßig sei.;gesetzesmäßig;legale;hom
Die Beisitzer des Wahlvorstandes sollen möglichst aus den Wahlberechtigten der Gemeinde, nach Möglichkeit aus den Wahlberechtigten des Wahlbezirks berufen werden.;Wahlvorstand;seggio elettorale;hom
Die Beobachtung der für die Hauptverhandlung vorgeschriebenen Förmlichkeiten kann nur durch das Protokoll bewiesen werden. Gegen den diese Förmlichkeiten betreffenden Inhalt des Protokolls ist nur der Nachweis der Fälschung zulässig.;Fälschung;falso;hom
Die Berufung ist das Rechtsmittel gegen Urteil der 1. Instanz, die Revision gegen Urteil der 2. Instanz, und der Rekurs ist ein Rechtsmittel gegen Beschlüsse.;Rechtsmittel;impugnazione;hom
Die Berufung wegen Nichtigkeit kann nur aus bestimmten Nichtigkeitsgründen ergriffen werden.;Nichtigkeit;nullità;hom
Die Beschwerde ist innerhalb einer Ausschlussfrist von 45 Tagen ab dem Tag der Zustellung des angefochtenen Aktes oder der Mitteilung des Aktes im Verwaltungsweg oder ab dem Zeitpunkt, an dem der Betroffene volle Kenntnis des Aktes erlangt hat, einzubringen.;betroffener;interessato;hom
Die Beschwerdeführerin beruft sich in erster Linie darauf, die Baubewilligung habe ihr ein subjektives Recht verschafft.;subjektives Recht;diritto;hom
Die Bestellung des Planungskoordinators hat zu Beginn der Planungsarbeiten zu erfolgen.;Planungskoordinator;CSP;hom
Die Bestellung oder Abbestellung des Abfallbeauftragten und seines Stellvertreters ist der Behörde unverzüglich zu melden. Die Meldung über die Bestellung hat die Zustimmung des Abfallbeauftragten und seines Stellvertreters und Angaben über die fachliche Qualifikation des Abfallbeauftragten zu enthalten.;Zustimmung;consenso;hom
Die Bestimmungen der Artikel 2206 und 2207 sind auch auf Bevollmächtigte anzuwenden, die aufgrund einer ständigen Rechtsbeziehung die Befugnis haben, für den Unternehmer die mit dem Betrieb des Unternehmens zusammenhängenden Rechtshandlungen vorzunehmen, auch wenn sie dieses nicht leiten.;bevollmächtigter;procuratore;hom
Die Bestimmungen der Exekutionsordnung über die Fahrnispfändung als auch jene der Geschäftsordnung für die Gerichte erster und zweiter Instanz  sind als Schutzgesetze anzusehen.;Geschäftsordnung;regolamento;hom
Die Bestimmungen über die Aussetzung oder den Entzug des Führerscheins  werden  auf die Bescheinigung über die Eignung zum Führen von Oberleitungsbussen angewandt, wenn sich der Sachverhalt beim Führen dieser Busse ergibt.;Bestimmung;disposizione;hom
Die Bestimmungen über die Wiedereinsetzung in die früheren Rechte werden auch bei einem auf Verurteilung lautenden ausländischen Urteil angewendet, das nach Artikel 12 anerkannt worden ist.;Wiedereinsetzung in die früheren Rechte;riabilitazione;hom
Die Betreibende beantragte die Bewilligung der Exekution zur Erwirkung vertretbarer Handlungen nach § 353 EO, welche mit Beschluss des Bezirksgerichts Innsbruck vom 28. September 2006, GZ 25 E 4484/06x-3, bewilligt wurde.;Exekution zur Erwirkung vertretbarer Handlungen;esecuzione forzata di obblighi di fare;hom
Die Bezeichnungen der einzelnen Verwaltungseinheiten sollen Aufschluss über die jeweilige Sachzuständigkeit geben.;Sachzuständigkeit;competenza per materia;hom
Die Brandausbreitung wird  durch folgende 3 Faktoren wesentlich beeinflusst: bauliche Mängel, betriebstechnische Mängel und feuerwehrtaktische Mängel.;Brandausbreitung;sviluppo dell'incendio;hom
Die Buchführung bildet die Grundlage der Rechnungslegung. Sie erfasst diejenigen Geschäftsvorfälle und Sachverhalte, die für die Darstellung der Vermögens-, Finanzierungs- und Ertragslage des Unternehmens (wirtschaftliche Lage) notwendig sind.;Buchführung;contabilità;hom
Die Bundesagentur ist der für die Durchführung der Aufgaben nach diesem Buch Sozialgesetzbuch III zuständige Verwaltungsträger. Sie darf ihre Mittel nur für die gesetzlich vorgeschriebenen oder zugelassenen Zwecke verwenden.;Durchführung;esecuzione;hom
Die Bundesgesetze sind vom Bundeskanzler im Bundesgesetzblatt kundzumachen. Soweit nicht ausdrücklich anderes bestimmt ist, treten sie mit Ablauf des Tages ihrer Kundmachung in Kraft und gelten für das gesamte Bundesgebiet.;Kundmachung;pubblicazione;hom
Die Bundesregierung regelt durch Rechtsverordnung das Erstattungsverfahren sowie das Nähere hinsichtlich der betrieblichen oder überbetrieblichen Alters- und Hinterbliebenenversorgung in ihr kann bestimmt werden, welche Einrichtungen als betriebliche oder überbetriebliche Alters und Hinterbliebenenversorgung im Sinne des Gesetzes anzusehen sind.;Rechtsverordnung;regolamento;hom
Die Datenschutzbehörde hat die Genehmigung an die Erfüllung von Bedingungen und Auflagen zu knüpfen, soweit dies zur Wahrung der schutzwürdigen Interessen der betroffenen Person notwendig ist.;Wahrung;tutela;hom
Die Datenschutzbehörde teilt die Entscheidung über den Antrag auf Genehmigung innerhalb von 45 Tagen mit ….;Entscheidung;decisione;hom
Die Dauer der Freiheitsstrafe beträgt in der Regel mindestens sechs Monate die Höchstdauer beträgt 20 Jahre. Wo es das Gesetz ausdrücklich bestimmt, dauert die Freiheitsstrafe lebenslänglich.;Freiheitsstrafe;arresto;hom
Die Dekrete laut Artikel 20-bis des Gesetzesdekretes vom 18. Oktober 2012, Nr. 179 regeln im Einzelnen, wie die Register im Rahmen der elektronischen Datenverarbeitung zu führen sind ….;Gesetzesdekret;DL;hom
Die Delegierung von Verwaltungsaufgaben bringt für den Beauftragten die Verantwortung dafür mit sich, daß die Verwaltungsmaßnahme fachlich, buchhalterisch oder in Hinblick auf die Rechtmäßigkeit regulär ist.;Rechtmäßigkeit;legittimità;hom
Die Dienststellen haben eine territoriale Zuständigkeit, das bedeutet, dass Unternehmer/innen sich an die Dienstelle der Handelskammer der Provinz wenden können, in der der Betrieb seinen Rechtsitz hat.;territoriale Zuständigkeit;competenza per territorio;hom
Die Ehe wird auf Lebenszeit geschlossen. Die Ehegatten sind einander zur ehelichen Lebensgemeinschaft verpflichtet sie tragen füreinander Verantwortung.;ehelich Lebensgemeinschaft;convivenza;hom
Die Eheschliessung ist zwischen Verwandten in gerader Linie sowie zwischen Geschwistern oder Halbgeschwistern, gleichgültig ob sie miteinander durch Abstammung oder durch Adoption verwandt sind, verboten.;Eheschliessung;matrimonio;hom
Die Einrichtung durch Gesetz, der eigene und übertragene Wirkungsbereich die Weisungsfreiheit im eigenen Wirkungsbereich, die Staatsaufsicht, die demokratische Bestellung der Organe, die Privatrechtsfähigkeit und die Satzungsautonomie stellen die organisationsrechtlichen und funktionalen Grundlagen und Schranken der nichtterritorialen Selbstverwaltung dar.;nichtterritorial Selbstverwaltung;autonomia funzionale;hom
Die Eintragung in die zusätzliche Wählerliste gilt von dem Tag an, an dem der Staatsbürger nach den geltenden Gesetzen in das Personenstandsregister der ansässigen Bevölkerung der Zuwanderungsgemeinde im Gebiet der  Region Trentino-Südtirol eingetragen wird.;Wählerliste;lista elettorale;hom
Die Einweisung in eine Trinkerheilanstalt schränkt die durch das ungeschriebene Verfassungsrecht des Bundes gewährleistete persönliche Freiheit des Betroffenen erheblich ein.;Einweisung;assegnazione;hom
Die Einwilligung ist frei, wenn sie ohne Irrtum, List oder Zwang zustande gekommen ist.;Zwang;violenza;hom
Die Einzelgläubiger eines der Ehegatten können sich, auch wenn die Forderung vor der Eheschließung entstanden ist, subsidiär aus den Sachen der Gütergemeinschaft bis zu dem Wert, der dem Anteil des verpflichteten Ehegatten entspricht, befriedigen.;Einzelgläubiger;creditore particolare;hom
Die Entscheidung darüber, ob eine innerhalb der Frist erfolgte Bewerbung der Auslobung entspricht oder welche von mehreren Bewerbungen den Vorzug verdient, ist durch die in der Auslobung bezeichnete Person, in Ermangelung einer solchen durch den Auslobenden zu treffen.;Vorzug;precedenza;hom
Die Entschädigung wird vom Richter unter Würdigung aller Umstände festgesetzt, darf aber den Betrag nicht übersteigen, der dem Lohn des Arbeitnehmers für sechs Monate entspricht. Schadenersatzansprüche aus einem anderen Rechtstitel sind vorbehalten.;Rechtstitel;titolo;hom
Die Erklärung der Brautleute, den anderen zum Ehemann beziehungsweise zur Ehefrau zu nehmen, kann weder an eine Befristung noch an eine Bedingung geknüpft werden.;Befristung;termine;hom
Die Erklärung, nur Verträge mit den Personen zu vermitteln, welche die einzelnen Reiseleistungen ausführen sollen (Leistungsträger), bleibt unberücksichtigt, wenn nach den sonstigen Umständen der Anschein begründet wird, dass der Erklärende vertraglich vorgesehene Reiseleistungen in eigener Verantwortung erbringt.;Verantwortung;responsabilità;hom
Die Ernennung der Friedensrichter und ihrer Stellvertreter, die Erklärung des Amtsverlustes, die Entlassung und die Amtsenthebung erfolgen durch den Präsidenten der Region auf Grund einer Delegierung durch den Präsidenten der Republik unter Beachtung der übrigen einschlägigen Bestimmungen der Gerichtsordnung.;Delegierung;delegazione;hom
Die Ernennungsurkunde ist zur Kenntnisnahme an den in Artikel 3 genannten Schriftführer zu senden.;Ernennungsurkunde;atto di nomina;hom
Die Ersatzerben haben die den eingesetzten Erben auferlegten Pflichten zu erfüllen, es sei denn, daß der Erblasser einen anderen Willen zum Ausdruck gebracht hat oder daß es sich um Verpflichtungen persönlicher Art  handelt.;Ersatzerbe;sostituito;hom
Die Ersatzerklärung laut Absatz 1 kann folgende Gegebenheiten persönlicher Natur betreffen:Unbescholtenenstand oder Fehlen von Verurteilungen wegen bestimmter Vergehen Fehlen von Verfahren zur Verhängung von Maßnahmen zur Verhütung der Kriminalität, unbeschadet der besonderen Bestimmungen über die Mafiaverbrechensbekämpfung .;Maßnahme zu Verhütung der Kriminalität;misura di prevenzione;hom
Die Ersitzung wird durch Vornahme oder Beantragung einer gerichtlichen oder behördlichen Vollstreckungshandlung unterbrochen.;Vollstreckungshandlung;atto esecutivo;hom
Die Exekution auf Geldforderungen des Verpflichteten erfolgt durch Pfändung und Überweisung.;Exekution auf Geldforderungen;espropriazione presso terzi;hom
Die Fahrschulbewilligung  darf nur erteilt werden, wenn a) die für die theoretische und praktische Ausbildung von Fahrschülern erforderlichen Räume und die Mittel für Lehrpersonen, Lehrbehelfe und Schulfahrzeuge sichergestellt sind, .;Fahrschulbewilligung;autorizzazione;hom
Die Feststellung der Sprachkenntnisse nach Abs. 3 erfolgt vor der Ernennung, der Versetzung oder der Auftragserteilung. Das diesbezügliche Verfahren wird in einer entsprechenden Verordnung festgelegt.;Verordnung;ordinanza;hom
Die Finanzbehörden können Ausnahmen von der Mitteilungspflicht zulassen, wenn die Zahlungen geringe oder keine steuerliche Bedeutung haben.;Mitteilungspflicht;obbligo di comunicazione;hom
Die Finanzierungen zu Lasten des ordentlichen Fonds, des Fonds für Investitionen und des Ausgleichsfonds werden in vier gleichen Raten zugewiesen.;Fonds;fondo;hom
Die Forderungen bezüglich der Abfertigung sowie der Entschädigung gemäß Artikel 2118 werden im Falle der fruchtlosen Vollstreckung auf die beweglichen Sachen hilfsweise mit Vorrang gegenüber den nicht bevorrechtigten Forderungen im Erlös aus den Liegenschaften untergebracht.;Vollstreckung;esecuzione;hom
Die Form der Gegenüberstellung zum Zweck der Identifizierung und ihren Zeitpunkt bestimmt der Richter, zB die Kleidung  oder eine Veränderung der Haar- oder Barttracht .;Identifizierung;riconoscimento;hom
Die Freiheitsstrafe ist zeitig, wenn das Gesetz nicht lebenslange Freiheitsstrafe androht. Das Höchstmaß der zeitigen Freiheitsstrafe ist fünfzehn Jahre, ihr Mindestmaß ein Monat.;Freiheitsstrafe;arresto;hom
Die Freiwilligen des Landeszivildienstes erhalten monatlich eine Spesenrückvergütung, die vom Träger vorgestreckt wird.;Spesenrückvergütung;rimborso delle spese;hom
Die Fremdunterbringung des Kindes darf nur in Ausnahmefällen (ultima ratio) ausgeordnet werden, uzw nur dann, wenn auch die Unterstützung und Hilfe durch die Sozialdienste zu keiner Besserung der Situation des Kindes führen .;Fremdunterbringung;affidamento;hom
Die Gemeindebehörden führen für jeden Wahlbezirk ein Verzeichnis der Wahlberechtigten.;Verzeichnis der Wahlberechtigten;lista elettorale;hom
Die Gemeinden sind befugt, Lizenzen für das Platzfuhrwerk-Gewerbe zu erteilen.;Lizenz;licenza;hom
Die Gemeinschaft der Stockwerkeigentümer kann unter ihrem Namen klagen und betreiben sowie beklagt und betrieben werden.;Gemeinschaft der Stockwerkeigentümer;condominio;hom
Die Gemeinschaft der Wohnungseigentümer übt die sich aus dem gemeinschaftlichen Eigentum ergebenden Rechte sowie solche Rechte der Wohnungseigentümer aus, die eine einheitliche Rechtsverfolgung erfordern, und nimmt die entsprechenden Pflichten der Wohnungseigentümer wahr.;Gemeinschaft der Wohnungseigentümer;condominio;hom
Die Gerichtsbarkeit in bürgerlichen Rechtssachen wird, soweit dieselben nicht durch besondere Gesetze vor andere Behörden oder Organe verwiesen sind, durch Bezirksgerichte, Bezirksgerichte für Handelssachen, Landesgerichte, Handelsgerichte, durch Oberlandesgerichte und durch den Obersten Gerichtshof (ordentliche Gerichte) ausgeübt.;Gerichtsbarkeit;giurisdizione;hom
Die Gerichtsbarkeit und die Zuständigkeit bestimmen sich nach der Gesetzeslage und Sachlage im Zeitpunkt der gerichtlichen Geltendmachung des Anspruchs, und spätere Änderungen der Gesetzeslage oder der Sachlage haben auf sie keinen Einfluß.;Gerichtsbarkeit;giurisdizione;hom
Die Geschäfte mit gemischten Tätigkeiten, welche der Verwaltungsermächtigung der Gemeinde unterliegen, beachten die Geschäftszeiten für die vorwiegende Tätigkeit. Unterschiedliche Geschäftszeiten sind nicht zulässig.;Verwaltungsermächtigung;autorizzazione;hom
Die Geschäftsordnung des Regionalrates und jene des Südtiroler Landtages bestimmen Näheres zur Einbringung des Antrages auf Abstimmung nach Sprachgruppen .;Geschäftsordnung;regolamento;hom
Die Gesellschaft ist verpflichtet, die Gründer von den eingegangenen Verbindlichkeiten zu befreien und ihnen die gemachten Aufwendungen zu ersetzen, wenn sie zur Gründung der Gesellschaft notwendig waren oder von der Versammlung genehmigt worden sind.;Versammlung;assemblea;hom
Die Gesellschaft wird durch die Geschäftsführer gerichtlich und außergerichtlich vertreten.;Geschäftsführer;amministratore;hom
Die Gesetzgebung ist an die verfassungsmäßige Ordnung, die vollziehende Gewalt und die Rechtsprechung sind an Gesetz und Recht gebunden.;Rechtsprechung;giurisdizione;hom
Die Gesuche um Teilnahme an den Wettbewerben müssen nach den in der Ausschreibung festgelegten Vorschriften direkt beim zuständigen Amt eingereicht oder mit der Post dorthin geschickt werden.;Gesuch;domanda;hom
Die Gesundheitsbescheinigungen müssen eine individuelle Identifizierungsnummer tragen. Besteht eine Gesundheitsbescheinigung aus mehreren aufeinanderfolgen-den Seiten, so ist jede Seite mit der Identifizierungsnummer sowie mit der Unterschrift der unterzeichnungsberechtigten Person und dem amtlichen Stempel zu versehen.;Identifizierungsnummer;codice di identificazione;hom
Die Gründungsurkunde und die Satzung haben die Bezeichnung der Körperschaft, Angaben über den Zweck, das Vermögen und den Sitz sowie Bestimmungen über die Verfassung und Verwaltung zu enthalten.;Gründungsurkunde;atto costitutivo;hom
Die Gutachterkosten sind auf einen Fachmann für jedes einzelne mit dem Gutachten zusammenhängende Fachgebiet oder jeden speziellen Bereich beschränkt.;Gutachten;perizia;hom
Die Hauptflicht des Versicherungsnehmers besteht in der Zahlung der Versicherungsprämie samt Versicherungssteuer .;Versicherungsprämie;premio;hom
Die Hauptverhandlung schließt mit der auf die Beratung folgenden Verkündung des Urteils.;Beratung;deliberazione della sentenza;hom
Die Hochschulen dienen dem weiterbildenden Studium und entwickeln Veranstaltungen der Weiterbildung.;Weiterbildung;aggiornamento;hom
Die Informatiksicherheit stellt die Vertraulichkeit, Verfügbarkeit, Integrität und Nachvollziehbarkeit bei der elektronischen Bearbeitung von Informationen sicher.;Verfügbarkeit;disponibilità;hom
Die Informationspflicht hinsichtlich der Netzdaten kann in der Weise erfüllt werden, dass diese einem sachverständigen Dritten übergeben werden (Gutachter).;Informationspflicht;obbligo di informazione;hom
Die Infrarotstrahlung wird als Wärmestrahlung wahrgenommen und befindet sich im elektromagnetischen Spektrum im Wellenlängenbereich von 750 nm bis zu 1000 nm.;Infrarotstrahlung;IR;hom
Die Kapitalgesellschaften (GmbH, AG und KGaA) unterscheiden sich gesellschaftsrechtlich von Personengesellschaften dadurch, daß sie juristische Personen sind.;Kapitalgesellschaft;società di capitali;hom
Die Klage auf gerichtliche Feststellung der unehelichen Vaterschaft oder Mutterschaft ist nur zulässig, wenn besondere Umstände vorliegen, die sie als gerechtfertigt erscheinen lassen.;Klage;azione;hom
Die Klage ist auf Unterlassung künftiger Störungen bzw auf Duldung der Ausübung, auf Wiederherstellung durch Beseitigung der vom Störer verursachten Beeinträchtigungen und auf Schadenersatz nach den allgemeinen Regeln gerichtet.;Duldung;tolleranza;hom
Die Klage kann in allen  vorgesehenen Fällen durch den anderen Ehegatten nicht eingebracht werden, wenn er wegen Teilnahme an der strafbaren Handlung verurteilt wurde oder wenn die eheliche Lebensgemeinschaft wieder aufgenommen wurde.;eheliche Lebensgemeinschaft;convivenza;hom
Die Klage kann nach Ablauf eines Jahres ab der Verweigerung der Eheschließung nicht mehr erhoben werden.;Verweigerung;rifiuto;hom
Die Klägerin schloss mit der beklagten Versicherungsgesellschaft für ihre Liegenschaft einen Bündelversicherungsvertrag ab, dem  die Allgemeinen Bedingungen für die Leitungswasserversicherung (AWB), die Versicherungsbedingungen für „Außergewöhnliche Naturereignisse“  und die Ergänzenden Bedingungen für den „ZuHaus-Komfortschutz“  zugrunde liegen.;Versicherungsgesellschaft;assicuratore;hom
Die Konservierung konzentriert sich auf die Erhaltung der überlieferten Substanz, wobei die authentischen Eigenschaften des Objektes durch den Eingriff möglichst wenig verändert werden sollten.;Konservierung;conservazione dei beni culturali;hom
Die Konzession ist mit der Auflage verbunden, im Konzessionsgebiet alle oder bestimmte Dienste der Grundversorgung  allen Bevölkerungskreisen anzubieten.;Konzession;concessione;hom
Die Kosten des Rechtsmittelverfahrens sind der obsiegenden Partei ganz oder teilweise aufzuerlegen, wenn sie auf Grund eines neuen Vorbringens obsiegt, das sie in einem früheren Rechtszug geltend zu machen imstande war.;Rechtsmittelverfahren;impugnazione;hom
Die Kosten des Unterhalts umfassen bei minderjährigen Kindern auch die Kosten der Erziehung und bei volljährigen Kindern, die für einen Beruf ausgebildet oder in ihrem Beruf fortgebildet werden, auch die Kosten der Berufsausbildung oder der Berufsfortbildung.;Berufsfortbildung;aggiornamento;hom
Die Ladung des Beklagten geschieht durch Zustellung einer schriftlichen Ausfertigung des über die Klage ergehenden Beschlusses unter gleichzeitiger Mitteilung eines Exemplares der schriftlichen Klage oder einer Abschrift des über die Klage aufgenommenen Protokolles .;Klage;azione;hom
Die Ladung zu einem Termin wird von Amts wegen veranlasst.;Ladung;convocazione;hom
Die Landesregierung bestimmt die Abfälle und die Arten der Verwertung von Abfällen, um Sekundärrohstoffe, Brennstoffe und Produkte zu erhalten .;Verwertung;recupero;hom
Die Landesregierung entscheidet darüber innerhalb von 30 Tagen, nötigenfalls mit der Annullierung der Konzession und mit dem unmittelbaren Erlaß der in Artikel 89 erwähnten Verfügungen.;Annullierung;annullamento;hom
Die Leasing-Rate richtet sich nach den Anschaffungskosten des Leasing-Objektes und der Leasing-Dauer.;Leasing-Objekt;bene;hom
Die Lebensgefährten sind somit einander insbesondere nicht zu Unterhaltsleistungen verpflichtet und es steht ihnen frei, die Gemeinschaft jederzeit aufzulösen.;Lebensgefährte;convivente;hom
Die Legislative ist in Österreich das Parlament, also Nationalrat und Bundesrat. Alle Bundesgesetze werden von den Abgeordneten des Parlaments beschlossen.;Legislative;potere legislativo;hom
Die Leistungsdichte (S) wird für sehr hohe Frequenzen benutzt, bei denen die Eindringtiefe in den Körper niedrig ist.;Leistungsdichte;S;hom
Die Leistungsdichte S ergibt sich aus dem Betrag des Kreuzproduktes von elektrischer Feldstärke E und magnetischer Feldstärke H. Sie wird ausgedrückt in Watt pro Quadratmeter (W/m²).;Leistungsdichte;S;hom
Die Leiterin oder der Leiter  entscheidet über die Zuteilung von Personal, Infrastruktur und anderen Ressourcen.;Leiter;dirigente;hom
Die Lichter der Ampeln für öffentliche Verkehrsmittel haben die Form eines weißen Balkens oder eines gelben Dreieckes auf schwarzem Hintergrund: Ein waagrechter weißer Balken bedeutet „Anhalten“, ein senkrechter gerader Balken bedeutet „Freie Fahrt geradeaus“ ….;Anhalten;arresto;hom
Die Mediation geht davon aus, dass die am Mediationsverfahren beteiligten Parteien unter Mitwirkung einer neutralen, unabhängigen und entsprechend ausgebildeten Fachperson, der Mediatorin bzw. des Mediators, eigenverantwortlich für ihren Konflikt eine gemeinsame Lösung suchen und sich einigen .;Mediator;mediatore;hom
Die Messinstrumente und Zählerstandorte von Wasserzählern liegen prinzipiell in den Gebäuden, kurz nach dem Eintreten der Anschlussleitung in das Gebäude. Vorzuziehen sind leicht zugängliche Gemeinschaftsräume wie Stiegenhäuser oder Heizräume.;Stiegenhaus;scala;hom
Die Miete kann für bestimmte Zeiträume in unterschiedlicher Höhe schriftlich vereinbart werden .;Zeitraum;periodo;hom
Die Mietparteien bieten sich gegenseitig Dienstleistungen an, die sie untereinander entsprechend ihren Möglichkeiten frei vereinbaren.;Mietpartei;locatario;hom
Die Miteigentümerversammlung kann mit der Mehrheit  sinnvolle Alternativen zur Durchführung des Eingriffs vorschreiben oder Vorsichtsmaßnahmen zum Schutz der Statik, der Sicherheit oder des architektonischen Charakters des Gebäudes zur Auflage machen .;Durchführung;esecuzione;hom
Die Mitglieder der Gemeindeleitstelle für den Zivilschutz werden vom Gemeinderat ernannt sie haben die Aufgabe, den Bürgermeister in der Vorhersage, in der Vorbeugung und in der Durchführung der im Katastrophenfall zu ergreifenden Maßnahmen zu unterstützen.;Bürgermeister;sindaco;hom
Die Mitglieder werden unter Personen ausgewählt, die im Rahmen eines Auswahlverfahrens ihre Kandidatur einreichen die Bekanntmachung dieses Verfahrens muss auf den Websites der Abgeordnetenkammer, des Senats und der Datenschutzbehörde mindestens 60 Tage vor der Ernennung veröffentlicht werden.;Ernennung;atto di nomina;hom
Die Mitgliederversammlung ist in den durch die Satzung bestimmten Fällen sowie dann zu berufen, wenn das Interesse des Vereins es erfordert.;Mitgliederversammlung;assemblea;hom
Die Mitgliederversammlung von Vereinen ist von den Verwaltern einmal im Jahr zur Genehmigung des Jahresabschlusses einzuberufen.;Mitgliederversammlung;assemblea;hom
Die Nichtigerklärung des Vertrages kann nur von der Partei, in deren Interesse sie vom Gesetz festgesetzt ist, beantragt werden.;Nichtigerklärung;annullamento;hom
Die Nichtigkeit oder die Nichtigerklärung des Arbeitsvertrages hat keine Wirkung für die Zeit, während der das Arbeitsverhältnis zur Ausführung gelangt ist, es sei denn, daß die Nichtigkeit auf der Unerlaubtheit des Gegenstandes oder des Rechtsgrundes beruht.;Unerlaubtheit;illiceità;hom
Die Nichtigkeit von Urteilen, gegen welche Berufung oder Kassationsbeschwerde erhoben werden kann, kann nur im Rahmen dieser Rechtsmittel und nach den für diese geltenden Regeln geltend gemacht werden.;Rechtsmittel;impugnazione;hom
Die Notarkammer ist befugt, Notaren und Notarassessoren bei ordnungswidrigem Verhalten leichterer Art eine Ermahnung auszusprechen.;Ermahnung;richiamo;hom
Die Parteien können innerhalb der durch das Gesetz gezogenen Grenzen den Inhalt des Vertrages frei bestimmen.;Partei;contraente;hom
Die Pflicht, ein Abfallregister zu führen, haben Händler und Vermittler von Abfällen, mit oder ohne Besitz der Abfälle.;Vermittler von Abfällen;intermediario;hom
Die Planung im Bereich der öffentlichen Bauleistungen und der Lieferungen gliedert sich in Ebenen mit zunehmend detaillierten technischen Angaben, um die Qualität des Bauvorhabens oder der Lieferung und die Übereinstimmung mit dem jeweiligen Zweck zu gewährleisten.;öffentlich Bauleistung;lavori pubblici;hom
Die Preissumme beträgt je 25'000 Franken. Pro Jahr werden 10 Preise zugesprochen.;Preis;premio;hom
Die Präsidenten der legislativen Organe sind  Verwaltungsbehörden, soweit sie nicht Regierungs-, sondern Verwaltungsfunktionen wahrnehmen, z.B. Beamte ernennen, beurkunden u.ä. ….;Verwaltungsfunktion;funzione amministrativa;hom
Die Publizität bei der Einräumung bzw Übertragung von Sachenrechten wird grundsätzlich durch das Erfordernis eines Modus, der sich nach den für die betreffende Sache geltenden Bestimmung richtet (zB Übergabe bei beweglichen Sachen), gewährleistet.;Publizität;pubblicità;hom
Die Rechte des Käufers wegen Mangels sind ausgeschlossen , wenn er bei Vertragsschluss den Mangel kennt.;Mangel;vizio;hom
Die Rechtmäßigkeit der Ermächtigung ist nach der Beschlussfassung auf einer satzungs- und gesetzesmäßig einberufenen Hauptversammlung ohne Bedeutung.;gesetzesmäßig;legale;hom
Die Rechtshandlungen im engeren Sinne haben mit dem Rechtsgeschäft gemeinsam, daß sie Erklärungen sind, dh Aüßerungen, mit denen einem anderen etwas kundgetan werden soll.;Rechtshandlung;atto;hom
Die Rechtspflege wird nicht nur durch falsche persönliche Beweismittel, sondern auch durch falsche oder verfälschte sachliche Beweismittel gefährdet.;Rechtspflege;giustizia;hom
Die Rechtsprechung ist ordentlichen Richtern anvertraut, deren Einsetzung und Rechtstellung durch die Rechtsvorschirften zur Justizverfassung geregelt werden.;Rechtsprechung;giurisdizione;hom
Die Rechtswidrigkeit ist unabdingbare Voraussetzung für Sanktionen gegenüber dem Täter nur ein tatbestandsmässiges und rechtswidriges Verhalten begründet den Schuldvorwurf.;Rechtswidrigkeit;illiceità;hom
Die Rechtswirksamkeit dieses Gesetzes  ist bis zur Veröffentlichung des positiven Abschlusses der Kompatibilitätsprüfung seitens der Europäischen Kommission  ausgesetzt.;Rechtswirksamkeit;efficacia;hom
Die Resozialisierung dient auch dem Schutz der Gemeinschaft selbst: Diese hat ein unmittelbares Interesse daran, dass der Täter nicht wieder rückfällig wird und seine Mitbürger erneut schädigt .;rückfällig;recidivo;hom
Die Sachen in dem Staatsgebiete sind entweder ein Staats- oder ein Privatgut.;Sache;bene;hom
Die Satzungen der Kassenärztlichen Vereinigungen müssen Bestimmungen enthalten für die Fortbildung der Ärzte auf dem Gebiet der vertragsärztlichen Tätigkeit, das Nähere über die Art und Weise der Fortbildung sowie die Teilnahmepflicht.;Fortbildung;aggiornamento;hom
Die Satzungsgewalt der Universitäten und wissenschaftlichen Hochschulen ist teilweise in den Landesverfassungen ausdrücklich anerkannt.;Satzungsgewalt;autonomia statutaria;hom
Die Sicherheitsvorrichtung darf nicht die vorgesehenen Leistungseigenschaften oder die ordnungsgemäße Entsorgung des Produktes negativ beeinflussen die vorgesehene klinische Anwendung des Produktes verhindern oder nachteilig beeinflussen versehentlich unter den vorgesehenen Anwendungsbedingungen aktiviert werden können.;Sicherheitsvorrichtung;dispositivo di sicurezza;hom
Die Staatsanwaltschaft gibt, wenn sie erscheint, die Gründe für die Anhaltung oder Festnahme an und erläutert die Anträge, die die Freiheit der Person betreffen.;Anhaltung;arresto;hom
Die Staatsanwaltschaft und alle Beamten des Polizeidienstes sind gem. Abs. 2 auch dann zur Festnahme berechtigt, wenn zum einen die Voraussetzungen eines Haftbefehls (oder eines Unterbringungsbefehls nach § 126a) vorliegen.;Festnahme;arresto;hom
Die Staatsanwaltschaft und die Verteidiger der privaten Parteien dürfen erwidern eine Erwiderung ist nur einmal zulässig und muß sich in den zur Widerlegung der gegnerischen Argumente unbedingt notwendigen Grenzen halten.;Erwiderung;replica;hom
Die Statuten haben jedenfalls Organe zur gemeinsamen Willensbildung der Vereinsmitglieder (Mitgliederversammlung) sowie zur Führung der Vereinsgeschäfte und zur Vertretung des Vereins nach außen (Leitungsorgan) vorzusehen.;Vereinsmitglied;associato;hom
Die Stimmabgabe ist vom Vorsitzenden des Dienststellenwahlausschusses mit dem Ablaufe der festgesetzten Zeit für beendet zu erklären. Hierauf haben alle Personen mit Ausnahme der Mitglieder des Dienststellenwahlausschusses und der Wahlzeugen das Wahllokal zu verlassen.;Wahllokal;seggio elettorale;hom
Die Strafkammern erledigen außerdem die in der Strafprozeßordnung den Landgerichten zugewiesenen Geschäfte.;Strafkammer;sezione penale;hom
Die Strafverfolgung verjährt:  bei vollendeter Steuerhinterziehung zehn Jahre nach dem Ablauf der Steuerperiode, für die der Steuerpflichtige nicht oder unvollständig veranlagt wurde oder der Steuerabzug an der Quelle nicht gesetzmässig erfolgte, .;gesetzmässig;legale;hom
Die Todeserklärung begründet die Vermutung, daß der Verschollene in dem im Beschluß festgestellten Zeitpunkt gestorben ist. Dies gilt auch, wenn vor der Todeserklärung ein anderer Zeitpunkt im Sterbebuch eingetragen ist.;verschollener;assente;hom
Die Tourismusverbände sind befugt, Reservierungen, samt den dazugehörigen Leistungen, ohne eigene Verwaltungsbewilligung vorzunehmen, sofern sie sich auf das jeweilige Einzugsgebiet beschränken.;Verwaltungsbewilligung;autorizzazione;hom
Die Trauung ist öffentlich und findet in Anwesenheit von zwei volljährigen und urteilsfähigen Zeuginnen oder Zeugen statt.;Trauung;matrimonio;hom
Die Trennung der Ehegatten ist zulässig. Die Trennung kann eine gerichtliche oder einverständliche sein. Das Recht, die gerichtliche Trennung oder die Bestätigung der einverständlichen Trennung zu verlangen, steht ausschließlich den Ehegatten zu.;Trennung;separazione;hom
Die Treppen, welche zur Erreichung der normalen Arbeitsbereiche bestimmt sind, müssen so gebaut und erhalten werden, dass diese die Normallast bei einer Anhäufung von Personen in Notfallsituationen aufnehmen können.;Treppe;scala;hom
Die Umrechnung erfolgt nach dem Kurswert, der zur Zeit der Zahlung für den Zahlungsort maßgebend ist.;Zeit;tempo;hom
"Die Unterbringung in der Sicherungsverwahrung gemäß § 66 StGB ist ihrem Wesen nach keine ""Zusatzstrafe"" oder Strafschärfung für Rückfalltäter, sondern eine der zukünftigen Gefährlichkeit des Angeklagten entgegenwirkende Maßregel.";Rückfalltäter;recidivo;hom
Die Unterbringung in einer gerichtlichen Erziehungsanstalt wird bei einem Minderjährigen unter achtzehn Jahren, der Gewohnheitsverbrecher, gewerbsmäßiger Verbrecher oder Hangverbrecher ist, stets angeordnet .;Verbrecher;criminale;hom
Die Vaterschaftsbestreitungsklage seitens der Mutter muss innerhalb einer Frist von sechs Monaten ab der Geburt des Kindes eingebracht werden oder ab dem Tag, an dem sie Kenntnis von der Zeugungsunfähigkeit des Ehemanns zum Zeitpunkt der Empfängnis erhalten hat.;Frist;termine;hom
Die Verbindlichkeit erlischt, wenn die Parteien die ursprüngliche Verbindlichkeit durch eine neue Verbindlichkeit ersetzen, die einen anderen Gegenstand oder Rechtstitel hat.;Rechtstitel;titolo;hom
Die Vereinbarung der Parteien sieht bezüglich Mängeln der Software vor, dass diese während einer Garantiefrist von drei Monaten durch einen Programmservice der Beklagten nachzubessern seien.;Software;programma per elaboratore;hom
Die Vereinsversammlung beschliesst über die Aufnahme und den Ausschluss von Mitgliedern, wählt den Vorstand und entscheidet in allen Angelegenheiten, die nicht andern Organen des Vereins übertragen sind.;Vereinsversammlung;assemblea;hom
Die Vereinsversammlung wird durch die Gesamtheit der Mitglieder gebildet.;Vereinsversammlung;assemblea;hom
Die Vergabe von Aufträgen über Leistungen hat im Wege eines offenen Verfahrens, eines nicht offenen Verfahrens, eines Verhandlungsverfahrens, einer Rahmenvereinbarung, eines dynamischen Beschaffungssystems, eines wettbewerblichen Dialoges, einer Direktvergabe oder einer Direktvergabe mit vorheriger Bekanntmachung zu erfolgen.;Vergabe;affidamento;hom
Die Vergabe von öffentlichen Liefer-, Bau- und Dienstleistungsaufträgen erfolgt in offenen Verfahren, in nicht offenen Verfahren, in Verhandlungsverfahren oder im wettbewerblichen Dialog.;Vergabe;affidamento;hom
Die Vergütung für den Verwahrer wird mit Dekret des Bezirksgerichts, wenn die Bestellung durch den Gerichtsvollzieher erfolgt ist, und in jedem anderen Fall durch das Gericht, das ihn bestellt hat, festgesetzt.;Verwahrer;custode;hom
Die Verhandlung zur Erörterung der Streitsache erfolgt bei sonstiger Nichtigkeit öffentlich . Doch kann der die Verhandlung leitende Richter aus Gründen der Staatssicherheit, der öffentlichen Ordnung oder der Sittlichkeit den Ausschluß der Öffentlichkeit anordnen. .;Streitsache;causa;hom
Die Verjährung von Ansprüchen des Kindes gegen den Beistand ist während der Dauer der Beistandschaft gehemmt.;Dauer;tempo;hom
Die Verjährung wird durch die Anerkennung des Rechtes durch denjenigen unterbrochen, dem gegenüber dieses Recht geltend gemacht werden kann.;Anerkennung;riconoscimento;hom
Die Verjährung wird gehemmt durch  die Einreichung des Antrags bei einer Behörde, wenn die Zulässigkeit der Klage von der Vorentscheidung dieser Behörde abhängt und innerhalb von drei Monaten nach Erledigung des Gesuchs die Klage erhoben wird .;Gesuch;domanda;hom
Die Verjährungsfrist für den Ausgleich von Fehlern in der Liquidierung sowie den Ausgleich für Änderungen oder Richtigstellungen der mittleren Konzessionsnennleistung ist jene, die in den entsprechenden Staatsgesetzen festgelegt ist.;Richtigstellung;rettifica;hom
Die Verkürzung muß bis zum Zeitpunkt der Klagserhebung fortdauern.;Verkürzung;lesione;hom
Die Vernehmung eines Zeugen, Sachverständigen oder Mitbeschuldigten darf durch Verlesung von Niederschriften über eine frühere Vernehmung sowie von Urkunden, die eine von ihnen stammende schriftliche Äußerung enthalten, ersetzt werden.;Verlesung;lettura;hom
Die Verpflichtung zur Duldung des Notwegs tritt nicht ein, wenn die bisherige Verbindung des Grundstücks mit dem öffentlichen Weg durch eine willkürliche Handlung des Eigentümers aufgehoben wird.;Duldung;tolleranza;hom
Die Verschmelzung durch Aufnahme ist nur zulässig, wenn die Hauptversammlung jeder Gesellschaft sie beschließt.;Verschmelzung durch Aufnahme;assorbimento;hom
Die Verschmelzung mehrerer Gesellschaften kann durch Gründung einer neuen Gesellschaft oder durch Aufnahme einer oder mehrerer Gesellschaften in eine andere erfolgen.;Aufnahme;incorporazione;hom
Die Versäumung einer Prozesshandlung hat zur allgemeinen Folge, dass die Partei mit der vorzunehmenden Prozesshandlung ausgeschlossen wird.;Prozesshandlung;atto processuale;hom
Die Vertragsparteien werden nach Maßgabe ihres jeweiligen nationalen Rechts durch ihre zuständigen Behörden bei der Abwehr von Gefahren für die öffentliche Sicherheit und Ordnung sowie bei der Vorbeugung und Aufklärung von strafbaren Handlungen zusammenarbeiten.;öffentliche Sicherheit;ordine pubblico;hom
Die Verwaltung des gemeinschaftlichen Gegenstands steht den Teilhabern gemeinschaftlich zu.;gemeinschaftlicher Gegenstand;cosa comune;hom
Die Verwaltung kann sich im Verfahren durch eine Führungskraft oder einen eigens dazu delegierten Beamten vertreten lassen.;Führungskraft;dirigente;hom
Die Verwaltungskommission trägt die Verantwortung für die Gerichtsverwaltung. Sie ist zuständig für  die Gewährleistung einer angemessenen Fortbildung des Personals .;Fortbildung;aggiornamento;hom
Die Verwaltungsvorschriften sollen die richtige, zweckmäßige und einheitliche Ausübung der Verwaltungstätigkeit gewährleisten sie konkretisieren vielfach die oft nur sehr allgemeine Regelung des Gesetzes.;Verwaltungstätigkeit;funzione amministrativa;hom
Die Verwertung von Abfällen hat Vorrang vor deren Beseitigung.;Verwertung;recupero;hom
Die Verwirkung wird nur durch die Vornahme der vom Gesetz oder vom Vertrag vorgesehenen Rechtshandlung verhindert.;Verwirkung;decadenza;hom
Die Vorschriften über die Anfechtung der vor der Eröffnung des Verfahrens vorgenommenen Rechtshandlungen gelten auch für die Anfechtung von Rechtshandlungen, die nach der Eröffnung des Verfahrens vorgenommen worden sind .;Rechtshandlung;atto;hom
Die Vorschriften über die Wiedergutmachung wegen eines Irrtums des Gerichts finden, soweit sie vereinbar sind, Anwendung.;Wiedergutmachung;riparazione;hom
Die Vorschriftszeichen sind a) Verbots- oder Beschränkungszeichen, b) Gebotszeichen oder c) Vorrangzeichen.;Verbots- oder Beschränkungszeichen;segnale di divieto;hom
Die Wahlwerberlisten jedes Wahlkreises sind mit einer Erklärung vorzulegen, die von nicht weniger als 400 und nicht mehr als 600 Wählern unterzeichnet sein muß, die im jeweiligen Wahlkreis für die Wahl des Regionalrates das Recht zur Stimmabgabe besitzen.;Wahlwerberliste;lista elettorale;hom
Die Wahrnehmung von Treppen und besonders die Erkennbarkeit der Stufen ist von grundsätzlicher Bedeutung für die Sicherheit auf Treppen. Hierbei ist eine gute Allgemeinbeleuchtung erforderlich, die die Treppenstufen räumlich hervor hebt.;Treppenstufe;gradino;hom
Die Warnzeichen sind gelbe Dreiecke mit schwarzem Piktogramm und rotem Rand, Verbotszeichen sind als weiße Kreise mit schwarzem Piktogramm und rotem Rand und Gebotszeichen als blaue Kreise mit weißem Piktogramm zu gestalten.;Gebotszeichen;segnale di prescrizione;hom
Die Weiterbildung setzt nach dem Abschluss der Grundausbildung ein. Sie erhält und erweitert die Kernkompetenzen der Berufs- und Zeitmilitärs.;Weiterbildung;aggiornamento;hom
Die Wirkung von Infrarot-Strahlung (IR) beruht darauf, dass ihre Energie vom Körper aufgenommen wird.;Infrarot-Strahlung;IR;hom
Die Wähler geben  ihre Stimme persönlich im Wahllokal ab .;Wahllokal;seggio elettorale;hom
Die Zivilinvalidenrenten werden bis zum 67. Lebensjahr von der Agentur für soziale und wirtschaftliche Entwicklung ausbezahlt. Dann geht die Rente als Sozialrente auf das NISF/INPS über.;Zivilinvalidenrente;pensione di inabilità;hom
Die Zivilstandsbeamtin oder der Zivilstandsbeamte hört die Brautleute an und kann bei anderen Behörden oder bei Drittpersonen Auskünfte einholen.;Auskunft;informazione;hom
Die Zivilstandsbeamtin oder der Zivilstandsbeamte tritt auf das Gesuch nicht ein, wenn die Braut oder der Bräutigam offensichtlich keine Lebensgemeinschaft begründen, sondern die Bestimmungen über Zulassung und Aufenthalt von Ausländerinnen und Ausländern umgehen will.;Ausländer;straniero;hom
Die Zulassungsbescheinigung besteht aus einem Teil I und einem Teil II. Die Auflagen und behördlichen Eintragungen sind nur im Teil I enthalten.;Zulassungsbescheinigung;libretto;hom
Die Zustimmung der Vormundschaftsbehörde wird für folgende Fälle gefordert  Ermächtigung des Bevormundeten zum selbständigen Betrieb eines Berufes oder Gewerbes.;Ermächtigung;autorizzazione;hom
Die Sicherheitszeichen sind aus gegen Schlag und Umgebungsbedingungen möglichst widerstandsfähigem und witterungsbeständigem Material herzustellen.;widerstandsfähig;resistente;hom
Die aus der Verschmelzung hervorgehende Gesellschaft darf keine Aktien oder Anteile im Austausch für Aktien oder Anteile der an der Verschmelzung beteiligten Gesellschaften zuteilen .;aus der Verschmelzung hervorgehende Gesellschaft;società incorporante;hom
Die besondere Bedeutung, die das Rechtsinstitut der Begründung somit erwirbt, wird jedoch von den Ausführungen von Art. 7 Absatz 2 teilweise gemildert, der  die Rechtsvorschriften im allgemeinen sowie die Akte allgemeinen Inhalts von der Verpflichtung zur Begründung ausnimmt.;Verpflichtung zur Begründung;obbligo di motivazione;hom
Die der zweiten Stufe des Landesverzeichnisses zugehörenden Sicherheitsfachkräfte sind befugt, die Aufgaben der Sicherheitsfachkraft in Betrieben jeder Größe, wenn keine besondere Gefährdung vorliegt, bzw. in Betrieben mit einer Belegschaft bis zu 1600 Arbeitnehmern, wenn besondere Gefährdung vorliegt, wahrzunehmen.;Gefährdung;rischio;hom
Die deutsche Gerichtsbarkeit erstreckt sich auch nicht auf Repräsentanten anderer Staaten und deren Begleitung, die sich auf amtliche Einladung der Bundesrepublik Deutschland  aufhalten.;Gerichtsbarkeit;giurisdizione;hom
Die didaktische Autonomie betrifft die freie und planmäßige Auswahl von Unterrichtsverfahren, Medien, Organisationsformen, Unterrichtszeiten und jede weitere Initiative, die Ausdruck von Planungsfreiheit ist, einschließlich des Angebots von Wahlfächern und fakultativen Fächern.;didaktische Autonomie;autonomia didattica;hom
Die durch die strafbare Handlung verletzte Person gibt im Widerspruch, den sie gegen den von der Staatsanwaltschaft vorgebrachten Antrag auf Archivierung erhebt, die Beweiselemente an, die die Ablehnung des Antrags rechtfertigen.;Beweiselement;elemento;hom
Die durch dieses Gesetz geregelten Maßnahmen des Landes fördern  die Übernahme von Betrieben seitens der Arbeitergenossenschaften.;Übernahme;incorporazione;hom
Die elektrischen Anlagen, und zwar Erdungsanlagen, Blitzschutzanlagen und explosionsgeschützte Anlagen, sind nach den anerkannten Regeln der Technik zu planen, sofern vorgeschrieben, sowie in Betrieb zu setzen und zu halten.;anerkannt Regel der Technik;regole di buona tecnica;hom
Die elterliche Befugnis endet notwendig mit der Heirat des vermögenden Kindes.;Heirat;matrimonio;hom
Die fehlende Vertretungsmacht kann u.a. auf einer nicht, nicht mehr oder nicht wirksam erteilten Vollmacht beruhen bzw. einer Überschreitung der Vertretungsmacht durch den an sich bevollmächtigten Vertreter.;Überschreitung der Vertretungsmacht;eccesso di potere;hom
Die für die Entsorgungsanlage zuständige Behörde übersendet das Original des bestätigten Entsorgungsnachweises dem Abfallerzeuger sowie eine Ablichtung dem Abfallentsorger.;Abfallerzeuger;produttore;hom
Die gegenseitige Vertretung der Räte wird mit Verfügung des Sektionspräsidenten festgelegt.;Verfügung;ordinanza;hom
Die gemeinrechtliche Doktrin pflegte zu unterscheiden zwischen Prädialservituten  und Personalservituten . Diese Einteilung liegt auch dem ZGB zugrunde, wenn sie auch äusserlich nicht zum Ausdruck kommt.;Prädialservitut;servitù;hom
Die gemeinschaftliche Sache kann auch zugunsten eines Miteigentümers belastet werden.;gemeinschaftliche Sache;cosa comune;hom
Die gemeinschaftlichen Teile des Gebäudes sind nicht teilbar, es sei denn, eine Teilung lässt sich vornehmen, ohne dass sich der Gebrauch der Sache für die einzelnen Miteigentümer erschwert, und alle Teilhaber an der Miteigentümergemeinschaft sind mit der Teilung einverstanden.;Miteigentümergemeinschaft;condominio;hom
Die gerichtlichen Handlungen, welche die Zwangsvollstreckung in Forderungen und andere Vermögensrechte zum Gegenstand haben, erfolgen durch das Vollstreckungsgericht.;Zwangsvollstreckung in Forderungen und andere Vermögensrechte;espropriazione presso terzi;hom
Die gesetzesmäßig einberufene und ordnungsgemäß zusammengetretene Gesellschafterversammlung vertritt die Gesamtheit der Aktionäre.;gesetzesmäßig;legale;hom
Die getrennte Sammlung der Verpackungsabfälle bleibt zu Lasten der Erzeuger und Verwender.;Erzeuger;produttore;hom
Die in der strafrechtlichen Rechtsprechung anerkannte Bedingungs-(Äquivalenz-)theorie läßt als Ursache jede Bedingung genügen, die nicht hinweggedacht werden kann, ohne daß der konkrete Erfolg entfiele .;Ursache;causa;hom
Die intervenierende Person kann zur Unterstützung der Hauptpartei alle Prozesshandlungen vornehmen, die nach dem Stand des Verfahrens zulässig sind ….;Prozesshandlung;atto processuale;hom
Die jährlichen Höchstzahlen und Kontingente für erwerbstätige Ausländerinnen und Ausländer sind auf die gesamtwirtschaftlichen Interessen der Schweiz unter Berücksichtigung eines Vorranges für Schweizerinnen und Schweizer auszurichten die Grenzgängerinnen und Grenzgänger sind einzubeziehen.;Vorrang;precedenza;hom
Die klagende Partei hat auf Antrag der beklagten Partei für deren Parteientschädigung Sicherheit zu leisten .;Antrag;domanda;hom
Die lichte Breite von Treppen sowie die Höhe und Auftrittsbreite ihrer Stufen sind so zu bemessen, dass ein sicheres Begehen gewährleistet ist.;Treppe;scala;hom
Die nachfolgenden Grundrechte binden Gesetzgebung, vollziehende Gewalt und Rechtsprechung als unmittelbar geltendes Recht.;vollziehende Gewalt;potere esecutivo;hom
Die neue Datenschutz-Grundverordnung ändert und erweitert wesentlich die Inhalte des Informationsblattes, welches von den Artikeln 13 und 14 der DSGVO geregelt wird.;Informationsblatt;informativa;hom
Die nichtnamentliche Meldung  muss unverzüglich erfolgen und dem Gesundheitsamt, in dessen Bezirk sich die Einrichtung befindet, spätestens 24 Stunden nach der Feststellung des Ausbruchs vorliegen.;Ausbruch;focolaio;hom
Die optische Strahlung umfasst die Infrarotstrahlung (IR), das für den Menschen sichtbare Licht (VIS) und die ultraviolette Strahlung (UV).;IR;IR;hom
Die optische Strahlung umfasst die Infrarotstrahlung (IR), das für den Menschen sichtbare Licht (VIS) und die ultraviolette Strahlung (UV).;VIS;VIS;hom
Die präventive Konservierung ist ein kontinuierlicher Prozess, der über die gesamte Lebensdauer von Kulturgütern geht und nicht mit einer intervenierenden Behandlung zu beenden ist.;präventive Konservierung;prevenzione;hom
Die rechtlichen Tatsachen können verschiedener Art sein: Man unterscheidet zwischen Naturereignissen, menschlichen Handlungen, Eigenschaften und rechtlichen Verhältnissen.;menschlich Handlung;atto;hom
Die schriftliche Begutachtung kann durch die Verwertung eines gerichtlich oder staatsanwaltschaftlich eingeholten Sachverständigengutachtens aus einem anderen Verfahren ersetzt werden.;Sachverständigengutachten;consulenza tecnica;hom
Die später hinzugetretenen Ursachen schließen den Kausalzusammenhang aus, wenn sie allein zur Herbeiführung des Erfolgs ausreichend waren.;Ursache;causa;hom
Die systematische Analyse der Gefährdungen an unterschiedlichen Arbeitsplätzen und bei verschiedenen Tätigkeiten ist ein Kerngedanke im präventiven Konzept der Gefährdungsbeurteilung.;Gefährdung;rischio;hom
Die territoriale Zuständigkeit hinsichtlich der Beantragung von Visa der Kategorien A und C richtet sich nach dem rechtmäßigen Wohnsitz der Antragstellerin/des Antragstellers im Konsularbezirk der Vertretungsbehörde.;territoriale Zuständigkeit;competenza per territorio;hom
Die von einem der Miteigentümer unabhängig von den anderen vorgenommene Einräumung verpflichtet jedoch den Besteller und seine Erben oder Rechtsnachfolger, die Ausübung des eingeräumten Rechts nicht zu behindern.;Besteller;concedente;hom
Die vorzugsweise Befriedigung gilt auch zugunsten der Zinsen für das im Zeitpunkt der Pfändung oder, wenn eine solche nicht erfolgt, im Zeitpunkt der Zustellung der Leistungsaufforderung laufende Jahr.;Leistungsaufforderung;precetto;hom
Die wöchentliche Arbeitszeit kann auf die einzelnen Arbeitstage und die einzelnen Arbeitnehmer oder Gruppen von Arbeitnehmern gleichmässig oder zeitlich verschieden verteilt werden.;Arbeitnehmer;lavoratore;hom
Die zertifizierte elektronische Post (PEC) ist eine spezifische Mailform, durch die die Übermittlung (Übermittlungsbestätigung) und die erfolgte Zustellung (Zustellungsbestätigung) einer zwischen zwei zertifizierten elektronischen Postfächern gesendeten Nachricht bestätigt werden.;zertifizierte elektronische Post;PEC;hom
Die zuständige Behörde sieht von einer Strafverfolgung, einer Überweisung an das Gericht oder einer Bestrafung ab, wenn Schuld und Tatfolgen geringfügig sind.;Schuld;colpevolezza;hom
Die zuständige Behörde überprüft in regelmäßigen Abständen und in angemessenem Umfang Erzeuger von gefährlichen Abfällen, Anlagen und Unternehmen, die Abfälle entsorgen, sowie Sammler, Beförderer, Händler und Makler von Abfällen.;Makler von Abfällen;intermediario;hom
Die zuständige Bundesoberbehörde erteilt die Genehmigung schriftlich unter Zuteilung einer Genehmigungsnummer. Sie kann die Genehmigung mit Auflagen verbinden.;Genehmigung;autorizzazione;hom
Die »Präventive Konservierung« kann auch »vorbeugende Konservierung« genannt werden.;vorbeugende Konservierung;prevenzione;hom
Die Übermittlung des Gesuchs zur Ausnützung der Rangordnung hat im elektronischen Rechtsverkehr derart zu erfolgen, dass der Rangordnungsbeschluss im Papieroriginal längstens binnen einer Woche, jedenfalls aber innerhalb der Frist des § 55 GBG (einlangend bei Gericht) nachgereicht wird.;Übermittlung;trasmissione;hom
Die Übertragung von Verwaltungsbefugnissen des Staates kann mit einfachem Staatsgesetz geändert oder widerrufen werden, auch wenn sie durch dieses Gesetz erfolgt ist.;Übertragung;delega;hom
Die Überwachung des Post- und des Fernmeldeverkehrs bedarf der Genehmigung durch das Zwangsmassnahmengericht.;Genehmigung;autorizzazione;hom
Die öffentlichen Organe sind für ihre laufenden Archive und Zwischenarchive zuständig.;laufend Archiv;archivio corrente;hom
Die übernehmende Gesellschaft darf keine Aktien oder Anteile im Austausch für Aktien oder Anteile der übertragenden Gesellschaften zuteilen, die den übertragenden Gesellschaften oder der übernehmenden Gesellschaft unmittelbar oder über Treuhandgesellschaften oder über eine vorgeschobene Person gehören.;übernehmende Gesellschaft;società incorporante;hom
Dienste zum Verkauf von Waren und Dienstleistungen und für den Nutzer unentgeltliche Dienste .;Nutzer;destinatario;hom
Dies schließt Informationen aus, die als Teil eines Rundfunkdienstes über ein elektronisches Kommunikationsnetz an die Öffentlichkeit weitergeleitet werden, soweit die Informationen nicht mit einem bestimmten oder bestimmbaren Teilnehmer oder Nutzer, der sie erhält, in Verbindung gebracht werden können, ….;Teilnehmer;contraente;hom
Diese Beihilferegelung wird rechtswirksam, nachdem die Kommission gemäß Artikel 9 der Verordnung (EU) Nr. 702/2014 mittels einer Empfangsbestätigung und einer Identifikationsnummer den Erhalt der entsprechenden Kurzbeschreibung bestätigt hat.;Identifikationsnummer;codice di identificazione;hom
Dieser Artikel der Neuen Straßenverkehrsordnung gilt auch für Fahrzeuge und Fahrer der Staatspolizei, der Finanzwache, der Gefängnispolizei, des staatlichen Feuerwehrkorps, der Berufsfeuerwehren der autonomen Provinzen Trient und Bozen und der Region Aosta, ….;staatliches Feuerwehrkorps;Vigili del fuoco;hom
Dieses Gesetz Schweizerische Zivilprozessordnung regelt das Verfahren vor den kantonalen Instanzen für: a. streitige Zivilsachen b. gerichtliche Anordnungen der freiwilligen Gerichtsbarkeit c. gerichtliche Angelegenheiten des Schuldbetreibungs- und Konkursrechts d. die Schiedsgerichtsbarkeit.;Verfahren;giudizio;hom
Dieses Gesetz über die Rehabilitierung administrativ versorgter Menschen bezweckt, denjenigen Menschen Gerechtigkeit widerfahren zu lassen, die administrativ versorgt worden sind.;Gerechtigkeit;giustizia;hom
Durch den Frachtvertrag wird der Frachtführer verpflichtet, das Gut zum Bestimmungsort zu befördern und dort an den Empfänger abzuliefern.;Frachtvertrag;trasporto;hom
Durch den Fund kann Eigentum erworben werden an verlorenen Sachen.;Fund;invenzione;hom
Durch den Mietvertrag wird der Vermieter verpflichtet, dem Mieter den Gebrauch der Mietsache während der Mietzeit zu gewähren.;Mieter;locatario;hom
Durch den Verwahrungsvertrag wird der Verwahrer verpflichtet, eine ihm von dem Hinterleger übergebene bewegliche Sache aufzubewahren.;Verwahrungsvertrag;deposito;hom
Durch den Werkvertrag verpflichtet sich der Unternehmer zur Herstellung eines Werkes und der Besteller zur Leistung einer Vergütung.;Besteller;committente;hom
Durch den Werkvertrag wird der Unternehmer zur Herstellung des versprochenen Werkes, der Besteller zur Entrichtung der vereinbarten Vergütung verpflichtet.;Besteller;committente;hom
Durch die Annahme eines Auftrags verpflichtet sich der Beauftragte, ein ihm vom Auftraggeber übertragenes Geschäft für diesen unentgeltlich zu besorgen.;Auftraggeber;mandante;hom
Durch die Aufnahme eines Lebensgefährten in die Mietwohnung, wird dieser nicht Vertragspartner.;Lebensgefährte;convivente;hom
Durch die Erhebung der Klage wird die Rechtsanhängigkeit der Streitsache begründet.;Streitsache;causa;hom
Durch die mehrfachen Verstöße gegen das geltende Asylverfahrensgesetz werden die öffentliche Sicherheit und Ordnung i. S. v. § 45 Abs.1 AuslG maßgeblich beeinträchtigt sowie erhebliche Interessen der Bundesrepublik Deutschland berührt.;öffentliche Sicherheit;ordine pubblico;hom
Durch die unmittelbare und durch die mittelbare eigenmächtige Besitzergreifung erhält man nur so viel in Besitz, als wirklich ergriffen, betreten, gebraucht, bezeichnet, oder in Verwahrung gebracht worden ist .;Verwahrung;custodia;hom
Dämpfe entzündlicher Flüssigkeiten sind im Allgemeinen explosiv. Der Funke eines Lichtschalters oder einer elektrostatischen Entladung kann diese Dämpfe entzünden.;explosiv;esplosivo;hom
Dürfen dem Vertrag weitere Parteien beitreten und sind Art und Weise des Beitritts nicht bestimmt, so ist die Beitrittserklärung an die für die Ausführung des Vertrages eingesetzte Stelle oder, bei Fehlen einer solchen, an alle ursprünglichen Vertragsparteien zu richten.;Vertragspartei;contraente;hom
Eigenmerkmale von Verbotszeichen sind: Form: rund, schwarzes Piktogramm auf weißem Grund, Rand und Querbalken (von links nach rechts in einem Neigungswinkel von 45° zur Horizontalen) rot (die Sicherheitsfarbe Rot muss mindestens 35% der Oberfläche des Zeichens ausmachen).;Querbalken;banda;hom
Ein Amtsgutachten ist zuzulassen, wenn Erhebungen angestellt oder Daten oder Bewertungen eingeholt werden müssen, die eine besondere technische, wissenschaftliche oder künstlerische Fachkenntnis erfordern.;Amtsgutachten;perizia;hom
Ein Beschuldigter gilt als abwesend, wenn sein Aufenthalt unbekannt ist oder wenn er sich im Ausland aufhält und seine Gestellung vor das zuständige Gericht nicht ausführbar oder nicht angemessen erscheint.;abwesend;assente;hom
Ein Ehegatte ist berechtigt, den gemeinsamen Haushalt für solange aufzuheben, als seine Persönlichkeit, seine wirtschaftliche Sicherheit oder das Wohl der Familie durch das Zusammenleben ernstlich gefährdet ist.;Zusammenleben;convivenza;hom
Ein Ehegatte ist nicht verpflichtet, dem Verlangen des anderen Ehegatten nach Herstellung der Gemeinschaft Folge zu leisten, wenn sich das Verlangen als Missbrauch seines Rechts darstellt oder wenn die Ehe gescheitert ist.;Ehe;matrimonio;hom
Ein Ehegatte kann Aufhebung der Ehe begehren, wenn er zur Eingehung der Ehe widerrechtlich durch Drohung bestimmt worden ist.;widerrechtlich;illecito;hom
Ein Ehevertrag kann vor oder nach der Heirat geschlossen werden.;Heirat;matrimonio;hom
Ein Erschwerungsgrund ist es insbesondere, wenn der Täter  aus besonders verwerflichen Beweggründen gehandelt hat .;Beweggrund;motivo;hom
Ein Richter oder richterlicher Hilfsbeamter, dem ein Verhältnis bekannt wird, das ihn im gegebenen Falle nach dem Gesetze von der Ausübung richterlicher Geschäfte ausschließt, hat dieses dem Vorsteher des Gerichtes  unverzüglich anzuzeigen.;richterlicher Hilfsbeamter;ausiliario;hom
Ein Sparguthaben wird  nicht durch Übertragung des Eigentums am Sparbuch durch Übereignung des Sparbuches übertragen, sondern - soweit nicht die Satzung entgegensteht - durch Forderungsabtretung.;Sparbuch;libretto;hom
Ein Verein  erlangt Rechtsfähigkeit durch Eintragung in das Vereinsregister des zuständigen Amtsgericht.;Verein;associazione;hom
Ein Vergleich in zivilgerichtlichen Verfahren wegen Fälschung erzeugt keine Wirkung, wenn er nicht vom Landesgericht nach Anhörung des Staatsanwaltes bestätigt worden ist.;Fälschung;falso;hom
Ein Verhalten ohne Handlungswillen (Reflexbewegung, Handeln unter Hypnose oder im Schlaf, Handeln unter unmittelbaren körperlichen Zwang ) ist auch dann keine Willenserklärung, wenn es wie die Äußerung eines Rechtsfolgewillens erscheint.;unmittelbar körperlich Zwang;violenza fisica;hom
Ein Verwaltungsakt ist demjenigen Beteiligten bekannt zu geben, für den er bestimmt ist oder der von ihm betroffen wird.;Verwaltungsakt;provvedimento;hom
Ein Verwaltungsträger verfügt über Autonomie, wenn ihm in der Besorgung seiner Aufgaben eine erhebliche Entscheidungsfreiheit zusteht und diese Entscheidungsfreiheit dem Weisungszugriff der Aufsichtsbehörde entzogen bleibt. Das Mass der Autonomie richtet sich nach den einschlägigen Sachgesetzen.;Autonomie;autonomia;hom
Ein Vorzugspfandrecht am Miteigentumsanteil des Wohnungseigentümers sieht auch § 27 WEG zugunsten bestimmter Forderungen der Wohnungseigentümergemeinschaft und der anderen Miteigentümer vor.;Wohnungseigentümergemeinschaft;condominio;hom
Ein Wechsel im Bestand der Gemeinschaft führt zu einer Akkreszenz oder Dekreszenz bei den verbleibenden Gemeinschaftern.;Gemeinschafter;partecipante;hom
Ein Widerruf durch den Antragsteller ist allerdings so lange beachtlich, als die Offerte nicht wirksam geworden ist. Geht also der Widerruf dem Empfänger spätestens zugleich mit der Offerte zu, so tritt keine Bindung des Antragstellers ein.;Widerruf;revoca;hom
Ein allfälliger, von der Klägerin behaupteter Verstoß gegen spanische Bauvorschriften, weil die unterste Treppenstufe etwas niedriger war als die übrigen, ist nicht weiter zu erörtern, da dieser Umstand festgestelltermaßen nicht unfallskausal war.;Treppenstufe;gradino;hom
Ein durch vorsätzliches oder grob nachlässiges Verhalten im Dienst verursachter Schaden für die Verwaltung oder Dritte ist von den Verantwortlichen gemäß den geltenden Bestimmungen zu vergüten.;vorsätzlich;doloso;hom
Ein gerichtlicher Vergleich kann auch dadurch geschlossen werden, dass die Parteien dem Gericht einen schriftlichen Vergleichsvorschlag unterbreiten oder einen schriftlichen Vergleichsvorschlag des Gerichts durch Schriftsatz gegenüber dem Gericht annehmen.;gerichtlicher Vergleich;conciliazione;hom
Ein gültiger Vertrag liegt nicht vor, wenn sich die Parteien über wesentliche Vertragsbestandteile  nicht geeinigt haben .;wesentliche Vertragsbestandteile;essentialia negotii;hom
Ein minderjähriges Kind teilt den Wohnsitz der Eltern . Das Kind behält den Wohnsitz, bis es ihn rechtsgültig aufhebt.;rechtsgültig;legale;hom
Ein neues Verständnis und geschärftes Bewusstsein für die Komplexität der so genannten »passive Konservierung« oder »präventiven Konservierung« vom Lichtschutz bis zur Handhabung von Kulturgut gewinnt in vielen Museen allmählich an Boden.;passive Konservierung;prevenzione;hom
Ein schriftliches Sachverständigengutachten muss daher bei Gericht von der oder dem Sachverständigen eigenhändig unterschrieben auf Papier eingebracht werden. Der oder die Sachverständige hat außerdem das Rundsiegel beizufügen;Sachverständigengutachten;consulenza tecnica;hom
Ein unerlaubter Beweggrund macht die testamentarische Verfügung nichtig, wenn er aus dem Testament hervorgeht und der einzige ist, der den Erblasser zur Verfügung bestimmt hat.;unerlaubt;illecito;hom
Eine Ausdehnung der gemeinschaftlichen Teile ist nur mit Zustimmung der Interessierten und mit Billigung der Stockwerkeigentümergemeinschaft möglich .;Stockwerkeigentümergemeinschaft;condominio;hom
Eine Ausgleichung kann nicht verlangt werden, wenn für die Leistungen ein angemessenes Entgelt gewährt oder vereinbart worden ist oder soweit dem Abkömmling wegen seiner Leistungen ein Anspruch aus anderem Rechtsgrund zusteht.;Rechtsgrund;titolo;hom
Eine Ehenichtigerklärung allein aus dem Grund der Zugehörigkeit oder Nichtzugehörigkeit zu einer Religionsgemeinschaft steht aber jedenfalls in Widerspruch zu dem in § 6 IPR-Gesetz  verankerten österreichischen ordre public.;ordre public;ordine pubblico;hom
Eine Ersatzerklärung einer beeideten Bezeugungsurkunde über zukünftige Verpflichtungen, Verzicht, Haftungsübernahme u.Ä. ist nicht zulässig.;Ersatzerklärung einer beeideten Bezeugungsurkunde;autodichiarazione;hom
Eine Gliederung der Wählerschaft in andere Wahlkörper ist nicht zulässig.;Wählerschaft;elettorato;hom
Eine Handlung liegt zunächst vor, wenn ein Willensentschluss eine Körperbewegung hervogerufen hat . Man spricht hier von einer Handlung im natürlichen Sinn .;Handlung;atto;hom
Eine Stiftung kann von den Erben oder den Gläubigern des Stifters gleich einer Schenkung angefochten werden.;Stifter;fondatore;hom
Eine Verbindlichkeit besteht und kann erfüllt, gegebenenfalls auch gesichert, aufgerechnet werden.;Verbindlichkeit;obbligazione;hom
Eine Vergütung für die Aufbewahrung gilt als stillschweigend vereinbart, wenn die Aufbewahrung den Umständen nach nur gegen eine Vergütung zu erwarten ist.;Aufbewahrung;custodia;hom
Eine Verschlusssache ist  GEHEIM, wenn die Kenntnisnahme durch Unbefugte die Sicherheit der Bundesrepublik Deutschland oder eines ihrer Länder gefährden oder ihren Interessen schweren Schaden zufügen kann, .;GEHEIM;segreto;hom
Eine Verschlusssache ist  VS-VERTRAULICH, wenn die Kenntnisnahme durch Unbefugte für die Interessen der Bundesrepublik Deutschland oder eines ihrer Länder schädlich sein kann, .;VS-VERTRAULICH;RR;hom
Eine Wahl hat nicht nur das Ziel, eine Volksvertretung zu schaffen, die ein Spiegelbild der in der Wählerschaft vorhandenen politischen Meinungen darstellt, sondern sie soll auch ein funktionsfähiges Organ hervorbringen.;Wählerschaft;elettorato;hom
Eine Wiederaufnahme aus dem Grunde, daß das Urteil mit verfahrensrechtlichen oder materiellrechtlichen Fehlern behaftet ist, daß die Beweiswürdigung verfehlt ist oder daß die Strafe innerhalb desselben Strafsatzes zu milde oder zu strenge bemessen wurde, ist ausgeschlossen .;Wiederaufnahme;revisione;hom
Eine Zustellung oder Mitteilung an die letzte den Behörden bekannte Adresse von Asylsuchenden oder von diesen Bevollmächtigten wird nach Ablauf der ordentlichen siebentägigen Abholfrist rechtsgültig, .;rechtsgültig;legale;hom
Eine durch Vertrag oder Gesetz bestimmte Frist ist vorbehaltlich anderer Festsetzung so zu berechnen, daß bei einer nach Tagen bestimmten Frist der Tag nicht mitgezählt wird, in welchen das Ereignis fällt, von dem der Fristenlauf beginnt.;Ereignis;evento;hom
Eine natürliche Person darf nicht mehr als eine Identifikationsnummer erhalten. Jede Identifikationsnummer darf nur einmal vergeben werden.;Identifikationsnummer;codice di identificazione;hom
Eine umfassende Beistandschaft wird errichtet, wenn eine Person, namentlich wegen dauernder Urteilsunfähigkeit, besonders hilfsbedürftig ist.;umfassende Beistandschaft;tutela;hom
Eine vorsätzliche unrichtige Bezeichnung des Urhebers der beanstandeten Äußerungen haben die Kläger der Beklagten im Verfahren erster Instanz aber nicht vorgeworfen.;vorsätzlich;doloso;hom
Einem Unternehmen, das in einem anderen Mitglied- oder Vertragsstaat die Erlaubnis zum Geschäftsbetrieb erhalten oder beantragt hat, kann auf Antrag widerruflich genehmigt werden, dass es von der Verpflichtung befreit wird, im Inland eine Kaution zu stellen ….;Kaution;cauzione;hom
Einem abwesenden oder flüchtigen Beschuldigten, der sich gegen sicheres Geleit dem Gerichte stellen zu wollen bereit erklärt, kann dieses Geleit vom Bundesministerium für Justiz  erteilt werden .;abwesend;assente;hom
Einige Chemikalien sind karzinogen, sie können also Krebs erzeugen oder die Krebshäufigkeit erhöhen.;karzinogen;cancerogeno;hom
Einreden, die der Forderung des Abtretenden entgegenstanden, kann der Schuldner auch gegen den Erwerber geltend machen, wenn sie schon zu der Zeit vorhanden waren, als er von der Abtretung Kenntnis erhielt.;Zeit;tempo;hom
Einträge von Schadstoffen, für die keine Vorsorgewerte festgesetzt sind, sind  soweit technisch möglich und wirtschaftlich vertretbar zu begrenzen. Dies gilt insbesondere für die Stoffe, die nach der Gefahrstoffverordnung als krebserzeugend, erbgutverändernd oder fortpflanzungsgefährdend eingestuft sind.;erbgutverändernd;mutageno;hom
Einzutragen sind  die Klagen auf Kürzung von Schenkungen und testamentarischen Verfügungen wegen Verletzung des Pflichtteils.;Verletzung;lesione;hom
Eltern ohne elterliche Sorge sollen über besondere Ereignisse im Leben des Kindes benachrichtigt und vor Entscheidungen, die für die Entwicklung des Kindes wichtig sind, angehört werden.;Entscheidung;decisione;hom
Eltern ohne elterliche Sorge sollen über besondere Ereignisse im Leben des Kindes benachrichtigt und vor Entscheidungen, die für die Entwicklung des Kindes wichtig sind, angehört werden.;Ereignis;evento;hom
Emissionen sind möglichst nahe am Ort ihrer Entstehung möglichst vollständig zu erfassen und so abzuleiten, dass keine übermässigen Immissionen entstehen.;Emissionen;emissione;hom
Entlang internationaler Strecken, Autobahnen und erstrangiger Freilandstraßen und deren Zufahrten sowie in deren Sichtweite ist jede Art von Werbung verboten.;Werbung;pubblicità;hom
Entscheidend ist, dass dem Leasingnehmer die Sache nicht übereignet, sondern lediglich zum Gebrauch überlassen wird.;Leasingnehmer;locatario;hom
Entsteht durch Anschwemmung, Anschüttung, Bodenverschiebung, Veränderungen im Lauf oder Stand eines öffentlichen Gewässers oder in anderer Weise aus herrenlosem Boden der Ausbeutung fähiges Land, so gehört es dem Kanton, in dessen Gebiet es liegt.;Anschwemmung;alluvione;hom
Erbringt der Schuldner freiwillig die Leistung, so hat er damit eine Verbindlichkeit erfüllt und kann nicht etwa das Geleistete mit der Begründung zurückverlangen, der Gläubiger habe keinen Anspruch gehabt.;Verbindlichkeit;obbligazione;hom
Erfolgt der Diskont durch Indossament eines Wechsels oder eines Bankschecks, so hat die Bank bei Nichteinlösung außer den aus dem Wertpapier erwachsenden Rechten auch Anspruch auf Rückgabe des vorgestreckten Betrags.;Diskont;sconto;hom
Erfordert die Bestandsache Ausbesserungen, die nicht vom Bestandnehmer zu tragen sind, hat dieser den Bestandgeber davon zu benachrichtigen.;Ausbesserung;riparazione;hom
Erfüllt der Schuldner die Verpflichtung nicht, eine Handlung vorzunehmen, deren Vornahme durch einen Dritten erfolgen kann, so ist der Gläubiger von dem Prozeßgericht des ersten Rechtszuges auf Antrag zu ermächtigen, auf Kosten des Schuldners die Handlung vornehmen zu lassen.;Handlung;azione;hom
Erfüllt die verpflichtete Person die Unterhaltspflicht nicht, so hilft eine vom kantonalen Recht bezeichnete Fachstelle der berechtigten Person auf Gesuch hin bei der Vollstreckung des Unterhaltsanspruchs in geeigneter Weise und in der Regel unentgeltlich.;Gesuch;domanda;hom
Erklärungen, die die Durchführung des durch Vermittlung des Agenten geschlossenen Vertrages betreffen, sowie Beanstandungen über die nicht gehörige Vertragserfüllung werden in gültiger Weise dem Agenten gegenüber vorgebracht.;Agent;agente;hom
Ermittlungen, Anordnungen und andere Verfahrenshandlungen im Verfahren wegen Straftaten können nach Maßgabe des Staatsanwaltschaftsgesetzes Bezirksanwälten übertragen werden, die unter Aufsicht und Leitung von Staatsanwälten stehen.;Verfahrenshandlung;atto processuale;hom
Ermächtigung und/oder Vollmacht bewirken keine Verpflichtung des Geschäftsbesorgers bzw. Bevollmächtigten und sind beide einseitige, empfangsbedürftige, nicht aber auch annahmebedürftige Rechtsgeschäfte.;Ermächtigung;autorizzazione;hom
Erscheint der Garant und erklärt sich bereit, den Rechtsstreit an Stelle des Garantienehmers zu übernehmen, kann dieser  seine Entlassung verlangen.;Garant;garante;hom
Erst mit der Bekanntgabe wird das Verwaltungsverfahren abgeschlossen und erlangt der Verwaltungsakt rechtliche Existenz.;Bekanntgabe;comunicazione;hom
Erst nach Absonderung (Separation) entsteht die Frage nach dem besonderen Eigentum an der Frucht.;Absonderung;separazione;hom
Erstausgabe, auch Begebung oder Erstplazierung genannt, von Effekten und effektenähnlichen Finanzinstrumenten, bzw. die Finanzinstrumente selber, sofern sie zu einer Begebung gehören.;Begebung;emissione;hom
Erster Titel: Die Entstehung der Obligationen - Erster Abschnitt: Die Entstehung durch den Vertrag;Abschnitt;capo;hom
Es dürfen nur Leitern verwendet werden, die insbesondere bezüglich Belastbarkeit und Standfestigkeit für die beabsichtigten Arbeiten geeignet sind.;Leiter;scala;hom
Es genügen berechtigte Zweifel an der Arbeitsfähigkeit für die vertraglich geschuldete Arbeitsleistung auf dem gegenwärtigen Arbeitsplatz.;Arbeitsfähigkeit;capacità lavorativa;hom
Es ist der Auftrag der Denkmalpflege, sich um unser bauliches Erbe zu kümmern und die besonderen Werte und Qualitäten von Baudenkmälern zu vermitteln.;Denkmalpflege;conservazione dei beni culturali;hom
Es kommt vielmehr darauf an, ob das Gesetz die Gültigkeit des in Rede stehenden Rechtsgeschäfts nur für den Fall anerkennen will, daß dieses die gesetzlich vorgeschriebene Form einhält .;gesetzlich vorgeschriebene Form;forma vincolata;hom
Es müsse verhindert werden, dass der Schadstoff durch die Kamine von Kehrichtverbrennungsanlagen austrete und über die Luft auf Böden und in Gewässer und damit in die Nahrungskette gelange.;Nahrungskette;catena alimentare;hom
Es müssen geeignete Stützgerüste und Vorsichtsmaßnahmen bei Untermauerungen angewandt werden und falls sich in der Nähe der Aushubarbeiten Fabriken oder Bauwerke befinden, bei denen die Fundament durch die Aushubarbeiten freigelegt oder geschwächt werden können.;Aushubarbeit;scavo;hom
Es verbleibt  die Notwendigkeit des Umsteigens oder Umladens an der Grundstücksgrenze unter Inanspruchnahme des Zugangsrechts über das Grundstück der Beklagten.;Zugangsrecht;accesso;hom
Es werden nur Ausgabenposten anerkannt, die in direktem Zusammenhang mit der Durchführung der Landesmeisterschaft des Handwerks und der Gastronomie stehen. Folgende Ausgabenposten sind zulässig: - Preise für Schülerwettbewerbe, die im Rahmen der Veranstaltung stattfinden ….;Preis;premio;hom
Es wird empfohlen jedem Lichtpunkt eine eindeutige Identifizierungsnummer zuzuweisen und jeden Lichtpunkt mit dieser Nummer zu versehen.;Identifizierungsnummer;codice di identificazione;hom
Fallen Versicherungsnehmer und Anspruchsinhaber auseinander, so spricht man von von einer Versicherung für fremde Rechnung;Versicherungsnehmer;contraente;hom
Falls sich aus den ärztlichen Untersuchungen an Arbeitnehmern, die in vergleichbarem Maß einen gleichen Arbeitsstoff ausgesetzt sind, eine Anomalie gibt, welche auf diese Exposition zurückgeführt werden kann, so verständigt der Betriebsarzt den Arbeitgeber.;Arbeitsstoff;agente;hom
Fehlen die Grenzzeichen zwischen aneinander grenzenden Grundstücken oder sind sie unkenntlich geworden, hat jeder der Egientümer das Recht zu verlangen, daß sie auf gemeinsame Kosten angebracht oder wieder eingesetzt werden .;Grenzzeichen;termine;hom
Fehlt dem Verein eines der vorgeschriebenen Organe oder das Mitgliederverzeichnis  oder verfügt er über kein Rechtsdomizil an seinem Sitz mehr, so kann ein Mitglied oder ein Gläubiger dem Gericht beantragen, die erforderlichen Massnahmen zu ergreifen.;Massnahme;provvedimento;hom
Fehlt einem Vermögen die nötige Verwaltung, so hat die Vormundschaftsbehörde das Erforderliche anzuordnen und namentlich in folgenden Fällen einen Beistand zu ernennen:  bei Ungewissheit der Erbfolge und zur Wahrung der Interessen des Kindes vor der Geburt.;Erbfolge;successione;hom
Findet das Revisionsgericht das Urtheil oder Verfahren wegen einer schon in erster Instanz unterlaufenen, von amtswegen wahrzunehmenden Nichtigkeit aufzuheben, so hat die Zurückweisung der Sache an die erste Instanz zu erfolgen (§. 478 Absatz 2 und 3).;Sache;causa;hom
Flure und Treppen sind an beiden Seiten mit festen Handläufen zu versehen.;Treppe;scala;hom
Folgende Begehren sind innerhalb der Einsprachefrist von 30 Tagen geltend zu machen: a. Einsprachen gegen die Enteignung e. die geforderte Enteignungsentschädigung.;Enteignungsentschädigung;indennizzo;hom
Form und Farbe der Zeichen sind - in Abhängigkeit vom jeweiligen Zweck (Verbotszeichen, Warnzeichen, Gebotszeichen, Erste-Hilfe- oder Rettungszeichen und Hinweiszeichen auf Material oder Ausrüstungen zur Brandbekämpfung) gesetzlich definiert.;Gebotszeichen;segnale di prescrizione;hom
Freiheitsstrafen werden auf Lebensdauer oder auf bestimmte Zeit verhängt. Die zeitliche Freiheitsstrafe beträgt mindestens einen Tag und höchstens zwanzig Jahre.;Freiheitsstrafe;arresto;hom
Fremde, die der Meldepflicht unterliegen und im Bundesgebiet einer Erwerbstätigkeit nachgehen, deren Ausübung an eine behördliche Erlaubnis gebunden ist, sind ungeachtet einer  bestehenden Meldepflicht auch bei der Meldebehörde an- und abzumelden.;behördliche Erlaubnis;autorizzazione;hom
Friaul - Julisch Venetien, Sardinien, Sizilien, Trentino - Alto Adige/Südtirol und Aostatal/Vallèe d‘Aoste verfügen über besondere Formen und Arten der Autonomie gemäß Sonderstatuten, die mit Verfassungsgesetz genehmigt werden.;Autonomie;autonomia;hom
Frösche und Kröten sind wichtige Glieder in der natürlichen Nahrungskette von Gewässerökosystemen.;Nahrungskette;catena alimentare;hom
Fund und Schatzfund wurden durch die SPG-Novelle 2002  neu geregelt.;Fund;invenzione;hom
Für DV und DL sind die grössten in der SN EN 50110-1 (ESTI-Weisung Nr. 407) spezifizierten Distanzen zu wählen.;DL;DL;hom
Für Erfindungen, die neu sind , sich für den Fachmann nicht in naheliegender Weise aus dem Stand der Technik ergeben und gewerblich anwendbar sind, werden auf Antrag Patente erteilt.;Erfindung;invenzione;hom
Für Reisende, die nicht in einem Endemiegebiet leben, aber ein Endemie- oder Ausbruchsgebiet bereisen, kann nicht mit ausreichendem Impfschutz, mehr als 10 Jahre nach Gelbfiebererstimpfung gerechnet werden.;Ausbruchsgebiet;focolaio;hom
Für Tiere, die der natürlichen Nahrungskette unterliegen, ist ein Sichtschutz erforderlich.;Nahrungskette;catena alimentare;hom
Für Verbindlichkeiten, die durch die den Verein vertretenden Personen eingegangen worden sind, können sich Dritte wegen ihrer Ansprüche an das gemeinschaftliche Vermögen halten.;Verbindlichkeit;obbligazione;hom
Für alle Hauptverhandlungen gilt die Öffentlichkeitsmaxime, auch für die Hauptverhandlung vor dem Revisionsgericht  nicht auch für andere gerichtliche Verhandlungen .;Öffentlichkeitsmaxime;principio di pubblicità;hom
Für auswärtige Fahrzeuge, die schon mit neuen Fahrzeugpapieren ausgestattet sind, können nur noch Dienstleistungen erbracht werden, wenn die Zulassungsbescheinigung komplett (al­so Teil I und Teil II) vorgelegt wird. Ersatzbescheinigungen können nur die kennzeichenführenden Zulassungsbehörden ausstellen.;Zulassungsbescheinigung;libretto;hom
Für das Leasing ist typisch, dass der Leasinggeber den Leasinggegenstand vom Verkäufer erwirbt und ihn sodann im Rahmen des Leasingvertrages dem Leasingnehmer überlässt.;Leasinggeber;concedente;hom
Für die Abberufung eines Ersatzmitglieds gelten die Vorschriften über die Abberufung des Aufsichtsratsmitglieds, für das es bestellt ist.;Abberufung;revoca;hom
Für die Organisation der Gerichte und die Rechtsprechung in Zivilsachen sind die Kantone zuständig, soweit das Gesetz nichts anderes vorsieht.;Gericht;giudice;hom
Für die Zulassung zur Teilnahme des elektronischen Meldeverfahrens sind folgende Schritte erforderlich: 2. Erhalt einer individuellen Kennung und eines individuellen Passworts Kennung und Passwort sind für alle folgenden Mitteilungen zu verwenden und dürfen nicht weitergegeben werden ….;Kennung;codice di identificazione;hom
Für die Zulassung zu den verschiedenen Gattungen und Stufen der Schulen, für den Abschluß derselben und für die Befähigung zur Berufsausübung ist eine Staatsprüfung vorgeschrieben.;Staatsprüfung;esame di Stato;hom
Für die Zuteilung von Landtagssitzen ist ein Mindestanteil von fünf vom Hundert der im Land für alle Wahlvorschlagslisten abgegebenen gültigen Stimmen erforderlich.;Wahlvorschlagsliste;lista elettorale;hom
Für die  vorgesehene Abordnung gilt die Regelung des Landes für die Abordnung von Landespersonal zu anderen öffentlichen Verwaltungen.;Abordnung;comando;hom
Für die bloße Beteiligung an dem bewaffneten Haufen ist die Strafe Gefängnisstrafe von drei bis zu neun Jahren.;bewaffnet Haufen;banda;hom
Für die von einem der Teilhaber eingeräumten Hypotheken sind die im 4. Abschnitt des 3. Titels des 6. Buches enthaltenen Bestimmungen zu beachten.;Abschnitt;capo;hom
Für diese fiduziarische Treuhand sei charakteristisch, daß der Treuhänder nach außen hin (also Dritten gegenüber) als Vollberechtigter auftrete, im Innenverhältnis hingegen dem Treugeber obligatorisch verpflichtet sei, sein Eigentumsrecht im Interesse des Treugebers auszuüben.;fiduziarische Treuhand;fiducia;hom
Für jedes Unternehmen wird eine entsprechend eindeutige Kennziffer vergeben und die Stammmerkmale der Einheit den jeweiligen konstitutiven Quellregistern entnommen, wobei hierfür eine Rangordnung dieser Register angewendet wird.;Kennziffer;codice di identificazione;hom
Gebraucht der Täter in der Folge die von ihm gefälschte Urkunde selbst im Rechtsverkehr, so haftet er nur nach § 223 Abs 2 StGB die Fälschung stellt insoweit eine straflose, weil nachbestrafte Vortat dar.;Fälschung;falso;hom
Gegen den Verurteilten ist die Einziehung der Sachen zwingend anzuordnen, die zur Begehung der Straftat dienten oder dafür bestimmt waren sowie der Sachen, die den Lohn, das Ergebnis oder den Ertrag der Straftat bilden oder die deren Verwendung darstellen.;Ertrag;profitto;hom
Gegen eine analoge Anwendung der Rechtsprechung zum Fruchtgenussrecht auf Grunddienstbarkeiten spreche, dass eine Grunddienstbarkeit gerade kein allgemeines Verwertungsrecht beinhalte. Sie sei hinsichtlich der Ausübung an einen Nutzen für das herrschende Grundstück gebunden.;Nutzen;utilità;hom
Gegenstand des Beweises sind rechtserhebliche, streitige Tatsachen. Beweisgegenstand können auch Übung, Ortsgebrauch und, bei vermögensrechtlichen Streitigkeiten, ausländisches Recht sein.;ausländisch;straniero;hom
Gegenstände, wie Brillenfassungen, Augenschirme oder Kämme, aus leicht entzündlichen oder leicht brennbaren Kunststoffen, wie Zelluloid, dürfen bei Arbeiten, bei denen sie in Brand geraten können, nicht getragen werden.;Brand;incendio;hom
Gehörschutz ist so auszuwählen, dass die Leistungswerte den erforderlichen Schutz bieten, aber nach Möglichkeit eine akustische Isolation vermieden wird.;Gehörschutz;protezione dell'udito;hom
Gelingt die Versöhnung nicht, sind im Protokoll die Einwilligung der Ehegatten in die Ehetrennung und die sie selbst und die Kinder betreffenden Abmachungen zu beurkunden.;Versöhnung;conciliazione;hom
Gemäss dem Polizeirapport stand der Versicherte vor dem Absturz auf der zweitobersten Leiterstufe bzw. 241 cm über dem Betonboden.;Leiterstufe;gradino;hom
Gemäß Art. 33 der Verfassung ist die Universität autonom. Sie besitzt im Rahmen der Universitätsordnung Rechtspersönlichkeit sowie Autonomie in Lehre, Forschung, Organisation, Verwaltung und disziplinarischen Belangen.;Autonomie in Lehre;autonomia didattica;hom
Gemäß  Artenschutzverordnung, Anlage 2, seien Zwergdeckelschnecken gänzlich geschützt. Diese seien daher auch in der roten Liste der gefährdeten Tierarten als vom Aussterben bedroht ausgewiesen. Jede Tötung, Störung oder sonstige Beeinträchtigung sei daher absolut verboten.;Aussterben;estinzione;hom
Gemäß staatlicher gesetzlicher Verfügung (D.P.R. 309/90) haben die D.f.A. Dienste für Abhängigkeitserkrankungen eine zentrale Bedeutung im Hilfs- und Versorgungssystem: Ihnen fallen Prävention, Behandlung und Rehabilitation der Suchtpathologien zu.;Rehabilitation;recupero;hom
Gewohnheitsrecht darf nicht zu Lasten des Täters angewendet werden jedoch können gewohnheitsrechtliche oder durch Richterrecht übergesetzliche Rechtfertigungs- und Schuldausschließungsgründe entwickelt werden .;Gewohnheitsrecht;consuetudine;hom
Grundstücke im Sinne dieses Gesetzes sind: 1. die Liegenschaften 2. die in das Grundbuch aufgenommenen selbständigen und dauernden Rechte 3. die Bergwerke 4. die Miteigentumsanteile an Grundstücken.;Grundstück;fondo;hom
Grundsätzlich kann jeder Träger öffentlicher Gewalt zum Erlass von Verwaltungsverfügungen ermächtigt sein.;Verwaltungsverfügung;provvedimento;hom
Haben der Geklagte und der Kläger einen gleichen Titel ihres echten Besitzes, so gebühret dem Geklagten kraft des Besitzes der Vorzug.;Vorzug;precedenza;hom
Haben die Parteien den Bewegungsgrund, oder den Endzweck ihrer Einwilligung ausdrücklich zur Bedingung gemacht so wird der Bewegungsgrund oder Endzweck wie eine andere Bedingung angesehen.;Bewegungsgrund;motivo;hom
Handelsangestellte sind Personen, die im Geschäftsbetrieb eines Kaufmanns vorwiegend zur Leistung kaufmännischer Dienste (Handlungsgehilfen) oder höherer nichtkaufmännischer Dienste oder zu Kanzleiarbeiten angestellt ist, sofern das Dienstverhältnis die Erwerbstätigkeit des Angestellten hauptsächlich in Anspruch nimmt.;Handlungsgehilfe;commesso;hom
Handelsübliche Korrektionsbrillen haben keine Schutzwirkung. Deshalb muss der Unternehmer auch fehlsichtigen Versichertengeeigneten Augenschutz zur Verfügung stellen.;Augenschutz;protezione degli occhi;hom
Handelt es sich um das Verfahren betreffende Akten, wird, sofern diese durchführbar und wirksam sind, das Zugangsrecht auch während des Verfahrens gegenüber der Organisationseinheit ausgeübt, die zuständig ist, den abschließenden Akt zu erlassen oder ständig aufzubewahren.;Zugangsrecht;diritto di accesso;hom
Handelt es sich um verfahrensbezogene Akte, ist immer der Direktor verantwortlich, der zuständig ist, den abschließenden Akt zu erlassen oder diesen ständig aufzubewahren, oder der von ihm beauftragte Beamte, und zwar vorbehaltlich dessen, was Artikel 1 Absatz 4 bestimmt.;verfahrensbezogen Akt;atto procedimentale;hom
Handlung im Affekt (sog. „Kurzschlusshandlung“): die kurzschlüssige, direkte Umsetzung primitiv triebha fter, stark gefühlsbetonter Strebungen in die Tat, bei der eine denkende und willentliche Verarbeitung erschwert oder gar nicht möglich ist.;willentlich;volontario;hom
Handlungen, die mit Duldung einer anderen Person vorgenommen worden sind, können nicht als Grundlage für den Besitzerwerb dienen.;Duldung;tolleranza;hom
Hat der Antragende für die Annahme des Antrags eine Frist bestimmt, so kann die Annahme nur innerhalb der Frist erfolgen.;Frist;termine;hom
Hat der Erblasser für den wegfallenden Abkömmling einen Ersatzerben eingesetzt, so ist im Zweifel anzunehmen, daß dieser nicht mehr erhalten soll, als der Abkömmling unter Berücksichtigung der Ausgleichungspflicht erhalten würde.;Ersatzerbe;sostituito;hom
Hat die zu bevormundende Person oder deren Vater oder Mutter jemand als den Vormund ihres Vertrauens bezeichnet, so soll dieser Bezeichnung, wenn nicht wichtige Gründe dagegen sprechen, Folge geleistet werden.;Vertrauen;fiducia;hom
Hat sich eine Vertragspartei vertraglich den Rücktritt vorbehalten oder steht ihr ein gesetzliches Rücktrittsrecht zu, so sind im Falle des Rücktritts die empfangenen Leistungen zurückzugewähren und die gezogenen Nutzungen herauszugeben.;Vertragspartei;contraente;hom
"Heute setzt sich mehr und mehr die Auffassung durch, erster Zweck des Strafrechts sei die ""positive Generalprävention"" die nicht durch Abschreckung, sondern durch das Erlebnis der Gerechtigkeit  die Anerkennung und Befolgung der strafrechtlichen Verbote und Gebote fördere.";Gebot;comando;hom
Hingegen hindert ein Fehler in der Willensbildung nicht das Zustandekommen des Rechtsgeschäftes, sondern ermöglicht nur unter bestimmten Voraussetzungen seine nachträgliche Beseitigung durch Anfechtung.;Anfechtung;annullamento;hom
Hinsichtlich säumiger Zeugen ist im Vorverfahren wie folgt vorzugehen: .;säumig;contumace;hom
Hinterlegung oder Verwahrung liegt vor, wenn jemandem eine Sache zur Aufbewahrung anvertraut wird.;Aufbewahrung;custodia;hom
Hufbeschlagschmiedinnen und -schmiede betreiben ein Handwerk, d. h. sie arbeiten mit ihren Händen. Daher kommt auch dem Schutz der Hände eine besondere Bedeutung zu.;Schutz der Hände;protezione delle mani;hom
Häufig wird die Verhältniswahl. mit einer Mehrheitswahl verbunden, nach der die Kandidaten der einzelnen Wahlkreise gewählt werden, während die Sitze insgesamt nach dem Verhältnis der von den einzelnen Parteien erlangten Sitze verteilt werden .;Kandidat;candidato;hom
Im Anhang sind außer den in anderen Bestimmungen die Bewegungen des Anlagesvermögens anzuführen, wobei für jeden einzelnen Posten anzuführen sind: die Aufwendungen die vorehergehenden Aufwertungen, Abschreibungen und Abwertungen .;Abwertung;svalutazione;hom
Im Fall der unterlassenen Einberufung der Gesellschafterversammlung  ist über den gerichtlich bestellten Verwalter die  vorgesehene Strafe zu verhängen.;gerichtlich bestellt Verwalter;amministratore giudiziario;hom
Im Gesellschaftsvertrag kann bestimmt werden, daß der stille Gesellschafter nicht am Verlust beteiligt sein soll .;still Gesellschafter;associato;hom
Im Lagebericht sind der Geschäftsverlauf und die Lage des Unternehmens so darzustellen, daß ein möglichst getreues Bild der Vermögens-, Finanz- und Ertragslage vermittelt wird .;Lagebericht;relazione degli amministratori;hom
Im Lagebericht sind zumindest der Geschäftsverlauf und die Lage der Kapitalgesellschaft  darzustellen . Der Lagebericht soll auch eingehen auf  die voraussichtliche Entwicklung der Kapitalgesellschaft .;Lagebericht;relazione degli amministratori;hom
Im Rahmen der Service Level-Vereinbarungen werden Verfügbarkeits- und Performancevereinbarungen zwischen Cloud-Nutzerin bzw. Cloud-Nutzer und Cloud-Provider vereinbart und in den Dienstleistervertrag eingebunden.;Cloud-Provider;CSP;hom
Im Rechtsmittelverfahren ist die unentgeltliche Rechtspflege neu zu beantragen.;Rechtsmittelverfahren;impugnazione;hom
Im Rechtssinne spricht man von Selbstverwaltung, wenn öffentliche Verwaltungsaufgaben durch Träger der mittelbaren Staatsverwaltung eigenverantwortlich wahrgenommen werden (sog. eigener Wirkungskreis).;Selbstverwaltung;autonomia;hom
"Im Sinne dieser Verordnung  bedeutet ""korrekte Funktionsfähigkeit"": Wahrung der Vertraulichkeit, der Integrität und Verfügbarkeit der IKT-Infrastruktur.";Verfügbarkeit;disponibilità;hom
Im Sinne dieser Verordnung Handelsregisterverordnung gelten als: a. Gewerbe: eine selbstständige, auf dauernden Erwerb gerichtete wirtschaftliche Tätigkeit b. Rechtsdomizil: die Adresse, unter der die Rechtseinheit an ihrem Sitz erreicht werden kann.;Verordnung;regolamento;hom
Im Sozialrecht besteht grundsätzlich eine Pflicht zur Rücknahme mit Rückwirkung.;Rücknahme mit Rückwirkung;annullamento;hom
Im Strafverfahren herrscht das Prinzip der freien Beweiswürdigung. Damit ist das Gericht natürlcih nicht völlig frei in seiner Bewertung, sondern es muß im einzelnen begründen, warum es gerade diesem und nicht einem anderen Beweismittel Glauben schenkt..;Prinzip der freien Beweiswürdigung;principio del libero convincimento;hom
Im Verfahren vor Gerichtshöfen hat über den Antrag, wenn derselbe nicht während einer mündlichen Verhandlung gestellt wird, der Vorsitzende des Senates zu entscheiden, dem die Rechtssache zugewiesen ist.;Antrag;domanda;hom
Im Verfahren vor diesem Gericht üben die Parteien dieselben Rechte und Befugnisse aus, die ihnen vor dem ursprünglich zuständigen Gericht zugestanden wären.;Befugnis;facoltà;hom
Im Verfahrensrecht bedeutet das Prinzip der Öffentlichkeit, dass die Allgemeinheit bei Gerichtsverhandlungen, insbesondere bei Verkündungen von Urteilen und Beschlüssen zugelassen ist.;Prinzip der Öffentlichkeit;principio di pubblicità;hom
Im wesentlichen wird es sich in den Fällen der Unzumutbarkeit um einmalige Überförderungen handeln, die durch eine plötzliche Erkrankung, eine seelische Erschütterung wegen eines unmittelbar vorangegangenen Ereignisses oder einen ungewöhnlich hohen Anfall unaufschiebbarer Geschäfte herbeigeführt worden sind.;Unzumutbarkeit;inesigibilità;hom
Im Übrigen gelten die Bestimmungen über die Teilung von Miteigentum und die Durchführung der Erbteilung sinngemäss.;Durchführung;esecuzione;hom
In Angelegenheiten der Ausbildung und des Berufs nehmen die Eltern insbesondere auf Eignung und Neigung des Kindes Rücksicht .;Ausbildung;istruzione;hom
In Ausübung der Kontroll-und Aufsichtsfunktion hat das Inspektionspersonal der Landesagentur für Umwelt und Arbeitsschutz zur Durchführung der Tätigkeiten  Zutritt zu den Anlagen und zu den Arbeitsstätten und kann zweckdienliche Daten, Informationen und Unterlagen verlangen .;Zutritt;accesso;hom
In Bezug auf Elektroarbeiten kann eine Person sein: geeignet, erfahren oder vorgewarnt wenn sie keine dieser Qualifikationen aufweist, handelt es sich unter diesem Gesichtspunkt um eine gewöhnliche Person.;gewöhnliche Person;PEC;hom
"In Deutschland sind Postleitzahlen seit dem 1. Juli 1993 5-stellig (von 1941 bis 1961 waren sie 2-stellig, von 1961 bis 1993 4-stellig). Jede Stelle besteht aus einer Ziffer zwischen ""0"" und ""9"".";Postleitzahl;CAP;hom
In Erwartung der schiedsrichterlichen Entscheidung werden etwaige Maßnahmen der öffentlichen Verwaltung betreffend die Ausführung von Arbeiten von Amts wegen sowie andere Vertrags- und gesetzmäßige Maßnahmen, die sich im öffentlichen Interesse als notwendig erweisen, nicht ausgesetzt.;gesetzmäßig;legale;hom
In Fällen einer Kollusion, eines verbotenen Zusammenwirkens zwischen Vertreter und Geschäftspartner zum Nachteil des Vollmachtgebers, ist allerding das Vertretungsgeschäft nach § 138 Abs. 1 nichtig.;Kollusion;collusione;hom
In besonders schwerwiegenden Fällen kann auch die Rücknahme der amtlichen Bewilligung der Skischule verfügt werden.;Rücknahme;decadenza;hom
In dem Verschmelzungsvertrag muß der Gesellschaftsvertrag, die Satzung oder das Statut des neuen Rechtsträgers enthalten sein oder festgestellt werden.;neu Rechtsträger;società incorporante;hom
In den Betriebsstätten, in denen verschiedene Gasqualitäten erzeugt werden, die weder explosionsfähig noch selbstentzündend sind, jedoch vermischt gefährliche Reaktionen auslösen, müssen die Geräte, die zur Herstellung der jeweiligen Gase verwendet werden, in abgetrennten und genügend entfernten Räumen aufgestellt werden.;explosionsfähig;esplosivo;hom
In den Wahlraum können die Wähler zugelassen werden, welche den Wahlausweis mit der Eintragung in die Sektionsliste oder die vom Bürgermeister ausgestellte Ersatzbescheinigung des Wahlausweises  vorweisen.;Wahlraum;seggio elettorale;hom
In der Disziplinarverfügung darf nur der Verweis ausgesprochen oder eine Geldbuße bis zur Höhe von 10 vH des Monatsbezuges - unter Ausschluß der Kinderzulage -, auf den der Beamte im Zeitpunkt der Erlassung der Disziplinarverfügung Anspruch hat, verhängt werden.;Verweis;censura;hom
In der Freizeit entfällt  die Hauptpflicht des Arbeitnehmers zur Arbeitsleistung, nicht aber die Treuepflicht.;Treuepflicht;dovere di fedeltà;hom
In der Literatur wird zunehmend vom schlichten oder schlicht-hoheitlichen Verwaltungshandeln oder vom nichtförmlichen Verwaltungshandeln gesprochen.;nichtförmlich Verwaltungshandeln;atto materiale;hom
In der Literatur wird zunehmend vom schlichten oder schlicht-hoheitlichen Verwaltungshandeln oder vom nichtförmlichen Verwaltungshandeln gesprochen.;schlicht-hoheitlich Verwaltungshandeln;atto materiale;hom
"In der Regel bezeichnet das Gesetz die Person des Täters mit dem völlig offenen Wort ""Wer..."".";Täter;agente;hom
In einer ärztlichen Beurteilung vom 17. Juli 2003 gelangte Dr. med. R.________ zum Schluss, ein Zusammenhang mit arbeitsplatzbedingten Einwirkungen sei bezüglich einzelner der bestehenden Beschwerden und Befunde zwar möglich, nicht aber überwiegend wahrscheinlich.;Einwirkung;agente;hom
In einigen Fällen verlangt das Gesetz neben den Willenserklärungen noch weitere Vollzugsakte als Bestandteile des Rechtsgeschäfts.;Vollzugsakt;atto esecutivo;hom
In folgenden Fällen haben die Bediensteten Anspruch auf bezahlten Sonderurlaub, wobei der jeweilige Grund belegt werden muß: a) bei Heirat: fünfzehn aufeinanderfolgende Tage, in denen der Hochzeitstag enthalten ist, ….;Heirat;matrimonio;hom
In gewissen Fällen verliert eine Servitut trotz Fortdauer des Eitnrags ihre Daseinsberechtigung: dann nämlich, wenn sie dem Berechtigten gar keinen Vorteil mehr bringt.;Servitut;servitù;hom
In jedem Fall hat der Pflichtteilsberechtigte, der die Kürzung von Schenkungen oder von testamentarischen Verfügungen verlangt, auf seinen Pflichtteil die ihm gemachten Schenkungen und ihm ausgesetzten Vermächtnisse anzurechnen .;Pflichtteil;riserva;hom
In jedem Fall ist das Verlangen auf Herausgabe der Materialien  nach Ablauf von sechs Monaten ab dem Tag, an dem der Eigentümer von der Verbindung Kenntnis erhalten hat, nciht mehr zulässig .;Verbindung;incorporazione;hom
In jedem Fall muß derjenige, welcher einen Vertrag durch List oder ungerechte Furcht bewirkt hat, für die nachteiligen Folgen Genugtuung leisten.;List;dolo;hom
In Österreich sind die Postleitzahlen vierstellig und wurden zum 1. Jänner 1966 eingeführt.;Postleitzahl;CAP;hom
Inhaberinnen einer Bewilligung zur Verwaltung und Zuteilung von Kurznummern für SMS- und MMS-Dienste haben die folgenden Pflichten:  Sammlung und Aktualisierung der Daten über die Inhaberinnen und Inhaber der von ihnen zugeteilten Kurznummern für SMS- und MMS-Dienste .;Aktualisierung;aggiornamento;hom
Innerhalb der vom B-VG lediglich in Grundzügen vorgenommenen Zuständigkeitsverteilung (Gesetzgebung, Gerichtsbarkeit, Verwaltung) obliegt es dem einfachen Gesetzgeber, detaillierte Festlegungen der Behördenzuständigkeit vorzunehmen.;Behördenzuständigkeit;competenza;hom
Innerhalb des zwanzigsten Tages vor dem Wahltag hat die Landeswahlkommission die Zahl und den jeweiligen Ort der Wahlsitze in der Weise festzulegen, daß jedem Wahlsitz so viele Wähler zugewiesen werden, als im Interesse des Wahlgeheimnisses zweckmäßig sind.;Wahlsitz;seggio elettorale;hom
Innerhalb einer jeden Liste wird die Reihenfolge der Kandidaten nach den erhaltenen Vorzugsstimmen festgelegt.;Kandidat;candidato;hom
Investitionsgüter, auch Produktions- oder Kapitalgüter genannt, befinden sich im Besitz von Betrieben oder werden als Dienstleistungen für Betriebe erbracht. Sie dienen nur mittelbar der Bedürfnisbefriedigung.;Investitionsgut;bene strumentale;hom
Irreführende Geschäftspraktiken : Das Anbieten von Wettbewerben und Preisausschreiben, ohne dass die beschriebenen Preise oder ein angemessenes Äquivalent vergeben werden.;Preis;premio;hom
Ist bei einem oder bei beiden Ehegatten ein Vorsorgefall bereits eingetreten oder können aus andern Gründen Ansprüche aus der beruflichen Vorsorge, die während der Dauer der Ehe erworben worden sind, nicht geteilt werden, so ist eine angemessene Entschädigung geschuldet.;Dauer;tempo;hom
Ist bei einer Gemeinschaft zur gesamten Hand die Betreibung, wie im vorliegenden Fall, nur gegen einen der Teilhaber eingeleitet worden, so besteht der verwertbare Vermögensgegenstand bloss aus dem Anspruch des Teilhabers auf den Liquidationsanteil .;Teilhaber;partecipante;hom
Ist das Fehlen, die gänzliche oder zum Teil erfolgte Vernichtung, die Verfälschung oder die Verbergung auf vorsätzliches Verhalten des Antragstellers zurückzuführen, ist dieser nicht befugt, den Nachweis gemäß der Bestimmung des vorhergehenden Absatzes zu erbringen.;vorsätzliches Verhalten;dolo;hom
Ist das Geschäft durch das Zutun mehrerer Makler zustandegekommen, so hat jeder von ihnen Anspruch auf einen Teil der Provision.;Geschäft;affare;hom
Ist das Pfand auf den vereinbarten Termin nicht ausgelöst worden, so kann die Anstalt nach vorgängiger öffentlicher Aufforderung zur Einlösung den Pfandgegenstand amtlich verkaufen lassen.;Termin;termine;hom
Ist das Verfahren ausgesetzt, kann vorbehaltlich einer abweichenden Anordnung des Vollstreckungsrichters keine Vollstreckungshandlung vorgenommen werden.;Anordnung;disposizione;hom
Ist das Verfahren ausgesetzt, kann vorbehaltlich einer abweichenden Anordnung des Vollstreckungsrichters keine Vollstreckungshandlung vorgenommen werden.;Vollstreckungshandlung;atto esecutivo;hom
Ist dem Soldaten infolge einer Wehrdienstbeschädigung nach Entlassung aus der Bundeswehr auf Grund des Soldatenversorgungsgesetzes Berufsumschulung oder Berufsfortbildung gewährt worden, so wird auch die hierfür erforderliche Zeit auf die Berufs- und Betriebszugehörigkeit oder als Dienst- und Beschäftigungszeit angerechnet.;Berufsfortbildung;aggiornamento;hom
Ist der Anteil des stillen Gesellschafters am Gewinn und Verlust nicht bestimmt, so gilt ein den Umständen nach angemessener Anteil als bedungen.;still Gesellschafter;associato;hom
Ist der Gerichtstypus bestimmt, muss geprüft werden, an welchem Ort des Bundesgebietes diese Art von Gericht verhandeln soll.;Gericht;giudice;hom
Ist die Drohung von einem Dritten ausgegangen, so hat, wo es der Billigkeit entspricht, der Bedrohte, der den Vertrag nicht halten will, dem andern, wenn dieser die Drohung weder gekannt noch hätte kennen sollen, Entschädigung zu leisten.;Drohung;minaccia;hom
Ist die Erwerbsfähigkeit eingeschränkt oder wird ein Bediensteter als dienstunfähig erklärt, steht ihm unter bestimmten Voraussetzungen auch bereits in jüngeren Jahren eine Rente zu.;Erwerbsfähigkeit;capacità lavorativa;hom
Ist die anhängig gewordene Rechtssache der inländischen Gerichtsbarkeit oder doch den ordentlichen Gerichten entzogen, so hat das angerufene Gericht in jeder Lage des Verfahrens seine Unzuständigkeit und die Nichtigkeit des vorangegangenen Verfahrens sofort durch Beschluß auszusprechen .;Verfahren;giudizio;hom
Ist die gesamte Dauer der verhängten Strafe abgelaufen , bleibt die Strafe erloschen und die vom Richter in dem auf Verurteilung lautenden Urteil oder durch eine spätere Verfügung angeordneten persönlichen Sicherungsmaßnahmen werden widerrufen.;persönlich Sicherungsmaßnahme;misura di sicurezza;hom
Ist ein Beschuldigter der Gerichtssprache nicht hinreichend kundig, so ist ihm, nötigenfalls durch die Beistellung eines Dolmetschers, Übersetzungshilfe zu leisten .;Dolmetscher;interprete;hom
Ist ein Drittschuldner nicht vorhanden, so ist die Pfändung mit dem Zeitpunkt als bewirkt anzusehen, in welchem dem Schuldner das Gebot, sich jeder Verfügung über das Recht zu enthalten, zugestellt ist.;Gebot;comando;hom
Ist eine Schuldverschreibung auf den Inhaber für kraftlos erklärt, so kann derjenige, welcher das Ausschlußurteil erwirkt hat, von dem Aussteller  die Erteilung einer neuen Schuldverschreibung auf den Inhaber anstelle der für kraftlos erklärten verlangen.;Schuldverschreibung;obbligazione;hom
Ist eine Verbindlichkeit fällig, so wird der Schuldner durch Mahnung des Gläubigers in Verzug gesetzt.;Verbindlichkeit;obbligazione;hom
Ist eine widerrechtlich entzogene Sache wie auch immer untergegangen oder abhandengekommen, befreit ihr Verlust denjenigen, der sie entzogen hat, nicht von der Verpflichtung, ihren Wert zu erstatten.;widerrechtlich;illecito;hom
Ist für den Anfang einer Frist ein Ereignis oder ein in den Lauf eines Tages fallender Zeitpunkt maßgebend, so wird bei der Berechnung der Frist der Tag nicht mitgerechnet, in welchen das Ereignis oder der Zeitpunkt fällt.;Ereignis;evento;hom
Ist von der einen Seite teilweise geleistet worden, so kann die Gegenleistung insoweit nicht verweigert werden, als die Verweigerung nach den Umständen, insbesondere wegen verhältnismäßiger Geringfügigkeit des rückständigen Teils, gegen Treu und Glauben verstoßen würde.;Verweigerung;rifiuto;hom
Ist zwischen dem Zahlungsdienstnutzer und seinem Zahlungsdienstleister ein bestimmter Termin für die Ausführung eines Zahlungsauftrags  vereinbart worden, kann der Zahlungsdienstnutzer den Zahlungsauftrag bis zum Ende des Geschäftstags vor dem vereinbarten Tag widerrufen.;Termin;termine;hom
Ist über Bedeutung und Wirkung einer gesetzlich vorgeschriebenen Form nicht etwas anderes bestimmt, so hängt von deren Beobachtung die Gültigkeit des Vertrages ab.;gesetzlich;legale;hom
Je nach der Art der Strahlungsquelle und den Ausbreitungsbedingungen der optischen Strahlung sind die einzelnen Spektralbereiche (UV, VIS, IR) zu beachten.;VIS;VIS;hom
Jede Abmachung, die das Austrittsrecht ausschließt oder seine Ausübung erschwert, ist nichtig.;Austrittsrecht;diritto di recesso;hom
Jede Funkanlage muss gegebenenfalls mit der Identifikationsnummer der Konformitätsbewertungsstelle gekennzeichnet sein.;Identifikationsnummer;codice di identificazione;hom
Jede Packung und jede Außenverpackung von Rauchtabakerzeugnissen hat die folgende Informationsbotschaft zu tragen: „Tabakrauch enthält über 70 Stoffe, die erwiesenermaßen krebserregend sind.“;krebserregend;cancerogeno;hom
Jede Person gilt bis zu ihrer rechtskräftigen Verurteilung als unschuldig.;unschuldig;innocente;hom
Jede Werbung über die Bereitschaft zur Kreditgewährung hat - sofern sie Zahlenangaben über den Zinssatz oder die Kreditkosten enthält - den effektiven bzw. den fiktiven Jahreszinssatz, allenfalls an Hand repräsentativer Beispiele, anzugeben.;Werbung;pubblicità;hom
Jede rechtsgeschäftliche Zuwendung, das Verpflichtungsgeschäft wie die Verfügung, bedarf eines Rechtsgrundes, der sie rechtfertigt und beständig macht.;Rechtsgrund;causa;hom
Jedem Gesellschafter dürfen für seinen Kapitalanteil Zinse gemäss Vertrag gutgeschrieben werden, auch wenn durch den Verlust des Geschäftsjahres der Kapitalanteil vermindert ist.;Kapitalanteil;quota;hom
Jedem Teilhaber gebührt ein seinem Anteil entsprechender Bruchteil der Früchte.;Teilhaber;partecipante;hom
Jeder Ehegatte einer von Tisch und Bett geschiedenen Ehe kann den Antrag stellen, daß die Scheidung der Ehe  ausgesprochen werde.;Ehe;matrimonio;hom
Jeder Ehegatte kann ohne Mitwirkung des anderen Ehegatten  auf seinen Pflichtteil oder auf den Ausgleich eines Zugewinns verzichten .;Pflichtteil;riserva;hom
Jeder Grundeigentümer ist verpflichtet, auf das Begehren seines Nachbarn zur Feststellung einer ungewissen Grenze mitzuwirken, sei es bei Berichtigung der Grundbuchpläne oder bei Anbringung von Grenzzeichen.;Grenzzeichen;termine;hom
Jeder Interpret muß sich  darum bemühen, jene Wertentscheidungen zu ermitteln, die der Gesetzgeber getroffen hat und die in den Merkmalen der gesetzlichen Regelung ihren Niederschlag findet.;Interpret;interprete;hom
Jeder Person, die bei dem Vollstreckungsverfahren beteiligt ist, muss auf Begehren Einsicht der Akten des Gerichtsvollziehers gestattet und Abschrift einzelner Aktenstücke erteilt werden.;Aktenstück;atto processuale;hom
Jedermann hat in der Ausübung seiner Rechte und in der Erfüllung seiner Pflichten nach Treu und Glauben zu handeln.;Treu und Glauben;buona fede;hom
Jedes Mitglied ist verpflichtet in der statutarisch vorgesehenen Weise zur Erreichung des Vereinszwecks mitzuwirken .;Mitglied;associato;hom
Jedes Rechtsgeschäft hat wesentliche Bestandteile, die notwendigerweise vorhanden sein müssen, damit die gewollten rechtswirkungen eintreten.;wesentliche Bestandteile;essentialia negotii;hom
Jedes Wahlamt setzt sich aus einem Vorsitzenden und zwei Stimmenzählern zusammen, von denen einer Sekretär ist.;Wahlamt;seggio elettorale;hom
Kein Wähler darf bewaffnet oder mit Gegenständen, die Verletzungen verursachen können, in das Wahllokal eintreten.;Wahllokal;seggio elettorale;hom
Keine Sachen, sondern Gemeingut (res communes omnium) sind rechtlich die freie Luft, das fließende Wasser, das Grundwasser und das offene Meer.;Gemeingut;cosa comune;hom
Keine Satzungen sind die Geschäftsordnungen der Parlamente und sonstige Beschlussorgane, da sie nicht von einer juristischen Person stammen und zudem nur organintern wirken ….;Geschäftsordnung;regolamento;hom
Keine Servitut läßt sich eigenmächtig von der dienstbaren Sache absondern, noch auf eine andere Sache oder Person übertragen.;Servitut;servitù;hom
Kinder bzw Unmündigen generell die Aussagefähigkeit und Aussageehrlichkeit abzusprechen ist mit dem Grundsatz der freien richterlichen Beweiswürdigung nicht zu vereinbaren.;Grundsatz der freien richterlichen Beweiswürdigung;principio del libero convincimento;hom
Klassifizierte Informationen sind zu qualifizieren als  GEHEIM (G), wenn die Informationen vertraulich sind und ihre Preisgabe zudem die Gefahr einer erheblichen Schädigung der in Art. 20 Abs. 3 B-VG genannten Interessen schaffen würde, .;GEHEIM;segreto;hom
Klauseln, die Zufallsvermutungen für Ereignisse festsetzen, die in Ansehung der Mittel und Bedingungen der Beförderung gewöhnlich vom Zufall abhängen, sind gültig.;Ereignis;evento;hom
Komitees  sin von sog Initatoren  errichtete Personenverbände, die zur Förderung und Erreichung wohltätiger und gemeinnütziger Zwecke Spenden sammeln.;Spende;oblazione;hom
Konservierung und Restaurierung setzt sich mit dem Begreifen, Dokumentieren, Erhalten und Wiederherstellen des materiellen Anteils von Kunst und Kulturgütern auseinander.;Konservierung;conservazione dei beni culturali;hom
"Konsumtion wird nach wohl herrschender Terminologie angenommen, wenn zwar nicht wie bei der Spezialität der eine Tatbestand den anderen notwendigerweise umfasst, wohl aber ""wertmässig"" oder regelmässig .";Konsumtion;assorbimento;hom
Kraftfahrzeuge und Anhänger dürfen die im Fahrzeugschein angegebene Gesamtmasse nicht überschreiten.;Fahrzeugschein;libretto;hom
Kraftfahrzeuge werden unter Berücksichtigung ihrer Schadstoffemissionen den Schadstoffgruppen 1 bis 4 zugeordnet.;Schadstoffemissionen;emissione;hom
Kriterien für die Durchführung der Prüfung Deutsch als Zweitsprache im Rahmen der staatlichen Abschlussprüfung am Ende der Unterstufe;staatlich Abschlussprüfung;esame di Stato;hom
Kündigt der Abschlußprüfer den Prüfungsauftrag nach Absatz 6, so haben die gesetzlichen Vertreter die Kündigung dem Aufsichtsrat, der nächsten Hauptversammlung oder bei Gesellschaften mit beschränkter Haftung den Gesellschaftern mitzuteilen.;Hauptversammlung;assemblea;hom
Lagereinrichtungen  und Filteranlagen sind so zu entleeren, daß Emissionen  soweit wie möglich vermieden werden .;Emissionen;emissione;hom
Laser-Schutzbrillen dienen dem Schutz der Augen gegen Laserstrahlung für die jeweils betreffende(n) Wellenlänge(n) im ultravioletten, sichtbaren und/oder infraroten Spektralbereich.;Schutz der Augen;protezione degli occhi;hom
Leistet der Schuldner auf eine Mahnung des Gläubigers nicht, die nach dem Eintritte der Fälligkeit erfolgt, so kommt er  in Verzug.;Fälligkeit;esigibilità;hom
Leistet die übernehmende Gesellschaft bare Zuzahlungen, so dürfen diese den zehnten Teil des Gesamtnennbetrags der gewährten Aktien der übernehmenden Gesellschaft nicht übersteigen.;übernehmende Gesellschaft;società incorporante;hom
Leitern müssen sicher begehbar sein. Sie müssen gegen übermäßiges Durchbiegen, starkes Schwanken und Verwinden gesichert und ausreichend tragfähig sein.;Leiter;scala;hom
Lichtzeichen werden eingeteilt in: a) Gefahren- und Vorschriftslichtzeichen, b) Hinweislichtzeichen, b-bis) Leuchttafeln zur Anzeige der Geschwindigkeit vorbeifahrender Fahrzeuge in Echtzeit, c) normale Verkehrsampeln, d) Fahrstreifenampeln, .;Lichtzeichen;segnale luminoso;hom
Liegenschaftseigentümer (Bauberechtigte) oder deren Bestand- oder Nutzungsnehmer sind verpflichtet, den Zutritt zu gestatten und Auskünfte zu erteilen .;Zutritt;accesso;hom
Liegt außer dem genannten noch ein anderer Haftgrund vor, so kann die Haft auch noch nach Ablauf der zweimonatigen Frist andauern, jedoch nur, wenn auch nach diesen Fristen der andere Haftgrund noch fortbesteht .;Ablauf;decadenza;hom
List (Arglist)  ist bewußte Täuschung (zivilrechtlicher Betrug) .;Arglist;dolo;hom
Lässt sich eine Gefahrenstelle nicht unverzüglich oder restlos beseitigen, so ist sie zu kennzeichnen. Dies kann geschehen durch ein Verbots-, Warn- oder Gebotszeichen, durch Farbe oder ein anderes Element, welches die Gefahr rasch und eindeutig erkennen lässt .;Gebotszeichen;segnale di prescrizione;hom
Man unterscheidet zwischen der laufenden Registratur, in der die aktuellen Geschäftsvorgänge (die laufenden Akten) bereitgestellt werden, und der Altregistratur, in die abgeschlossene Vorgänge (geschlossenen Akten) eingeordnet werden.;Altregistratur;archivio di deposito;hom
Man unterscheidet zwischen der laufenden Registratur, in der die aktuellen Geschäftsvorgänge (die laufenden Akten) bereitgestellt werden, und der Altregistratur, in die abgeschlossene Vorgänge (geschlossenen Akten) eingeordnet werden.;laufend Registratur;archivio corrente;hom
Mangelhafte Handwerkzeuge, falsche Anwendung, Sorglosigkeit im Umgang und mangelnde Übung verursachen jährlich allein im gewerblichen Bereich fast 95 000 meldepflichtige Arbeitsunfälle.;Handwerkzeug;utensile manuale;hom
Maschinen sind immer dann mit Schutzeinrichtungen auszustatten, wenn von ihnen Gefahren ausgehen, die durch ihre Konstruktion nicht ausreichend minimiert oder beseitigt werden können. Dabei lässt sich grob zwischen trennenden und nicht trennenden Schutzeinrichtungen unterscheiden.;nicht trennend Schutzeinrichtung;dispositivo di sicurezza;hom
Massnahmen zum Schutze der Arbeitnehmenden, die nebst Schutzwänden und räumlichen Abtrennungen auch Einhausungen, Isolationen und anderes mehr umfassen können, sind u. a. vorzusehen: wenn Arbeitsplätze durch Strahlung (Schweissen), Blitze oder Licht beeinträchtigt werden ….;Strahlung;radiazione;hom
Maßnahmen des Arbeitsschutzes sind mit dem Ziel zu planen, Technik, Arbeitsorganisation, sonstige Arbeitsbedingungen, soziale Beziehungen und Einfluß der Umwelt auf den Arbeitsplatz sachgerecht zu verknüpfen.;Arbeitsorganisation;organizzazione del lavoro;hom
Maßnahmen der Bildung sind Ausgaben für die Berufsausbildung und die berufliche Weiterbildung sowie die damit in unmittelbarem Zusammenhang stehenden Nebenkosten.;berufliche Weiterbildung;aggiornamento;hom
Mehrere Grundstücke können dadurch zu einem Grundstück vereinigt werden, dass der Eigentümer sie als ein Grundstück in das Grundbuch eintragen lässt.;Grundstück;fondo;hom
Mehrere PAK Polyzyklische aromatische Kohlenwasserstoffe wurden von der Organisation IARC (1987) als möglicherweise krebserregend eingestuft, während Benzo(a)pyren als nachweislich kanzerogen klassifiziert ist.;kanzerogen;cancerogeno;hom
Minderjährige und Personen, die aus einem anderen Grund als dem ihrer Minderjährigkeit alle oder einzelne ihrer Angelegenheiten selbst gehörig zu besorgen nicht vermögen, stehen unter dem besonderen Schutz der Gesetze.;Schutz;protezione;hom
Mit Absonderung der Früchte erlischt  das Pfandrecht an diesen mangels einer abweichenden Vereinbarung.;Absonderung der Früchte;separazione;hom
Mit dem Erblasser näher verwandte Nachkommen (z.B. Sohn) schliessen deren eigene Nachkommen (z.B. Enkel) von der Erbfolge aus.;Enkel;nipote;hom
Mit dem Programm E-Government Schweiz setzen Bund, Kantone und Gemeinden die entsprechende Strategie zur Verbesserung der Effizienz und Effektivität der Verwaltung und ihrer Beziehungen zu Bürgerinnen, Bürgern sowie Unternehmen um.;Effektivität;efficacia;hom
Mit dem in Art. 342 bis vorgesehenen Dekret ordnet das Gericht dem Ehegatten oder der im selben Haushalt lebenden Person  an, dieses Verhalten aufzugeben .;in selber Haushalt lebend Person;convivente;hom
Mit der Eheschließung erwerben Ehemann und Ehefrau die gleichen Rechte und übernehmen die gleichen Pflichten.;Eheschließung;matrimonio;hom
Mit der Verleihung der Satzungskompetenz wird der Selbstverwaltungskörperschaft oder der sonstigen juristischen Person ein Bereich eigener Rechtsetzungskompetenz übertragen, der sich durch die demokratische Begründung des satzunggebenden Organs zugleich aus sich selbst heraus legitimiert.;Rechtsetzungskompetenz;autonomia;hom
Mit der ordnungsgemäßen Bekanntgabe gegenüber mindestens einer Partei tritt der Bescheid in rechtliche Existenz, d.h. er wird Bestandteil der Rechtsordnung und „gilt“ als Rechtsakt.;Bekanntgabe;comunicazione;hom
Mit der Übernahme aller Aktien durch die Gründer ist die Gesellschaft errichtet.;Gründer;promotore;hom
Mit Übernahme aller Aktien durch die Gründer ist die Gesellschaft errichtet.;Gründer;fondatore;hom
Mitarbeiter müssen bevor sie Wartungsarbeiten an einer Anlage durchführen Energiequellen und Materialströme ausschalten und die Anlage durch eine persönliche Schutzvorrichtung vor Wiedereinschalten schützen.;Schutzvorrichtung;protezione;hom
Mitglied des Vorstandes kann nur eine natürliche, unbeschränkt geschäftsfähige Person sein.;Mitglied des Vorstandes;amministratore;hom
Motorfahrzeuge und ihre Anhänger dürfen nur mit Fahrzeugausweis und Kontrollschildern in Verkehr gebracht werden.;Fahrzeugausweis;libretto;hom
Mündet in einem Straßenabschnitt für den durch Vorschriftszeichen Verkehrsbeschränkungen kundgemacht sind, eine andere Straße ein, so können diese Beschränkungen auch schon auf der einmündeten Straße durch die betreffenden Vorschriftszeichen mit einer Zusatztafel mit Pfeilen angezeigt werden.;Vorschriftszeichen;segnale di prescrizione;hom
Müssen Instandhaltungsarbeiten bei laufenden Maschinen durchgeführt werden, sind spezielle Schutzeinrichtungen zwingend erforderlich ….;Schutzeinrichtung;protezione;hom
Nach Auflösung der Ehe wird deren Ungültigkeit nicht mehr von Amtes wegen verfolgt es kann aber jedermann, der ein Interesse hat, die Ungültigerklärung verlangen. Die Klage kann jederzeit eingereicht werden.;Klage;azione;hom
Nach Beendigung des Praktikums stellt die Verwaltung des Krankenhauses, an welchem das Praktikum zurückgelegt wurde, eine formelle Bestätigung aus.;Bestätigung;certificazione;hom
Nach dem Erlaß des Eröffnungsbeschlusses, durch den der Angeschuldigte zum Angeklagten geworden ist (§ 157), kommt es zur dritten Phase, dem Hauptverfahren (§ 213-275). Dessen Kernstück - wie überhaupt das Kernstück des Erkenntnisverfahrens - bildet die Hauptverhandlung (§§ 226-275).;Hauptverfahren;giudizio;hom
Nach dem Grundsatz der Verhältnismäßigkeit sollte sichergestellt sein, dass Governance-Vereinbarungen unter anderem Vereinbarungen über Outsourcing an Cloud-Anbieter in einem angemessenen Verhältnis zu der Art, dem Umfang und der Komplexität der zugrunde liegenden Risiken stehen.;Cloud-Anbieter;CSP;hom
Nach dem Grundsatz der freien richterlichen Beweiswürdigung  urteilt das Gericht aufgrund seiner eigenen Überzeugung von der Wahrheit oder Unwahrheit einer Tatsache, es ist weder an Beweisregeln noch an Weisungen gebunden.;Grundsatz der freien richterlichen Beweiswürdigung;principio del libero convincimento;hom
Nach dem Schluß der Beweisaufnahme erhalten der Staatsanwalt und sodann der Angeklagte zu ihren Ausführungen und Anträgen das Wort. Dem Staatsanwalt steht das Recht der Erwiderung zu dem Angeklagten gebührt das letzte Wort.;Erwiderung;replica;hom
Nach der Abschaffung der Entmündigung durch das Betreuungsgesetz von 1992 beschränkt sich das Rechtsisntitut der Vormundschaft im deutschen Recht auf die Sorge für minderjährige Personen.;Vormundschaft;tutela dei minori;hom
Nach erfolgreichem Abschluss des Studiums kann die Aufenthaltserlaubnis bis zu 18 Monaten zur Suche eines diesem Abschluss angemessenen Arbeitsplatzes, sofern er nach den Bestimmungen der §§ 18, 19, 19a und 21 von Ausländern besetzt werden darf, verlängert werden.;Bestimmung;disposizione;hom
Nach fruchtlosem Ablauf dieser Frist können die Verwalter auf Gefahr und Rechnung des säumigen Gesellschafters seinen Anteil zu dem aus der letzten genehmigten Bilanz sich ergebenden Wert verkaufen.;Gefahr;rischio;hom
Nach ständiger Rechtsprechung des Verfassungsgerichtshofes verpflichtet der Legalitätsgrundsatz, wie er in Art18 B-VG zum Ausdruck kommt, den Gesetzgeber Zuständigkeiten unmißverständlich festzulegen.;Legalitätsgrundsatz;principio di legalità;hom
Nachdem die Eintragungen des Vertrages über die Verschmelzung gemäß dem zweiten Absatz des Artikels 2504 erfogt sind, darf die Ungültigkeit des Verschmelzungsvertrages nicht mehr ausgesprochen werden.;Ungültigkeit;invalidità;hom
Nehmen die Ehegatten das Zusammenleben wieder auf, so fallen die für das Getrenntleben angeordneten Massnahmen mit Ausnahme der Gütertrennung und der Kindesschutzmassnahmen dahin.;Getrenntleben;separazione;hom
Nehmen die Ehegatten die häusliche Gemeinschaft nach Trennung wieder auf  wird die Frist unterbrochen.;Trennung;separazione;hom
Neu ist, dass nur mehr auf die abstrakte Pflichtteilsberechtigung abgestellt wird. Das heißt, Schenkungen an Kinder und Enkelkinder sind jetzt immer unbefristet anrechenbar.;Enkelkind;nipote;hom
Nicht unter die Verarbeitung aus Gründen der Rechtspflege fallen die ordentliche Verwaltungstätigkeit in Bezug auf das Personal, die Mittel oder die Einrichtungen, wenn dadurch nicht die Geheimhaltung von Akten gefährdet ist, die direkt mit der Durchführung von Gerichtsverfahren zusammenhängen.;Rechtspflege;giustizia;hom
Niemand kann Sicherungsmaßnahmen unterworfen werden, die nicht ausdrücklich durch das Gesetz bestimmt sind, und nicht außerhalb der Fälle, die das Gesetz vorsieht.;Sicherungsmaßnahme;misura di sicurezza;hom
Nummer der Bauparzelle ('B.p.') …: Die Kennziffer der Bauparzelle. In jeder Katastralgemeinde gibt es eine einzige Bauparzelle mit dieser Nummer.;Kennziffer;codice di identificazione;hom
Nur wenn Unübersichtlichkeit und Fehleranfälligkeit im Vergleich zu gleichzeitiger Einbringung mehrerer Gesuche die Erledigung erschweren, ist eine Verbindung abzulehnen.;Gesuch;domanda;hom
Nötigenfalls ordnet der Instruktionsrichter oder das Gericht Erhebungen über Tatsachen an, die für die Entscheidung von Bedeutung sind.;Instruktionsrichter;giudice istruttore;hom
Oberstes Organ der Gesellschaft mit beschr. Haftung ist die Gesellschafterversammlung.;Gesellschafterversammlung;assemblea;hom
Ohne Genehmigung getroffene Maßnahmen oder Vertretungshandlungen sind unzulässig und unwirksam, sofern nicht Gefahr im Verzug vorliegt.;Maßnahme;provvedimento;hom
Ohne ausdrückliche Vereinbarung ist der Makler nicht befugt, für den Auftraggeber das vermittelte Geschäft zu schließen oder Zahlungen vom Dritten entgegenzunehmen.;Makler;mediatore;hom
Optische Strahlung ist jede elektromagnetische Strahlung im Bereich von 100 nm bis 1 mm Wellenlänge und umfasst ultraviolette Strahlung (UV), sichtbares Licht und Infrarotstrahlung (IR).;IR;IR;hom
PCB führt u.a. zu Leber- Milz- und Nierenschäden, ist krebserregend und beeinträchtigt den Sexualhormonhaushalt.;krebserregend;cancerogeno;hom
Partikelfiltersysteme für Baumaschinen müssen:  die bei ihrem Betrieb entstehenden sekundären Schadstoffemissionen so weit begrenzen, als dies technisch und betrieblich möglich sowie wirtschaftlich tragbar ist.;Schadstoffemissionen;emissione;hom
Personal der gesamtstaatlichen Berufsfeuerwehr, das einen vom Innenministerium - Generaldirektion für Zivilschutz und Feuerwehrdienst ausgestellten Führerschein besitzt,  ist zum Führen von Kraftfahrzeugen oder Booten des Landesfeuerwehrdienstes befähigt.;gesamtstaatlich Berufsfeuerwehr;Vigili del fuoco;hom
Personen im Ausland bedürfen für den Erwerb von Grundstücken einer Bewilligung der zuständigen kantonalen Behörde.;Bewilligung;autorizzazione;hom
Persönliche Schutzausrüstung (PSA) dient dem Schutz der Beschäftigten vor schädigenden Einwirkungen bei der Arbeit. Dazu gehören u. a. Schutzhandschuhe, Schutzbrille, Atemschutz, Haarschutz oder Schutzkleidung.;Haarschutz;protezione dei capelli;hom
Planer und Bauleiter, Gerüstersteller und Gerüstbenutzer sind in der Pflicht, wenn es um sichere Arbeitsgerüste geht.;Bauleiter;DL;hom
Positiv getestete Personen müssen sich unverzüglich nach Kenntniserlangung des positiven Testergebnisses in Isolation begeben.;Isolation;isolamento;hom
Postleitzahl gemäss SNV Norm 612040 (Gebäudeadressen)ist unter der Postleitzahl grundsätlich eine 6-stellige zu verstehen, wobei auf der Adresse nur die ersten 4 Ziffern dargestellt werden.;Postleitzahl;CAP;hom
Pyrotechnische Gegenstände für Fahrzeuge mit insgesamt mehr als 10 kg Nettoexplosivstoffmasse müssen in einem eigenen Lagerraum gelagert werden, wobei die Zusammenlagerung mit Fahrzeugteilen oder Materialien, die nicht explosionsgefährlich, brandfördernd, hochentzündlich, leichtentzündlich und bzw. oder ätzend sind, zulässig ist.;brandfördernd;comburente;hom
Recht ist gekennzeichnet durch seine Abstraktheit, Allgemeinheit, Verbindlichkeit und Publizität.;Allgemeinheit;generalità;hom
Rechtsgüterschutz und objektive Unrechtslehre bilden zusammen das Fundament der klassischen Strafrechsauffassung, die sich auf;Rechtsgüterschutz;tutela giuridica;hom
Rechtsmittel dienen einerseits der Überprüfung und allfälligen Verbesserung von gerichtlichen Entscheiden auf Antrag einer Partei. . Aud der anderen Seite besteht ein Bedürfnis nach Rechtssicherheit.;Rechtsmittel;impugnazione;hom
Rechtsmittel sind insoweit zulässig, als sie gegen die Entscheidungen der mit den Klagen befassten Gerichte überhaupt stattfinden.;Rechtsmittel;impugnazione;hom
Rechtsprechung in Zivil- und Strafsachen ist in Österreich ausschließlich Sache unabhängiger Richter.;Rechtsprechung;giurisdizione;hom
Rechtsverordnungen sind Rechtsnormen, die von Stellen der Exekutive erlassen werden.;Exekutive;potere esecutivo;hom
Rechtzeitige Prozesshandlungen eines Streitgenossen wirken auch für säumige Streitgenossen ausgenommen ist das Ergreifen von Rechtsmitteln.;säumig;contumace;hom
Rutschfeste und gereinigte Treppenstufen helfen mit, Unfälle zu vermeiden.;Treppenstufe;gradino;hom
Sachen des Familienguts dürfen, wenn dies nicht ausdrücklich im Gründungsakt zugelassen wurde, nicht veräußert, hypothekarisch belastet, als Pfand gegeben oder wie auch immer gebunden werden, es sei denn mit Zustimmung beider Ehegatten .;Zustimmung;consenso;hom
Sachlich bleibt die Normsetzungskompetenz auf den Kreis jener Verwaltungsaufgaben beschränkt, die dem Verwaltungsträger oder der Verwaltungseinheit zur autonomen Besorgung zugewiesen wurden ….;Normsetzungskompetenz;autonomia;hom
Sachverhalt und Entscheidung Der klagende Werkunternehmer führte die von ihm vorgenommenen Werkleistungen nicht ordnungsgemäß durch, weshalb der beklagte Werkbesteller Verbesserung begehrte.;Werkbesteller;committente;hom
Schließt der Minderjährige einen Vertrag ohne die erforderliche Einwilligung des gesetzlichen Vertreters, so hängt die Wirksamkeit des Vertrags von der Genehmigung des Vertreters ab.;Wirksamkeit;efficacia;hom
Schon vorher - insbesondere nach Abschluß eines Gesellschaftsvertrags - besteht unter den Beteiligten eine Gründungsgesellschaft (Vorgesellschaft).;Gründungsgesellschaft;società di capitali;hom
Schuldforderungen entstehen aus rechtmäßigem oder rechtswidrigem Verhalten. Ähnlich dem römischen Recht teilen wir sie in Schuldverhältnisse aus Vertrag/Rechtsgeschäft und aus Delikt .;Delikt;fatto illecito;hom
Schuldverhältnisse entstehen aus Vertrag, aus unerlaubter Handlung oder aus jeder sonstigen Handlung oder Tatsache, die nach der Rechtsordnung solche zu begründen geeignet ist.;unerlaubt Handlung;fatto illecito;hom
Schutz des Gehörs ist in jungen Berufsjahren besonders wichtig.;Schutz des Gehörs;protezione dell'udito;hom
Schwerpunkt der verschiedenen Sicherheitsprogramme ist  regelmässig der Schutz der Hände: beispielsweise Schutz vor mechanischen Gefährdungen durch technische Massnahmen wie Verdecke, Abschrankungen oder Lichtschranken, Schutz vor Schnittverletzungen durch geeignete Handschuhe oder Hautschutz gegen Allergien und Infektionen.;Schutz der Hände;protezione delle mani;hom
Schwerpunkt für den Einsatz der Finanzhilfen sind die Stärkung von Innenstädten und Ortsteilzentren in ihrer städtebaulichen Funktion unter besonderer Berücksichtigung des Wohnungsbaus sowie der Belange des Denkmalschutzes und der Denkmalpflege, .;Denkmalpflege;conservazione dei beni culturali;hom
Schädiger ist, wer eine Ursache zum Unfall gesetzt hat, unbekümmert darum, ob er ihn auch verschuldete.;Ursache;causa;hom
Servituten, Grenzzeichen und die zum gemeinschaftlichen Gebrauche nötigen Urkunden sind keiner Teilung fähig.;Grenzzeichen;termine;hom
Sicherheitsvorrichtungen müssen unabhängig von betrieblich erforderlichen Mess- und/oder Steuereinrichtungen funktionieren. Soweit möglich, muss der Ausfall einer Sicherheitsvorrichtung durch geeignete technische Maßnahmen schnell genug erkannt werden, so dass gefährliche Zustände mit hoher Wahrscheinlichkeit nicht eintreten können.;Sicherheitsvorrichtung;dispositivo di sicurezza;hom
Sicherheitszeichen müssen deutlich erkennbar und dauerhaft angebracht sein, d. h. :  Verbots-, Warn- und Gebotszeichen am Zugang zum Gefahrenbereich .;Gebotszeichen;segnale di prescrizione;hom
Sie Treuhand ist dadurch gekennzeichnet, daß jemand (der Treuhänder) für einen anderen (der Treugeber) kraft einer besonderen Vereinbarung (der Treuhandabrede) Rechtsmacht über dessen Vermögenswerte (das Treugut) ausübt.;Treuhänder;fiduciario;hom
Sie die Servitut der Wohnung ist also eine Servitut des Gebrauches von dem Wohngebäude.;Servitut des Gebrauches;uso;hom
Sind seit der Vollendung eines Dienstvergehens mehr als zwei Jahre vergangen, darf ein Verweis nicht mehr erteilt werden.;Verweis;censura;hom
Sind zur Durchführung der Beförderung besondere Urkunden erforderlich, hat der Absender diese dem Beförderer bei der Übergabe der zu befördernden Sachen auszuhändigen.;Beförderung;trasporto;hom
Sofern nichts anderes angezeigt wird , muss das Fahrzeug beim Halten und Parken so nah wie möglich am rechten Fahrbahnrand abgestellt werden, und zwar parallel zu diesem und in Fahrtrichtung.;Halten;fermata;hom
Solange alle Teilhaber einverstanden sind, stellen sie nur eine Person vor, und haben das Recht, mit der gemeinschaftlichen Sache nach Belieben zu schalten.;Teilhaber;partecipante;hom
Solange di Staatsanwaltschaft noch keine Weisungen für die Durchführung der Erhebungen erteilt hat, erhebt die Gerichtspolizei alle der Aufklärung der Tat und der Ermittlungen des Schuldigen dienlichen Umstände.;Schuldiger;colpevole;hom
Solange die Staatsanwaltschaft noch keine Weisungen für die Durchführung der Erhebungen erteilt hat, erhebt die Gerichtspolizei alle der Aufklärung der Tat und der Ermittlung des Schuldigen dienlichen Umstände.;Umstand;elemento;hom
Solange nicht die Absonderung erfolgt, bilden die Früchte einen Bestandteil der Sache.;Absonderung;separazione;hom
Soll die Geltung eines Vorschriftszeichens auf eine oder mehrere Verkehrsarten beschränkt werden, so ist die sinnbildliche Darstellung der Verkehrsart auf einem Zusatzschild unterhalb des Verkehrszeichen darzustellen.;Vorschriftszeichen;segnale di prescrizione;hom
Soll die Rechtswirksamkeit beseitigt oder deren Eintritt verhindert werden, so ist gegen die Verfügung fristgerecht Beschwerde zu führen.;Rechtswirksamkeit;efficacia;hom
Soweit das Bundesrecht die Geltung kantonalen Rechtes vorbehält, sind die Kantone befugt, zivilrechtliche Bestimmungen aufzustellen oder aufzuheben.;Bestimmung;disposizione;hom
Soweit das Gesetz nichts anderes bestimmt, können die Parteien für einen bestehenden oder für einen künftigen Rechtsstreit über Ansprüche aus einem bestimmten Rechtsverhältnis einen Gerichtsstand vereinbaren.;Rechtsstreit;causa;hom
Soweit die Dauer der Fristen zur Vornahme von Prozesshandlungen nicht unmittelbar durch das Gesetz bestimmt wird (gesetzliche Fristen), hat sie der Richter mit Rücksicht auf die Erfordernisse und die Beschaffenheit des einzelnen Falles festzusetzen (richterliche Fristen).;Richter;giudice;hom
Soweit die Öffentlichkeit einer Verhandlung ausgeschlossen worden ist, ist es untersagt, Mitteilungen daraus zu veröffentlichen. Auch kann das Gericht den anwesenden Personen die Geheimhaltung der Tatsachen zur Pflicht machen, die durch die Verhandlung zu ihrer Kenntnis gelangen.;Geheimhaltung;segreto;hom
Soweit dies die Rechte des Nießbrauchers nicht berührt, ist die Sache dem Eigentümer zugeordnet.;Nießbraucher;usufruttuario;hom
Soweit technisch durchführbar, müssen die diffusen Emissionen zusammengeführt werden.;Emissionen;emissione;hom
Sowohl das Invalidengeld als auch die Erwerbsunfähigkeitsrente werden aufgrund der einbezahlten Beiträge errechnet. Unter Umständen kommt eine Aufstockung auf die so genannte „Mindestrente“ zur Anwendung.;Erwerbsunfähigkeitsrente;pensione di inabilità;hom
Sparurkunden dürfen ausschließlich von den zum Spareinlagengeschäft berechtigten Kreditinstituten ausgegeben werden. Nur für diese Urkunden ist es erlaubt, die Bezeichnung „Sparbuch“, „Sparbrief“ oder eine Wortverbindung, die den Bestandteil „spar“ enthält, zu führen.;Sparbuch;libretto;hom
Sprechen keine wichtigen Gründe dagegen, so hat die Behörde einem tauglichen nahen Verwandten275 oder dem Ehegatten des zu Bevormundenden bei der Wahl den Vorzug zu geben, unter Berücksichtigung der persönlichen Verhältnisse und der Nähe des Wohnsitzes.;Vorzug;precedenza;hom
Stehen mehrere Ansprüche gegen eine beklagte Partei in einem sachlichen Zusammenhang, so ist jedes Gericht zuständig, das für einen der Ansprüche zuständig ist.;Anspruch;domanda;hom
Steht einer der Ehegatten unter Vormundschaft oder Pflegschaft, ist auch der Vormund oder der Beistand widerspruchsberechtigt.;Vormundschaft;tutela;hom
Stellt die Bank ein Sparbuch aus, so sind die Einzahlungen und Behebungen in das Buch einzutragen.;Sparbuch;libretto;hom
Stellt sich heraus, dass die Schadensnachricht unbegründet ist oder dass die Elemente nicht ausreichen, um vor Gericht die Verantwortung vorzuhalten, verfügt der Staatsanwalt die Archivierung der Ermittlungsakte.;Element;elemento;hom
Stockwerkeigentum ist der Miteigentumsanteil an einem Grundstück, der dem Miteigentümer das Sonderrecht gibt, bestimmte Teile eines Gebäudes ausschliesslich zu benutzen und innen auszubauen.;Stockwerkeigentum;condominio;hom
Strafrechtlich relevantes Verhalten nach § 32 Abs 2 SMG bezieht sich nach der Legaldefinition des § 4 SMG nur aufkonkrete, in Anhang 1 der Verordnung (EG) Nr 273/2004 betreffend Drogenausgangsstoffe, , erfasste Substanzen.;Strafrechtlich;penale;hom
Streitfragen, die zwischen den Parteien über die Zulassung des Schiedseids entstehen, werden vom Senat entschieden.;Zulassung;ammissione;hom
Sämtliche 27 IV-Stellen der Schweiz verfügen über eine 3-stellige Kennziffer. Diese ist Bestandteil der Fallnummer ….;Kennziffer;codice di identificazione;hom
Sämtliche abgeschlossenen Geschäfte/Dossiers werden in die Ruhende Ablage überführt und bleiben dort, bis die gesetzliche oder interne Aufbewahrungsfrist abgelaufen ist.;Ruhende Ablage;archivio di deposito;hom
Teil der staatlichen Aufgabe im Bereich des Kulturgutschutzes ist es  auch, die notwendige Sensibilität zu schaffen und durch einen geeigneten Regelungsrahmen sowohl die Bedeutung des Anliegens zu unterstreichen als auch die erforderliche Rechtssicherheit zu gewährleisten.;Kulturgutschutz;tutela dei beni culturali;hom
Teilnehmer können mit ihrem Namen, ihrer Anschrift und zusätzlichen Angaben wie Beruf, Branche und Art des Anschlusses in öffentliche gedruckte oder elektronische Verzeichnisse eingetragen werden, soweit sie dies beantragen.;Teilnehmer;contraente;hom
Themen der präventiven Konservierung sind beispielweise Licht …, klimatische Bedingungen (relative Luftfeuchte, Temperatur etc.), Transport, Monitoringkonzepte.;präventiv Konservierung;prevenzione;hom
Um Mißständen bei der Werbung der Kreditinstitute zu begegnen, kann das Bundesaufsichtsamt bestimmte Arten der Werbung untersagen.;Werbung;pubblicità;hom
Um den Bürgern den Zutritt zum Arbeitsmarkt zu erleichtern, kann das Land jede Maßnahme ergreifen, die geeignet ist  die berufliche Weiterbildung und die Umschulung der Arbeitnehmer zu unterstützen .;berufliche Weiterbildung;aggiornamento;hom
Unbeschadet der Verantwortlichkeit des Direktors der Anstalt können die Vermögensgüter auch Treuhändern anvertraut werden, die nicht Bedienstete der Anstalt sind.;Treuhänder;fiduciario;hom
Uneinheitlich ist die Judikatur allerdings in der Frage, ob nur Realservituten oder auch Personaldienstbarkeiten offenkundig sein können.;Realservitut;servitù;hom
Ungerechtfertigt ist eine Einwirkung dann, wenn keine auf öffentlichem oder privatem Recht gründende Pflicht zur Duldung der Einwirkung besteht.;Duldung;tolleranza;hom
Unter Beachtung der Grundsätze dieses Gesetzes LG 4/2006 kann die Landesregierung eigene Abkommen mit Körperschaften, Unternehmen oder Verbänden abschließen, um besondere Sektorenpläne in den Bereichen Abfallverminderung, Abfallverwertung und Optimierung der Abfallflüsse durchzuführen.;Abfallverwertung;recupero;hom
Unter CMR-Arzneimitteln werden solche verstanden, die als krebserzeugend (C = carcinogen), erbgutverändernd (M = mutagen) oder fortpflanzungsgefährdend (R = reproduktionstoxisch) gelten .;erbgutverändernd;mutageno;hom
Unter Diagnose versteht man die definitive, wobei die Invalidität in Prozenten ausgedrückt wird.;Invalidität;invalidità;hom
Unter Vormundschaft gehört jede minderjährige Person, die sich nicht unter der elterlichen Sorge befindet.;Vormundschaft;tutela;hom
Unterbleibt die Benachrichtigung wegen eines vorübergehenden Hinderungsgrundes, kommt der Verantwortliche der Informationspflicht unter Berücksichtigung der spezifischen Umstände der Verarbeitung innerhalb einer angemessenen Frist nach Fortfall des Hinderungsgrundes, spätestens jedoch innerhalb von zwei Wochen, nach.;Informationspflicht;obbligo di comunicazione;hom
Unterliegt ein Gut nicht dem Ausschlussprinzip und zudem der Nichtrivalität des Konsums, so wird auch von einem (geborenen) öffentlichen Gut gesprochen.;Gut;bene;hom
Unzulässige geschäftliche Handlungen sind: das Angebot eines Wettbewerbs oder Preisausschreibens, wenn weder die in Aussicht gestellten Preise noch ein angemessenes Äquivalent vergeben werden ….;Preis;premio;hom
Urteilsfähige handlungsunfähige Personen können nur mit Zustimmung ihres gesetzlichen Vertreters Verpflichtungen eingehen oder Rechte aufgeben.;Zustimmung;consenso;hom
Verbrauchbare Sachen sind an sich selbst kein Gegenstand des Gebrauches oder der Fruchtnießung, sondern nur ihr Wert.;Gebrauch;uso;hom
Vereine und Stiftungen sind durch öffentliche Urkunde zu gründen.;Verein;associazione;hom
Verfügungen über die Zulassung eines Beweises können nach Anhörung der Parteien im Widerstreit widerrufen werden.;Widerstreit;contraddittorio;hom
Verfügungen, die der Erblasser unter dem Einfluss von Irrtum, arglistiger Täuschung, Drohung oder Zwang errichtet hat, sind ungültig.;arglistig;doloso;hom
Verordnung zur Übertragung von Befugnissen zur Gewährung eines Härteausgleichs nach dem Unterhaltssicherungsgesetz.;Übertragung von Befugnissen;delega;hom
Verpflichtete haben Vertragspartner, gegebenenfalls für diese auftretende Personen und wirtschaftlich Berechtigte vor Begründung der Geschäftsbeziehung oder vor Durchführung der Transaktion zu identifizieren .;Durchführung;esecuzione;hom
Verwaltungsrechtsakte bezwecken die unmittelbare Gestaltung der Rechtslage durch Schaffung von Regeln und Rechtsverhältnissen, Verwaltungsrealakte dagegen die unmittelbare Gestaltung der Faktenlage durch Schaffung von Tatsachen.;Verwaltungsrealakt;atto materiale;hom
Verwirkung ist im österreichischen Recht nur anerkannt, soweit im Verhalten des Berechtigten ein Verzicht zu sehen ist.;Verwirkung;decadenza;hom
Vollstreckungshandlungen sind keine Akte unmittelbarer verwaltungsbehördlicher Befehls- und Zwangsgewalt.;Vollstreckungshandlung;atto esecutivo;hom
Vollstreckungsobjekt der Zwangsvollstreckung in Geldforderungen sind alle auf Geld gerichteten Forderungen.;Zwangsvollstreckung in Geldforderungen;espropriazione presso terzi;hom
Vollzugshandlungen wie Abbruch einer baurechtswidrigen Baute aufgrund eines Abbruchbefehls, polizeiliche Einziehung eines gesundheitsgefährdenden Medikaments, Massnahmen zur Zwangsvollstreckung von Forderungen des Gemeinwesens oder Anbringung von Verkehrssignalisationen stellen keine Verfügungen dar. Dagegen liegt ihnen oft eine Verfügung zugrunde.;Vollzugshandlung;atto esecutivo;hom
Von anderen Normenordnungen (Moral, Sitte, Brauch) unterscheidet sich das Recht durch seine staatliche Institutionalisierung und Durchsetzung mittels bestimmter Entscheidungs-, Änderungs- und Anerkennungsregeln.;Brauch;uso;hom
Von den Vermarktungsverboten sind auch ausgenommen 1. Tiere und Pflanzen der streng geschützten Arten, die vor ihrer Unterschutzstellung als vom Aussterben bedrohte oder streng geschützte Arten rechtmäßig erworben worden sind, .;Aussterben;estinzione;hom
Von der Anhörung ist abzusehen, wenn der Asylantrag für ein im Bundesgebiet geborenes Kind unter sechs Jahren gestellt und der Sachverhalt auf Grund des Inhalts der Verfahrensakten der Eltern oder eines Elternteils ausreichend geklärt ist.;Verfahrensakt;atto procedimentale;hom
Von der Erhebung der öffentlichen Klage kann abgesehen werden, wenn der Beschuldigte wegen der Tat einer ausländischen Regierung ausgeliefert wird.;ausländisch;straniero;hom
Von der Nichtitgkeit ist die Vernichtbarkeit zu unterscheiden. Hier z.B. bei der Eheaufhebung, ist das Rechtsgeschäft zunächst wirksam, kann aber (auf Antrag eines Beteiligten) für unwirksam erklärt werden.;Vernichtbarkeit;annullabilità;hom
Von einer Disziplinaranzeige an die Dienstbehörde ist abzusehen, wenn nach Ansicht des Dienstvorgesetzten eine Belehrung oder Ermahnung ausreicht.;Ermahnung;richiamo;hom
Von jeglichem Gutachten, jeglicher Konzession, Ermächtigung und Unbedenklichkeitserklärung wird abgesehen für Vorbeuge, Soforthilfe und Wiederherstellungsmaßnahmen in Zusammenhang mit Erdrutschen, Lawinen, Überschwemmungen und anderen Katastrophen.;Überschwemmung;alluvione;hom
Vor Erhebung der Anfechtungsklage sind Rechtmäßigkeit und Zweckmäßigkeit des Verwaltungsakts in einem Vorverfahren nachzuprüfen.;Rechtmäßigkeit;legittimità;hom
Vor Gericht geschlossene Vereinbarungen über die Höhe gesetzlicher Unterhaltsleistungen bedürfen zur ihrer Rechtswirksamkeit keiner gerichtlichen Genehmigung und sind für den Unterhaltsverpflichteten verbindlich.;Rechtswirksamkeit;efficacia;hom
Vor der Benutzung von PSA sind in einzelnen Fällen (z. B. bei Atemschutzgeräten oder Gehörschutz) arbeitsmedizinische Voruntersuchungen erforderlich.;Gehörschutz;protezione dell'udito;hom
Vor der Eintragung der Gesellschaft können  Aktien  nicht ausgegeben werden.  Für den Schaden aus der Ausgabe sind die Ausgeber den Inhabern als Gesamtschuldner verantwortlich.;Ausgabe;emissione;hom
Vor der Geburt ist das Kind unter dem Vorbehalt rechtsfähig, dass es lebendig geboren wird.;Vorbehalt;riserva;hom
Vorbeachtlich einer anderslautenden gesetzlichen Bestimmung oder einer aus dem Papier sich ergebenden gegenteiligen Klausel haftet der Indossant nicht für die Nichterfüllung der Leistung durch den Aussteller.;Aussteller;emittente;hom
Vorbehalten bleibt die Ausgabe neuer Aktien, die an Stelle ausgefallener Aktien treten.;Ausgabe;emissione;hom
Vorbehaltlich einer anderslautenden Bestimmung  muss sich die Einstellung des Arbeitnehmers für eine Probezeit aus einem Schriftstück ergeben.;Einstellung;assunzione;hom
Vorbehaltlich einer besonderen Abmachung erstreckt sich die Gewährleistung des Schenkers nicht auf Mängel, mit denen die Sache behaftet ist, außer wenn der Schenker arglistig war.;arglistig;doloso;hom
Vorbehaltlich gegenteiliger Abmachungen oder Gebräuche hat der Makler, selbst wenn das Geschäft nicht zustandegekommen ist, Anspruch auf Ersatz der Aufwendungen gegenüber der Person, in deren Auftrag sie gemacht worden sind.;Ersatz der Aufwendungen;rimborso delle spese;hom
Vorbereitung von Aussprachen und Treffen mit Mitgliedern der Legislative und Exekutive;Legislative;potere legislativo;hom
Vorschriften zum Schutz von arbeitenden Menschen regeln z. B. die Belastungen durch Arbeitsvorgänge und andere Einwirkungen wie z. B. Lärm.;Einwirkung;agente;hom
Vorschriftssignale zeigen ein Gebot oder Verbot an sie sind in der Regel rund. Verbotssignale haben im Allgemeinen einen roten Rand und ein schwarzes Symbol auf weissem Grund .;Verbotssignal;segnale di divieto;hom
War der Täter zur Zeit der Tat nicht fähig, das Unrecht seiner Tat einzusehen oder gemäss dieser Einsicht zu handeln, so ist er nicht strafbar.;Unrecht;illecito;hom
Waren an der Tat mehrere beteiligt, so ist jeder von ihnen nach seiner Schuld zu bestrafen.;Schuld;colpevolezza;hom
Wasser darf nicht für das Löschen von Feuerbränden verwendet werden, wenn die Materialien, mit welchen sie in Kontakt kommen würden, mit einer beträchtlichen Erhöhung der Temperatur oder mit einer Entwicklung von entflammbaren oder schädlichen Gasen reagieren könnten.;Löschen;estinzione;hom
Wegen der Quadricepsschwäche links könne er der Beantragende nicht Treppen steigen oder eine Leiterstufe erklimmen. Ein alternierendes Stufensteigen sei ausgeschlossen.;Leiterstufe;gradino;hom
Weil die Verlobung ein personenrechtliches Gemeinschaftsverhältnis begründet, ist sie ein höchstpersönliches Rechtsgeschäft, das nur von den Verlobten selbst vorgenommen werden kann.;verlobter;promittente;hom
Weiterbildungen  haben nach Art, Inhalt und Umfang eine Erweiterung, Vertiefung oder Spezialisierung der berufsspezifischen Kenntnisse und Fertigkeiten zu gewährleisten.;Weiterbildung;aggiornamento;hom
Wenn gegen ein Urteil sofort Berufung erhoben worden ist, dann kann der Instruktionsrichter mit unanfechtbarem Beschluß die Vollstreckung oder die Fortsetzung der weiteren Entscheidungsvorbereitung bis zum Abschluß des Berufungsverfahrens aussetzen.;Entscheidungsvorbereitung;istruttoria;hom
Wenn bei Bestimmung des Pflichtteiles Schenkungen in Anschlag zu bringen sind, muß sich jeder Noterbe auf die dadurch bewirkte Erhöhung seines Pflichtteiles die  zum Nachlasse hinzuzurechnenden Geschenke anrechnen lassen, die er selbst vom Erblasser erhalten hat.;Pflichtteil;riserva;hom
Wenn das Gericht das Erscheinen einer der in Absatz 2 bezeichneten Personen zum Zweck der Vornahme einer Identifizierung oder Gegenüberstellung oder wegen sonstiger Erfordernisse für unerläßlich erachtet, ist in den gewöhnlichen Formen zu verfahren.;Identifizierung;atto di ricognizione;hom
Wenn der Gebrauch der Leiter wegen ihrer Länge oder aus anderen Gründen kippgefährdet ist, muss diese entsprechend gesichert oder am Fuß von einer anderen Person gehalten werden.;Leiter;scala;hom
Wenn der Gekündigte oder Aufgeforderte erscheint und Einwendungen erhebt, die sich nicht auf schriftliche Beweise stützen, erläßt das Gericht auf Antrag des Bestandgebers  einen nicht anfechtbaren Beschluß auf Freigabe unter Vorbehalt der vom Beklagten erhobenen Einwendungen.;Vorbehalt;riserva;hom
Wenn der Versicherer gerechtfertigte Gründe für eine Beendigung des Versicherungsvertrags oder eine betragsmäßige Herabsetzung der Versicherungsprämie hat, entfällt beziehungsweise vermindert sich der Provisionsanspruch.;Versicherungsprämie;premio;hom
Wenn der Verstorbene Kinder hat, fällt ihnen die gesamte Verlassenschaft zu, mögen sie zu seinen Lebzeiten oder nach seinem Tod geboren sein. . Enkel von noch lebenden Kindern und Urenkel von noch lebenden Enkeln haben kein Recht zur Erbfolge.;Enkel;nipote;hom
Wenn die Beschwerde in der Verhandlung erhoben wird, setzt der Richter auf Antrag der Parteien in dieser Verhandlung eine Frist für die Mitteilung einer schriftlichen Äußerung und eine weitere darauffolgende für die Mitteilung einer Gegenäußerung fest.;Gegenäußerung;replica;hom
Wenn die Bestellung der Geschäftsführer im Gesellschaftsvertrag erfolgt ist, kann die Zulässigkeit des Widerrufes auf wichtige Gründe beschränkt werden.;Geschäftsführer;amministratore;hom
Wenn die Entscheidung über das Rechtsmittel auf Grund mündlicher Verhandlung stattzufinden hat, so kann die Zurücknahme nach Beginn der Hauptverhandlung nur mit Zustimmung des Gegners erfolgen. Die Zurücknahme eines Rechtsmittels des Angeklagten bedarf jedoch nicht der Zustimmung des Nebenklägers.;Zustimmung;consenso;hom
Wenn die Geschäftsführung nicht mit Rücksicht auf das Interesse des Geschäftsherrn unternommen wurde, so ist dieser gleichwohl berechtigt, die aus der Führung seiner Geschäfte entspringenden Vorteile sich anzueignen.;Geschäftsherr;committente;hom
Wenn die Klage oder die Verfügung einen Inhalt aufweist, der über die Aufgaben des Verwalters hinausreicht, ist dieser verpflichtet, davon unverzüglich die Versammlung der Miteigentümer zu verständigen.;Versammlung der Miteigentümer;assemblea dei condomini;hom
Wenn die Pacht ein landwirtschaftlich genutztes Grundstück zum Gegenstand hat, muß die Kündigung unter Einhaltung einer Kündigungsfrist von sechs Monaten vorgenommen werden .;Kündigung;licenza;hom
Wenn die Partei nicht erscheint oder ohne rechtfertigenden Grund die Antwort verweigert, so kann der Senat unter Würdigung jedes anderen Beweisumstandes die Tatsachen, die Gegenstand der Vernehmung hätten bilden sollen, für zugestanden halten.;Beweisumstand;elemento;hom
Wenn die in Bestand genommene Sache wegen außerordentlicher Zufälle, als Feuer, Krieg oder Seuche, großer Überschwemmungen, Wetterschläge, oder wegen gänzlichen Mißwachses gar nicht gebraucht oder benutzt werden kann, so ist der Bestandgeber zur Wiederherstellung nicht verpflichtet .;Überschwemmung;alluvione;hom
Wenn diese Maßnahmen nicht angewendet werden können, muss von blanken unter Spannung stehenden Teilen ein sicherer Abstand, größer als DL , eingehalten werden und erforderlichenfalls eine entsprechende Aufsichtsführung sichergestellt sein.;DL;DL;hom
Wenn ein Mitglied die wesentlichen Bedingungen des Vertrages nicht erfüllt  wenn es durch eine oder mehrere gerichtlich strafbare Handlungen,  das Vertrauen verliert so kann es vor Verlauf der Zeit von der Gesellschaft ausgeschlossen werden.;Vertrauen;fiducia;hom
Wenn ein/e Arbeitnehmer/in auf Grund einer Fehlsichtigkeit oder sonstigen Seheinschränkung einen Sehbehelf verwendet, muss der Augenschutz so ausgewählt werden, dass der Sehbehelf ohne Beeinträchtigung getragen werden kann (z. B. Überbrille).;Augenschutz;protezione degli occhi;hom
Wenn eine summarische Untersuchung geführt wird, ist der Antrag beim Sekretariat der Staatsanwaltschaft zu hinterlegen, die, sofern sie ihre Einwilligung dazu erteilt, diesen Antrag zusammen mit den Akten des Verfahrens an den Untersuchungsrichter übermittelt.;Untersuchungsrichter;giudice istruttore;hom
Wenn es dem Bundesrat zu seiner Information und Meinungsbildung angezeigt erscheint, zieht er zu seinen Verhandlungen Führungskräfte sowie inner- und ausserhalb der Bundesverwaltung stehende Sachkundige bei.;Führungskraft;dirigente;hom
Wenn jemand ohne Verschulden verhindert war, eine gesetzliche Verfahrensfrist einzuhalten, so ist ihm auf Antrag Wiedereinsetzung in den vorigen Stand zu gewähren.;Verfahrensfrist;termine;hom
Wenn nach aussen hin nur der Hauptgesellschafter auftritt, so hat der stille Gesellschafter doch an der internen Geschäftsführung teil.;still Gesellschafter;associato;hom
Wenn zugleich mit dem Widerspruch ein Antrag auf Abgeltung eingebracht worden ist, entscheidet das Gericht über diesen Antrag, bevor es die in Absatz 1 bezeichneten Verfügungen erläßt.;Abgeltung;oblazione;hom
Wer Anspruch auf eine Entschädigung  oder auf eine Sonderzulage  hat, muss die Versicherungsprämien selber tragen. In den übrigen Fällen übernimmt der Bund die Versicherungsprämien.;Versicherungsprämie;premio;hom
Wer Eigentümer einer Sache ist, hat das Eigentum an allen ihren Bestandteilen.;Sache;bene;hom
Wer Nachkommen, Eltern oder den Ehegatten als seine nächsten Erben hinterlässt, kann bis zu deren Pflichtteil über sein Vermögen von Todes wegen verfügen.;Pflichtteil;riserva;hom
Wer auf schweizerischem Gebiet ohne Bewilligung für einen fremden Staat Handlungen vornimmt, die einer Behörde oder einem Beamten zukommen, …wird mit Freiheitsstrafe bis zu drei Jahren oder Geldstrafe ….;Handlung;atto;hom
Wer bei einer Fahrt auf See, insbesondere infolge Untergangs des Schiffes, verschollen ist, kann für tot erklärt werden, wenn seit dem Untergang des Schiffes oder dem sonstigen die Verschollenheit begründenden Ereignis sechs Monate verstrichen sind.;Verschollenheit;assenza;hom
Wer dem Versicherer den Antrag zum Abschlusse eines Versicherungsvertrages gestellt und für die Annahme keine kürzere Frist gesetzt hat, bleibt 14 Tage gebunden.;Versicherer;assicuratore;hom
Wer ein fremdes Geheimnis, namentlich ein zum persönlichen Lebensbereich gehörendes Geheimnis oder ein Betriebs- oder Geschäftsgeheimnis, offenbart , wird mit Freiheitsstrafe bis zu einem Jahr oder mit Geldstrafe bestraft.;Geheimnis;segreto;hom
Wer eine Behörde, ein Mitglied einer Behörde oder einen Beamten durch Gewalt oder Drohung an einer Handlung, die innerhalb ihrer Amtsbefugnisse liegt, hindert, zu einer Amtshandlung nötigt oder während einer Amtshandlung tätlich angreift, wird  bestraft.;Gewalt;violenza;hom
Wer eine Erbschaft erwerben will, muss dem Gericht den Rechtstitel (Erbvertrag, letztwillige Verfügung oder Gesetz) nachweisen und ausdrücklich erklären, die Erbschaft anzutreten.;Rechtstitel;titolo;hom
Wer eine Schenkung unter einer Auflage macht, kann die Vollziehung der Auflage verlangen, wenn er seinerseits geleistet hat.;Auflage;onere;hom
Wer eine fremde bewegliche Sache einem anderen mit dem Vorsatz wegnimmt, sich oder einen Dritten durch deren Zueignung unrechtmäßig zu bereichern, ist mit Freiheitsstrafe bis zu sechs Monaten oder mit Geldstrafe bis zu 360 Tagessätzen zu bestrafen.;Zueignung;impossessamento;hom
Wer einen Minderjährigen unter vierzehn Jahren oder eine Person , die unfähig ist, für sich selbst zu sorgen, und deren Beaufsichtigung oder Pflege ihm obliegt, verläßt, wird mit Gefängnisstrafe von sechs Monaten bis zu fünf Jahren bestraft.;Beaufsichtigung;custodia;hom
Wer für eine gewerbliche Erfindung ein Patent erteilt bekommen hat, hat das ausschließliche Recht, die Erfindung zu verwirklichen und über sie innerhalb der vom Gesetz gezogenen Grenzen und zu den von diesem festgesetzten Bedingungen zu verfügen.;gewerbliche Erfindung;invenzione;hom
Wer in seiner Persönlichkeit widerrechtlich verletzt wird, kann zu seinem Schutz gegen jeden, der an der Verletzung mitwirkt, das Gericht anrufen.;Schutz;protezione;hom
Wer in seiner Persönlichkeit widerrechtlich verletzt wird, kann zu seinem Schutz gegen jeden, der an der Verletzung mitwirkt, das Gericht anrufen.;widerrechtlich;illecito;hom
Wer nicht möchte, dass sein Enkel oder seine Enkelin schon mit 18 Jahren frei über das geerbte Geld verfügt, kann die Erbschaft mit einer Auflage versehen.;Enkelin;nipote;hom
Wer sich an solchen Vereinigungen (zu terroristischen Zwecken) beteiligt, wird mit Gefängnisstrafe von vier bis zu acht Jahren bestraft.;Vereinigung;associazione;hom
Wer unrechtmässig in Anstalten oder andere Örtlichkeiten eindringt, zu denen der Zutritt von der Militärbehörde verboten ist, militärische Anstalten oder Gegenstände abbildet, oder solche Abbildungen vervielfältigt oder veröffentlicht, wird mit Haft oder mit Busse bestraft.;Zutritt;accesso;hom
Wer vorsätzlich oder fahrlässig das Leben, den Körper, die Gesundheit, die Freiheit, das Eigentum oder ein sonstiges Recht eines anderen widerrechtlich verletzt, ist dem anderen zum Ersatz des daraus entstehenden Schadens verpflichtet.;widerrechtlich;illecito;hom
Wer zum Nachteil eines anderen Maße oder Gewichte mit nachgemachtem oder verfälschtem gesetzlichen Ausdruck oder sonst verfälschte Maße oder Gewichte verwendet, wird mit Gefängnisstrafe bis zu sechs Monaten und mit Geldstrafe bis zu einer Million Lire bestraft.;gesetzlich;legale;hom
Wer zur Abgabe einer Willenserklärung durch arglistige Täuschung oder widerrechtlich durch Drohung bestimmt worden ist, kann die Erklärung anfechten.;Drohung;minaccia;hom
Wer zur Abgabe einer Willenserklärung durch arglistige Täuschung oder widerrechtlich durch Drohung bestimmt worden ist, kann die Erklärung anfechten.;arglistig;doloso;hom
Wer zur Abgabe einer Willenserklärung durch arglistige Täuschung oder widerrechtlich durch Drohung bestimt worden ist, kann die Erklärung anfechten.;arglistige Täuschung;dolo;hom
Wer zur Erfüllung einer Verwaltungsaufgabe sachlich, örtlich und funktionell zuständig ist, ist auch befugt, damit verbundene Verwaltungsrechtsverhältnisse durch Verfügung zu regeln.;Verfügung;provvedimento;hom
Werden Bauten, Gebäudeteile, Arbeitsmittel (Maschinen, Apparate, Werkzeuge und Anlagen, die bei der Arbeit benutzt werden) oder Arbeitsverfahren geändert oder werden im Betrieb neue Stoffe verwendet, so muss der Arbeitgeber die Schutzmassnahmen und Schutzeinrichtungen den neuen Verhältnissen anpassen.;Schutzeinrichtung;protezione;hom
Werden am Arbeitsplatz Sprengstoffe verwendet, so ist in den Zonen 0 und 20 nur die Verwendung von schlagwettersicheren Sprengstoffen erlaubt, die vom Hersteller als solche deklariert wurden.;Sprengstoff;esplosivo;hom
Werden bei Arbeitsvorgängen offene radioaktive Stoffe unter Anwendung der notwendigen Sicherheitsmaßnahmen verwendet, so ist für die Dauer dieser Arbeitsvorgänge eine Kennzeichnung der radioaktiven Stoffe nicht erforderlich. Bei diesen Arbeitsvorgängen muss eine mit diesen Sicherheitsmaßnahmen vertraute Person anwesend sein.;Sicherheitsmaßnahme;misura di sicurezza;hom
Werden bewegliche Sachen miteinander dergestalt verbunden, dass sie wesentliche Bestandteile einer einheitlichen Sache werden, so werden die bisherigen Eigentümer Miteigentümer dieser Sache die Anteile bestimmen sich nach dem Verhältnis des Wertes, den die Sachen zur Zeit der Verbindung haben.;Verbindung;incorporazione;hom
Werden die Flächen für den geförderten Wohnbau  direkt zugunsten des Wohnbauinstituts enteignet, wird ein einmaliger Beitrag in Höhe der gesamten Enteignungsentschädigung gewährt.;Enteignungsentschädigung;indennizzo;hom
Werden durch Absaugungen Stoffe erfasst, die brand- und explosionsfähig sind, haben der Betreiber und der Anbieter der Absaugungen bei der technischen Planung darauf Rücksicht zu nehmen.;explosionsfähig;esplosivo;hom
Wertpapiere, die Rechte der Einleger (Anteilinhaber) gegen eine Kapitalgesellschaft oder einen sonstigen Fonds verbriefen (Anteilscheine), sind mit dem Rücknahmepreis anzusetzen.;Fonds;fondo;hom
Wesentlich für die Beurteilung, ob ein Objekt leasingfähig ist, ist die Fungibilität diese ist entscheidend für die Wiederverwertbarkeit eines Leasing-Objektes.;Leasing-Objekt;bene;hom
Wir haben di dinglichen Rechte als absolute, jeder Person gegenüber geltende Rechte bezeichnet. Diesem Charakter entspricht eine möglichts weitgehende Publizität (Öffentlichkeit).;Publizität;pubblicità;hom
Wird das Benützungsrecht des Untervermieters aufgelöst, so hat der Untervermieter den Untermieter hievon unverzüglich in Kenntnis zu setzen.;Benützungsrecht;uso;hom
Wird das Erscheinen angeordnet, so ist die Partei von Amts wegen zu laden. Die Ladung ist der Partei selbst mitzuteilen, auch wenn sie einen Prozessbevollmächtigten bestellt hat der Zustellung bedarf die Ladung nicht.;Prozessbevollmächtigter;procuratore;hom
Wird der Enthaltungserklärung oder Ablehnungserklärung stattgegeben, darf der Richter keine Verfahrenshandlungen mehr vornehmen.;Verfahrenshandlung;atto procedimentale;hom
Wird der Vertrag  gekündigt, so findet die Vorschrift  Anwendung. Die Mehrkosten für die Rückbeförderung sind von den Parteien je zur Hälfte zu tragen.;Partei;contraente;hom
Wird die Aufbewahrung unentgeltlich übernommen, so hat der Verwahrer nur für diejenige Sorgfalt einzustehen, welche er in eigenen Angelegenheiten anzuwenden pflegt.;Aufbewahrung;deposito;hom
Wird die Erbschaft mit Vorbehalt der rechtlichen Wohlthat des Inventariums angetreten so ist sogleich vom Gerichte das Inventarium auf Kosten der Masse aufzunehmen.;Vorbehalt;riserva;hom
Wird die Sicherheit unzulänglich, kann die Bank eine zusätzliche Sicherheit oder den Austausch des Sicherheitsleistenden verlangen.;Sicherheitsleistender;garante;hom
Wird die Zwangsvollstreckung wegen einer Forderung aus einer vorsätzlich begangenen unerlaubten Handlung betrieben, so kann das Vollstreckungsgericht auf Antrag des Gläubigers den pfändbaren Teil des Arbeitseinkommens ohne Rücksicht auf die in § 850c vorgesehenen Beschränkungen bestimmen .;unerlaubt;illecito;hom
Wird die Zwangsvollstreckung wegen einer Forderung aus einer vorsätzlich begangenen unerlaubten Handlung betrieben, so kann das Vollstreckungsgericht auf Antrag des Gläubigers den pfändbaren Teil des Arbeitseinkommens ohne Rücksicht auf die in § 850c vorgesehenen Beschränkungen bestimmen .;unerlaubt Handlung;fatto illecito;hom
Wird eine erwerbstätige Person  zum Beispiel krank oder arbeitslos, erhält sie eine finanzielle Unterstützung aus der Kranken- oder Arbeitslosenversicherung (Krankengeld oder Arbeitslosenunterstützung).;erwerbstätige Person;lavoratore;hom
Wird eine gefährliche Arbeit oder eine gefährliche Tätigkeit von einer Person allein ausgeführt, so hat der Unternehmer über die allgemeinen Schutzmaßnahmen hinaus für geeignete technische oder organisatorische Personenschutzmaßnahmen zu sorgen.;gefährliche Tätigkeit;attività pericolosa;hom
Wird einer am Verfahren beteiligten Person die Einsichtnahme in ein Aktenstück verweigert, so wird auf dieses nur abgestellt, wenn ihr die Behörde von seinem für die Sache wesentlichen Inhalt mündlich oder schriftlich Kenntnis gegeben hat.;Aktenstück;atto processuale;hom
Wird in einer Gemeinde mehr als eine gültige Wahlvorschlagliste eingereicht, so muß die Wahl unter Berücksichtigung der Grundsätze der Verhältniswahl erfolgen.;Wahlvorschlagliste;lista elettorale;hom
Wird jemand durch die öffentliche Gewalt in seinen Rechten verletzt, so steht ihm der Rechtsweg offen. Soweit eine andere Zuständigkeit nicht begründet ist, ist der ordentliche Rechtsweg gegeben. Artikel 10 Abs. 2 Satz 2 bleibt unberührt.;Satz;periodo;hom
Wird nach Ausstellung einer neuen Zulassungsbescheinigung Teil I für eine in Verlust geratene Bescheinigung diese wieder aufgefunden, hat der Halter oder Eigentümer sie unverzüglich der zuständigen Zulassungsbehörde abzuliefern.;Zulassungsbescheinigung Teil I;libretto;hom
Wo eine Verjährung von fünf oder mehr Jahren neu eingeführt ist, wird der abgelaufene Zeitraum einer vor dem Inkrafttreten dieses Gesetzes begonnenen Verjährung angerechnet, wobei jedoch zur Vollendung der Verjährung noch mindestens zwei Jahre seit diesem Zeitpunkte ablaufen müssen.;Zeitraum;periodo;hom
Wohnungen haben einen eigenen Eingang unmittelbar vom Treppenhaus, von einem Vorraum oder von außen, das heißt, dass die Bewohner ihre Wohnung betreten und verlassen können, ohne durch die Wohnung eines anderen Haushalts gehen zu müssen.;Treppenhaus;scala;hom
Wollen mehrere Miterben das Einlösungsrecht ausüben, so wird der Anteil allen zu gleichen Teilen zugewiesen.;Einlösungsrecht;diritto di riscatto;hom
Wurde der Rekurs angenommen und die Feststellung des Verstoßes für unbegründet erklärt, so bewirkt die Anordnung das Erlöschen der Zusatzstrafe und die Rückgabe des Fahrzeugs durch das Polizeiorgan .;Anordnung;ordinanza;hom
Wurde die Forderungsexekution im vereinfachten Bewilligungsverfahren bewilligt, so darf an den betreibenden Gläubiger erst vier Wochen nach Zustellung des Zahlungsverbots an den Drittschuldner geleistet oder der Betrag hinterlegt werden.;Forderungsexekution;espropriazione presso terzi;hom
Wählbar ist bei den Sozialversicherungswahlen nicht, wer  als leitender Beamter oder Angestellter bei einer Behörde, die Aufsichtsrechte gegenüber dem Versicherungsträger hat, oder  als anderer Beamter oder Angestellter bei einer solchen Behörde im Fachgebiet Sozialversicherung beschäftigt ist.;leitender Beamter;dirigente;hom
Während das Wort Aktie sowohl den Bruchteil des Grundkapitals wie die Mitgliedschaft bezeichnet, finden sich bei der GmbH für die beiden Begriffe zwei verschiedene Ausdrücke: Stammeinlage und Geschäftsanteil.;Geschäftsanteil;quota;hom
Während das Zivilrecht durch die Privatautonomie geprägt und damit geradezu auf den Vertrag als Gestaltungsmittel ausgerichtet ist, wird das Verwaltungsrecht durch den Grundsatz der Gesetzmäßigkeit beherrscht.;Grundsatz der Gesetzmäßigkeit;principio di legalità;hom
Während ein Tatirrtum eine unrichtige Vorstellung oder das Fehlen einer Vorstellung über die objektiven Tatmerkmale ist, liegt ein Rechtsirrtum vor, wenn der Täter nicht erkennt, daß sein Verhalten rechtlich verboten ist.;Tatirrtum;errore di fatto;hom
Zahlungen für den Unternehmer kann der Handelsvertreter nur dann annehmen, wenn er hiezu ermächtigt ist.;Handelsvertreter;agente;hom
Zeigt sich im Laufe der Mietzeit ein Mangel der Mietsache oder wird eine Maßnahme zum Schutz der Mietsache gegen eine nicht vorhergesehene Gefahr erforderlich, so hat der Mieter dies dem Vermieter unverzüglich anzuzeigen.;Maßnahme;provvedimento;hom
Zickzacklinien  kennzeichnen Haltestellen für Busse im öffentlichen Linienverkehr.;Haltestelle;fermata;hom
Ziel des neunten Titels (des ZGB) ist es, Familienverhältnisse zu regeln, die  eine Mehrzahl von Verwandten und/oder im selben Haushalt lebenden Personen betreffen oder über Generationen bedeutsam sind.;in selber Haushalt lebend Person;convivente;hom
Ziele : 1. Verringerung der Inzidenz von Verkehrsunfällen, Arbeitsunfällen und Unfällen im Haushalt  2. Senkung der Mortalität und der Anzahl der Fälle von Invalidität aufgrund von Arbeits- und Verkehrsunfällen sowie von Unfällen im Haushalt ….;Unfall in Haushalt;infortunio domestico;hom
Zu ihrer Verbindlichkeit bedürfen der Aufnahme in die Statuten:  die Gewährung eines Austrittsrechtes .;Austrittsrecht;diritto di recesso;hom
Zuerst trägt der Untersuchungsrichter eine Darstellung des bisherigen Ganges der Untersuchung vor. Hierauf erhält der Staatsanwalt das Wort und dann der Beschuldigte oder sein Verteidiger zur Erwiderung.;Erwiderung;replica;hom
Zugangsöffnungen für Behälter, Silos und enge Räume, in denen Arbeiten durchzuführen sind, müssen so groß und so angeordnet sein, dass das Ein- und Aussteigen und Retten von Personen jederzeit möglich ist.;Zugangsöffnung;accesso;hom
Zugunsten der Gläubiger der übernehmenden Gesellschaft bestehen keine entsprechenden Schutzvorkehrungen, obwohl sich eine Fusion auch für sie nachteilig auswirken kann.;übernehmend Gesellschaft;società incorporante;hom
Zum Abschlusse eines Vertrages ist die übereinstimmende gegenseitige Willensäusserung der Parteien erforderlich.;Partei;contraente;hom
Zum Fachgebiet Denkmalschutz gehören folgende Teilgebiete und dazugehörige Aufgaben:Interessenwahrung Kulturraum: Stellungnahmen zu Bundesinventaren, zivilen Planungs- und Bauvorhaben Denkmalschutz bei MPV-pflichtigen Bauprojekten, .;Denkmalschutz;conservazione dei beni culturali;hom
Zum Unterschied von der Bedingung steht bei der Befristung fest, daß der Zeitpunkt kommen wird er ist insofern gewiß.;Befristung;termine;hom
Zur Berufsausübung ist die Eintragung in die Berufskammer erforderlich. Voraussetzungen dafür sind:  Staatsprüfung zur Erlangung der Berufsbefähigung.;Staatsprüfung zur Erlangung der Berufsbefähigung;esame di Stato;hom
Zur Bewilligung der Exekution ist das  Exekutionsgericht zuständig.;Exekutionsgericht;giudice dell'esecuzione;hom
Zur Entstehung einer rechtsfähigen Stiftung sind das Stiftungsgeschäft und die Anerkennung durch die zuständige Behörde des Landes erforderlich, in dem die Stiftung ihren Sitz haben soll.;Anerkennung;riconoscimento;hom
Zur Errichtung einer Grunddienstbarkeit bedarf es der Eintragung in das Grundbuch.;Grunddienstbarkeit;servitù;hom
Zur Verwirklichung der  Ziele hält sich das Land in der Verwaltungstätigkeit an die Kriterien der Effizienz  der Publizität.;Publizität;pubblicità;hom
Zur Verwirklichung der vom Gesetz vorgesehenen Ziele hält sich das Land in der Verwaltungstätigkeit an die Kriterien der Effizienz, der Wirtschaftlichkeit, der Rationalität und der Publizität.;Verwaltungstätigkeit;funzione amministrativa;hom
Zur Vorbereitung der Entscheidung kann das Gericht folgende Maßnahmen durchführen …: Rechtliches Gehör …, Glaubhaftmachung …, Erhebungen …, Mündlicher Erortungstermin ….;Vorbereitung der Entscheidung;istruttoria;hom
Zur Vornahme einzelner Prozesshandlungen bedarf der Verteidiger keiner besonderen Vollmacht.;Prozesshandlung;atto processuale;hom
Zur ordnungsgemäßen Durchführung der mit den Hauptuntersuchungen verbundenen Kontrollen und Prüfungen müssen die Unternehmen laut Absatz 8 geeignete, in der Verordnung näher festgelegte fachliche und berufliche Voraussetzungen besitzen und über entsprechende Ausstattungen und Räumlichkeiten verfügen.;Verordnung;regolamento;hom
Zur Überprüfung der Arbeitsfähigkeit hinsichtlich einer möglichen Eingliederung in die Arbeitswelt werden den Nutzerinnen und Nutzern verschiedene kurze, gezielte Praktika in Privatbetrieben, öffentlichen Körperschaften, Vereinigungen und Sozialgenossenschaften für einen maximalen Zeitraum von in der Regel sechs Monaten angeboten.;Arbeitsfähigkeit;capacità lavorativa;hom
Zurechnungsfähig ist, wer im Zeitpunkt der Begehung der Tat das vierzehnte, aber noch nicht das achtzehnte Lebensjahr vollendet hatte und einsichts- und willensfähig war .;Zurechnungsfähig;imputabile;hom
Zusätzlich zum Konformitätskennzeichen müssen Medizinprodukte, deren Konformität  von einer Konformitätsbewertungsstelle zu beurteilen ist, die Kennnummer der verantwortlichen Stelle tragen.;Kennnummer;codice di identificazione;hom
Verbotszeichen sind als weiße Kreise mit schwarzem Piktogramm und rotem Rand  zu gestalten.;Verbotszeichen;segnale di divieto;hom
Arbeitnehmer unterliegen der Gesundheitsüberwachung, wenn sie gesundheitsgefährdenden chemischen Arbeitsstoffen ausgesetzt sind, die als hochgiftig, giftig, gesundheitsschädlich, sensibilisierend, irritierend, für den Produktionszyklus giftig, krebserregend und erbgutverändernd klassifiziert sind.;krebserregend;cancerogeno;hom
Auch Vollstreckungsakte stellen unzweifelhaft hoheitliche Verwaltungsakte dar. Ihnen muss jedoch ein bestehender (oder wenigstens bevorstehender) Vollstreckungstitel zu Grunde liegen.;Vollstreckungsakt;atto esecutivo;hom
Beim rechtswidrigen VA (ist)  zwischen formellen (förmlichen) und materiellen (inhaltlichen) Fehlern zu trennen.;Fehler;vizio;hom
Bund oder Länder können die Verwaltungsaufgabe entweder selbst durch eigene Behörden wahrnehmen (unmittelbare Staatsverwaltung) oder die Aufgabe auf unterstaatliche Verwaltungsträger (Körperschaft, Anstalt oder Stiftung) übertragen (sog. mittelbare Staatsverwaltung).;Verwaltungsaufgabe;funzione amministrativa;hom
Das Spektrum der IR-Strahlung wird unterteilt in IR-A-Strahlung (780 bis 1 400 Nanometer), IR-B-Strahlung (1 400 bis 3 000 Nanometer) und IR-C-Strahlung (3 000 Nanometer bis 1 Millimeter).;IR-Strahlung;IR;hom
Das Wohnungseigentum setzt sich aus dem Sondereigentum und dem Miteigentumsanteil als unlöslicher Zweiheit zusammen.;Wohnungseigentum;condominio;hom
Der Schutz des Gehörs soll bei der Arbeit ernst genommen werden .;Schutz des Gehörs;protezione dell'udito;hom
Die Anzahl der erwerbstätigen Personen im zweiten Quartal 2018 liegt in Südtirol bei 252.000. Die Erwerbstätigenquote (15-64 Jahre) beläuft sich auf 72,5% und die saisonbereinigte Arbeitslosenquote auf 2,9%. Die errechnete Zahl der Arbeitsuchenden beläuft sich auf 8.600.;erwerbstätig Person;lavoratore;hom
Die Auswahl des richtigen Handschutzes hat auf der Grundlage einer qualifizierten Gefährdungsbeurteilung zu erfolgen.;Handschutz;protezione delle mani;hom
Die Benennung kann unter Auflagen erteilt werden und ist zu befristen. Erteilung, Ablauf, Rücknahme, Widerruf und Erlöschen der Benennung sind dem Bundesministerium für Gesundheit unverzüglich anzuzeigen.;Benennung;notifica;hom
Die Börse lässt sich als (teilrechtsfähige) funktionale Selbstverwaltungskörperschaft begreifen, die keinen verfassungsrechtlichen Schutz genießt und die darüber hinaus auch mit Satzungsautonomie und Selbstgerichtsbarkeit ausgestattet ist.;funktionale Selbstverwaltungskörperschaft;autonomia funzionale;hom
Die Eingreifschwelle für Radongasexposition liegt in Italien bei 500 Bq/m³ Jahresmittelwert (= 3 mSv/2000 Arbeitsstunden pro Jahr). Bei Überschreitung der Grenzwerte müssen geeignete Gegenmaßnahmen eingeleitet werden.;Eingreifschwelle;livello di azione;hom
Die Erklärung ist nichtig, wenn sie einem anderen gegenüber abzugeben ist und dieser den Vorbehalt kennt.;Vorbehalt;riserva;hom
Die Geldbuße darf  nicht höher sein als vier Stunden des Grundlohnes und die Suspendierung von Dienst und Entlohnung 10 Tage nicht überschreiten.;Geldbuße;multa;hom
Die Nachkommen eines letztwillig bedachten Kindes des Erblassers gelten als Ersatzerben des eingesetzten Kindes, wenn dieses vor dem Erblasser stirbt .;Ersatzerbe;sostituito;hom
Die Nichtanerkennung des deutschen Scheidungsurteils auf Grund des spanischen ordre public kann aus der Sicht der deutschen Rechtsordnung nicht hingenommen werden, da es sich um die Beurteilung eines rein inlandsbezogenen Sachverhalts handelt.;ordre public;ordine pubblico;hom
Die VS Verschlusssachen sind mit Geschäftszeichen und Datum zu versehen. Das Geschäftszeichen ist am Schluss durch die Abkürzung VS-Vertr. zu ergänzen.;VS-Vertr.;RR;hom
Die betroffene Person kann über das Fahrzeug und die dazugehörigen Papiere ausschließlich zum Zwecke der Verschrottung und Löschung des Fahrzeuges verfügen, sofern sie beim Feststellungsorgan eine Kaution hinterlegt .;Löschung;radiazione;hom
Die präventive Konservierung von Kunst und Kulturgut stellt eines der wichtigsten Arbeitsfelder der Konservierung-Restaurierung dar ….;präventive Konservierung;prevenzione;hom
Die vom Wahlwerber bei Erklärung der Annahme der Kandidatur angegebene Sprachgruppenzugehörigkeit muß der Erklärung entsprechen, die er im Sinne des Artikels 18 des Dekrets des Präsidenten der Republik vom 26. Juli 1976, Nr. 752  abgegeben hat.;Wahlwerber;candidato;hom
Das Patientenverfügungs-Gesetz regelt die Voraussetzungen und die Wirksamkeit von Patientenverfügungen.;Wirksamkeit;efficacia;hom
Das Telemediengesetz gilt für alle elektronischen Informations- und Kommunikationsdienste, soweit sie nicht Telekommunikationsdienste …, die ganz in der Übertragung von Signalen über Telekommunikationsnetze bestehen, telekommunikationsgestützte Dienste oder Rundfunk sind (Telemedien).;Übertragung;trasmissione;hom
Das Unternehmen bemüht sich als Gegenleistung für den von den Mitarbeitern geforderten Einsatz, die bestmögliche Gestaltung der Arbeitsumstände zu gewährleisten.;Arbeitsumstände;condizioni di lavoro;hom
Der Generalsekretär oder die Generalsekretärin der Gerichtsverwaltung kann einzelne Befugnisse oder Bereiche an leitende Angestellte delegieren.;leitend angestellter;dirigente;hom
Der Grundsatz der Formfreiheit ist durch zahlreiche Sonderregeln eingeschränkt, wobei sich die Formgebundenheit unmittelbar aus dem Gesetz oder aus der Parteienvereinbarung ergeben kann.;Formgebundenheit;forma vincolata;hom
Die Polizei kann Private auffordern, sie bei der Anhaltung zu unterstüt- zen.;Anhaltung;arresto;hom
Die Daten waren jedenfalls bis Oktober XXXX grundsätzlich für die Ärzte und das Pflegepersonal einsehbar. Für eine Einsicht bedurfte es einer Patidok-Zugangsberechtigung mit Kennung und Passwort.;Kennung;codice di identificazione;hom
Die Enteignungsbehörde hat den Zustand des Grundstücks vor der Besitzeinweisung in einer Niederschrift feststellen zu lassen, soweit er für die Besitzeinweisungs- oder die Enteignungsentschädigung von Bedeutung ist. Den Beteiligten ist eine Abschrift der Niederschrift zu übersenden.;Enteignungsentschädigung;indennizzo;hom
Die Unerschwinglichkeit der Leistung wird der objektiven Unmöglichkeit gleichgesetzt. In der Praxis wird die Haftung des Schuldners durch eine Kriegs-, Streik- oder Freizeichnungsklausel eingeschränkt oder aufgehoben oder es kann die Leistung durch eine Gold- oder Valutaklausel gesichert werden.;Unerschwinglichkeit;inesigibilità;hom
Die von der Bundesregierung eingesetzte Gewaltkommission schlägt zwar eine Beschränkung auf physische Gewalt vor, möchte aber Strafbarkeitslücken dadurch schließen, daß dem § 240 StGB ein drittes Nötigungsmittel in Form vergleichbar schweren psychischen Zwanges hinzuzufügen sei.;physische Gewalt;violenza fisica;hom
Durch Wertsicherungsklauseln soll die Geldentwertung zwischen dem Vertragsschluß und dem Zahlungszeitpunkt ausgeglichen werden, was vor allem bei langfristigen Dauerschuldverhältnissen im Interesse des Geldgläubigers von großer praktischer Bedeutung ist.;Geldentwertung;svalutazione;hom
Ein finanzgerichtliches Urteil, in welchem die Finanzbehörde dazu verurteilt worden ist, Einsicht in eine bestimmte Akte zu gewähren, unterliegt grundsätzlich der Vollstreckung nach § 888 ZPO über die Zwangsvollstreckung zur Erwirkung nicht vertretbarer Handlungen.;Zwangsvollstreckung zur Erwirkung nicht vertretbarer Handlungen;esecuzione forzata di obblighi di fare;hom
Ein explosionsgefährdeter Bereich ist ein Bereich, in dem die Atmosphäre aufgrund der örtlichen und betrieblichen Verhältnisse explosionsfähig werden kann.;explosionsfähig;esplosivo;hom
Es bedürfe zur Fortbildung des Rechts einer höchstrichterlichen Klärung, ob der objektive Nachweis einer innergemeinschaftlichen Fahrzeuglieferung dann nicht erbracht sei, wenn die Zeitspanne zwischen Abholung des Fahrzeugs bzw. Abmeldung im Inland und der Zulassung im Bestimmungsland einen Monat überschreite.;Abmeldung;radiazione;hom
Es sei M.W. als verantwortlicher Beauftragter (für die betreffende Baustelle) genannt. Zu seinem „sachlichen Zuständigkeitsbereich“ werde Folgendes angegeben: „Bauleiter, Abwicklung der Baustelle, Einhaltung sämtlicher Arbeitnehmerschutzvorschriften einschl. Vorschriften über die Arbeitszeiten und die Arbeitsruhe sowie des Arbeitsinspektionsgesetzes.“;Bauleiter;DL;hom
Es sollen zu einem Stoff folgende Angaben dokumentiert werden, soweit sie vorhanden und dem Betreiber zugänglich sind:  d) Toxizität gegenüber zwei aquatischen Arten aus zwei verschiedenen Ebenen der Nahrungskette .;Nahrungskette;catena alimentare;hom
I subjektiver Hinsicht liegt es nicht vor in Anbetracht dessen, dass der Beschuldigte gewerbsmäßig und als Rückfallstäter tätig war und eine starke Neigung zur Begehung von Finanzdelikten ersichtlich wurde, wobei er darüber hinaus in zumindest einem Fall Anstiftungstäter war.;Rückfallstäter;recidivo;hom
Im Falle des Auftretens von COVID-19-Symptomen diesen Umstand unverzüglich der Abteilung für Prävention des örtlichen Sanitätsbetriebes über die eigens vorgesehenen Telefonnummern zu melden und sich, in Erwartung der entsprechenden Entscheidungen der Gesundheitsbehörde, der Isolation zu unterziehen.;Isolation;isolamento;hom
Im Kontakt mit Metallen können sowohl Säuren als auch Laugen Wasserstoffgas bilden können, das – mit Luft bzw. Sauerstoff gemischt – explosionsfähig sein kann.;explosionsfähig;esplosivo;hom
In Nordrhein-Westfalen stehen rund 80.000 Baudenkmäler, etwa 5.800 Bodendenkmäler und mehr als 800 bewegliche Denkmäler - wie Lokomotiven, Schiffe und Hafenkräne - unter Denkmalschutz.;Denkmalschutz;conservazione dei beni culturali;hom
Pflanzen, die in fremden Boden gesät oder gesetzt werden, fallen ohne weiteres dem Grundeigentümer durch Akzession zu .;Akzession;incorporazione;hom
Unter Recht auf Zugang  versteht man das Recht interessierter Personen, Verwaltungsunterlagen einzusehen und Kopien davon anzufertigen .;interessiert Person;interessato;hom
Vollziehungsverordnungen kann die Exekutive in eigener Kompetenz erlassen, gesetzesvertretende Verordnungen nur gestützt auf eine Delegationsnorm.;Exekutive;potere esecutivo;hom
Zur kontinuierlichen Reduktion der CO2-Emissionen wird als neue Maßnahme der Austausch von Öl- und Gaskesseln in Miteigentumsgebäuden durch Wärmeerzeuger mit erneuerbarer Energie oder durch Anschluss an Fernwärmeanlagen in den Förderkatalog aufgenommen.;Miteigentumsgebäude;condominio;hom
Lag vor, wenn der Täter auf Grund eines einmaligen Willensentschlusses mehrere gleiche oder ähnliche, gegen das gleiche Rechtsgut gerichtete Straftaten beging. Heute nimmt man in solchen Fällen mehrfache Tatbegehung und damit echte Realkokurrenz an.;Tatbegehung;commissione;hom
Überall, wo Unterlagen produziert werden, werden diese für einen gewissen Zeitraum bei dem betreffenden Organ zwischengelagert. In der Fachsprache wird diese Zwischenlagerung «Altregistratur» genannt.;Altregistratur;archivio di deposito;hom
Die mit Artikel 90 des Statutes errichtete Autonome Sektion für die Provinz Bozen des Regionalen Verwaltungsgerichtes von Trentino-Südtirol (Verwaltungsgericht Bozen - VwG Bozen) hat ihren Sitz in Bozen. Der Sprengel des Verwaltungsgerichtes Bozen umfaßt die Provinz Bozen.;Regionales Verwaltungsgericht;Tribunale regionale di giustizia amministrativa;rel
Die Gerichtsbarkeit des Rechnungshofs umfasst Verfahren der verwaltungsgerichtlichen Rechnungslegung, Verfahren betreffend die verwaltungsrechtliche Haftung für Schäden zum Nachteil der öffentlichen Hand sowie sonstige Verfahren im Bereich des öffentlichen Rechnungswesens.;Rechnungshof;Corte dei conti;rel
Die Wahrnehmung der in dieser Straßenverkehrsordnung vorgesehenen straßenpolizeilichen Aufgaben obliegt a) in erster Linie der Spezialeinheit Straßenpolizei der Staatspolizei, b) der Staatspolizei, c) den Carabinieri, d) dem Finanzwachekorps, ….;Carabinieri;Arma dei carabinieri;rel
Inhaber eines Militärführerscheins oder eines  Dienstführerscheins dürfen Fahrzeuge der entsprechenden Klassen mit Zivilkennzeichen fahren, wenn diese Fahrzeuge für institutionelle Dienste der Staatsverwaltung verwendet werden.;Staatsverwaltung;amministrazione statale;rel
Die Verwaltungsbefugnisse sind den Gemeinden zuerkannt, unbeschadet der Fälle, in denen sie den Provinzen, Großstädten mit besonderem Status, Regionen und dem Staat zugewiesen werden .;Region;regione;rel
Solange die Region oder das Land nicht mit eigenem Gesetz anders verfügen, werden auf den Sachgebieten, die der Zuständigkeit der Region oder des Landes zuerkannt worden sind, die Gesetze des Staates angewandt.;Land;provincia;rel
Der Laborassistent/die Laborassistentin bereitet gemäß den Anordnungen des/der Vorgesetzten Laboruntersuchungen vor, führt diese durch und arbeitet an den damit zusammenhängenden Aufgaben mit.;Laborassistent;assistente di laboratorio;rel
Der Labortechniker/die Labortechnikerin führt aufgrund der Aufträge des/der Vorgesetzten Erhebungen, Analysen und Bestimmungen im chemischen, physikalischen, biologischen oder medizinischen Bereich durch.;Labortechniker;tecnico di laboratorio;rel
Der Statistiksachbearbeiter/die Statistiksachbearbeiterin sammelt, ordnet und verarbeitet und gibt statistische Informationen nach allgemeinen und/oder speziellen Richtlinien seines/ihres Vorgesetzten und koordiniert gegebenfalls die Arbeit der seinem/ihrem Bereich zugeteilten Mitarbeiter und Mitarbeiterinnen.;Statistiksachbearbeiter;assistente statistico;rel
Kommunikationsplaner/innen sind in Unternehmen und Agenturen als Assistenten der Kommunikations- und Werbeleitung respektive Kommunikationsberatung tätig.;Kommunikationsplaner;collaboratore promozionale;rel
Der Statistikinspektor/die Statistikinspektorin konzipiert, plant und organisiert statistische Untersuchungen und wertet statistische Informationen aus und interpretiert sie.;Statistikinspektor;ispettore statistico;rel
Der Übersetzer/die Übersetzerin erstellt nach allgemeinen Anweisungen des/der Vorgesetzten selbstständig und eigenverantwortlich Übersetzungen von Rechts-, Verwaltungs- und anderen Fachtexten.;Übersetzer;traduttore;rel
Der DV-Analytiker-Systembetreuer/die DV-Analytikerin-Systembetreuerin untersucht gemeinsam mit dem Benutzer/der Benutzerin die Probleme von DV-Anwendungen und entwirft dafür Lösungen unter Berücksichtigung der betrieblichen Anforderungen.;DV-Analytiker-Systembetreuer;analista-sistemista EDP;rel
Der Betriebsarzt übt die eigene Tätigkeit in folgender Form aus: a) als Beschäftigter oder Mitarbeiter einer externen öffentlichen oder privaten Struktur, die mit dem Unternehmer konventioniert ist b) als Freiberufler .;Freiberufler;libero professionista;rel
Das Amt eines Landtags- bzw. Regionalratsabgeordneten ist mit dem Amt eines Mitgliedes einer der Parlamentskammern, eines anderen Regionalrates oder des Europäischen Parlaments unvereinbar.;Regionalratsabgeordneter;consigliere regionale;rel
Die Konferenz der Regionen und Autonomen Provinzen setzt sich aus den zwanzig Präsidenten der italienischen Regionen sowie den beiden Landeshauptleuten der Autonomen Provinzen Bozen und Trient zusammen. Mit entsprechender Vollmacht können an den Sitzungen auch Regionalassessoren bzw. Landesräte teilnehmen.;Regionalassessor;assessore regionale;rel
Der Präsident des Regionalausschusses wird, sofern das Regionalstatut nichts anderes festlegt, in allgemeiner und direkter Wahl gewählt.;Regionalstatut;statuto regionale;rel
Gemeinden, Provinzen, Großstädte mit besonderem Status und Regionen sind autonome Körperschaften mit eigenen Statuten, Befugnissen und Aufgaben gemäß den in der Verfassung verankerten Grundsätzen.;Gemeinde;comune;rel
Der Gemeindeausschuss besteht aus dem Bürgermeister als Vorsitzendem und aus den Gemeindereferenten, deren Anzahl in der Satzung  bestimmt ist.;Gemeindereferent;assessore comunale;rel
Die Unterschrift muss von einer der folgenden  Personen beglaubigt werden: Notare, Friedensrichter, , Bürgermeister, Gemeindeassessoren und Landesräte, Präsidenten der Gemeinderäte und Landtage, Präsidenten und Vizepräsidenten der Stadtviertelräte, Gemeindesekretäre und Sekretäre der Provinzen, .;Gemeindeassessor;assessore comunale;rel
Mit Bewilligung des Landesschulrates können schulpflichtige Kinder österreichischer Staatsbürgerschaft die allgemeine Schulpflicht auch durch den Besuch von im Ausland gelegenen Schulen erfüllen.;allgemeine Schulpflicht;obbligo di istruzione;rel
Über Arbeitnehmer und Arbeitnehmerinnen, Selbstständige, scheinbar tätige sowie scheinbar selbstständige Personen, die von Prüfungen des Schwarzarbeitsbekämpfungsgesetzes betroffen sind, können im zentralen Informationssystem für die Finanzkontrolle Schwarzarbeit personenbezogene Daten gespeichert werden, sofern dies zur Aufgabenerfüllung erforderlich ist.;Selbstständige;lavoratore autonomo;rel
Die Entschädigung für Selbstständigerwerbende wird aufgrund des auf den Tag umgerechneten Erwerbseinkommens berechnet, das für den letzten vor dem Einrücken verfügten AHV-Beitrag Alters- und Hinterlassenenvorsorge-Beitrag massgebend war.;Selbstständigerwerbender;lavoratore autonomo;rel
Die Kosten für Verkehrsunfälle werden abzogen, weil sie im Kontext einer nachhaltigen Entwicklung gesellschaftlicher Wohlfahrt in keinem Fall als förderlich anzusehen sind. Dies gilt selbstverständlich für sämtliche Unfallarten wie etwa Arbeits-, Sport- oder Haushaltsunfälle.;Haushaltsunfall;infortunio domestico;rel
Die Meldebehörde hat auf Grund der im Melderegister enthaltenen Meldedaten auf Antrag zu bestätigen, dass, seit wann und wo der Antragsteller oder ein Mensch, für den ihn die Meldepflicht trifft, angemeldet ist (Meldebestätigung).;Meldebestätigung;certificato di residenza;rel
Eine Meldebescheinigung beinhaltet lediglich, wer, wo gemeldet ist. Einzelheiten wie zum Beispiel Konfession oder Familienstand werden nicht aufgeführt.;Meldebescheinigung;certificato di residenza;rel
Das Zulassungsgesuch ist auf Stempelpapier abzufassen und innerhalb des jährlich neu festgelegten Termins dem Landesrat für Gesundheitswesen zu übermitteln. Dem Gesuch müssen folgende Unterlagen beigefügt werden:  Staatsbürgerschaftsbescheinigung .;Staatsbürgerschaftsbescheinigung;certificato di cittadinanza;rel
Aufgabe der Unfallversicherung ist es,  mit allen geeigneten Mitteln Arbeitsunfälle und Berufskrankheiten sowie arbeitsbedingte Gesundheitsgefahren zu verhüten, ….;Arbeitsunfall;infortunio sul lavoro;rel
Übergangsbestimmungen sollen, ihrer Bezeichnung entsprechend, den Wechsel vom alten zum neuen Recht sicherstellen.;Übergangsbestimmung;disposizione transitoria;rel
Der Richter berücksichtigt  die Lösung gemäss Verwaltungsweisung, wenn sie eine überzeugende Interpretation des Gesetzes durch die Aufsichtsbehörde zum Zwecke der rechtsgleichen Anwendung des Gesetzes darstellt.;Interpretation;interpretazione;rel
Die Primarschule wird in die Unterstufe und Mittelstufe unterteilt. Die Unterstufe dauert von der 1. bis zur 3. Klasse. Die Mittelstufe dauert von der 4. bis zur 6. Klasse und endet mit dem Übertritt in die Sekundarstufe 1.;Primarschule;scuola primaria;rel
Die Verstöße haben als zusätzliche Verwaltungsstrafe die Aussetzung des Fahrzeugscheins für die Dauer von einem bis zu sechs Monaten zur Folge. Bei Rückfall liegt die Dauer der Aussetzung zwischen sechs und zwölf Monaten.;Rückfall;recidiva;rel
Das Pfand haftet für die Forderung in deren jeweiligem Bestand, insbesondere auch für Zinsen und Vertragsstrafen.;Pfand;pegno;rel
Wenn das Pfandrecht vor dem Inkrafttreten des Gesetzbuches entstanden ist, werden die Voraussetzungen für die Wirksamkeit des Vorrechtes durch die früheren Gesetze bestimmt.;Pfandrecht;pegno;rel
Die öffentlichen Archive haben die Aufgabe, das öffentliche Archivgut festzustellen, zu erfassen, zu übernehmen, auf Dauer zu verwahren, zu sichern und zu erhalten, zu erschließen, allgemein nutzbar zu machen, für die Benutzung bereitzustellen und auszuwerten.;öffentlich Archiv;archivio pubblico;rel
Die Verwaltung kann sich im Verfahren durch eine Führungskraft oder einen eigens dazu delegierten Beamten vertreten lassen.;Führungskraft;dirigente;rel
Für eine unselbstständige Tätigkeit spricht vorliegend einerseits der Umstand, dass der Beschwerdeführer kein eigentliches Betriebsrisiko trägt, hat er doch nur geringe Investitionen tätigen müssen und fallen bei ausbleibenden Kunden, mit Ausnahme der Zahlungen an B., keine grösseren Fixkosten an.;unselbstständige Tätigkeit;lavoro subordinato;rel
Eingriffsverwaltung ist immer hoheitliche Verwaltung, weshalb sie auch seit jeher in einem besonderen Naheverhältnis zum Legalitätsprinzip steht. Umgekehrt ist jedoch nicht jedes hoheitliche Verwaltungshandeln der Eingriffsverwaltung zuzuzählen (z.B. hoheitliche Vergabe von Subventionen).;Subvention;sovvenzione;rel
Der Bonus Steuerbonus - EX-Bonus-Renzi steht  nur mehr dann zu, wenn die Summe der steuerlichen Absatzbeträge höher ist, als die zu zahlende IRPEF.;IRPEF;imposta sul reddito delle persone fisiche;rel
"Das Landesgesetz vom 22. Oktober 1993, Nr. 17 ""Regelung des Verwaltungsverfahrens und des Rechts auf Zugang zu Verwaltungsunterlagen"" enthält Bestimmungen zu Eigenerklärungen und Verwaltungsunterlagen.";Eigenerklärung;autodichiarazione;rel
Dem Gebot der Effizienz staatlichen Handelns wird z. T. Verfassungsrang zuerkannt. …. Die Verwaltung muss ihre Aufgaben möglichst effizient wahrnehmen.;Effizienz;efficienza;rel
Den Vorsitz in der Dienststellenkonferenz kann mit entsprechender Vollmacht des Landeshauptmanns oder des Landesrates der zuständige Ressort- oder Abteilungsleiter führen.;Dienststellenkonferenz;conferenza di servizi;rel
Die für Jahresaufträge und Ersatzaufträge verfügbaren Stellen werden in der Reihenfolge der entsprechenden Rangordnung durch Stellenwahl vergeben. Stellenverlierer mit unbefristetem Auftrag haben auf jeden Fall Vorrang. Mangels Bewerber oder Bewerberinnen in der Rangordnung ist eine Direktberufung möglich.;Direktberufung;assunzione diretta;rel
In Anbetracht der Ziele des öffentlichen Interesses ist das Recht auf Zugang ein allgemeiner Grundsatz der Verwaltungstätigkeit zur Unterstützung der Beteiligung und zur Gewährleistung der Unparteilichkeit und Transparenz.;Recht auf Zugang;diritto di accesso;rel
Zur Verwirklichung der  Ziele hält sich das Land in der Verwaltungstätigkeit an die Kriterien der Effizienz  der Publizität.;Publizität;pubblicità;rel
Gesetze der Republik regeln den durch die Neuordnung erforderlichen Übergang der Beamten und Angestellten des Staates, auch jener der Zentralverwaltung, an die Regionen.;Zentralverwaltung;amministrazione centrale;rel
Zur Bildung ihrer Ämter müssen die Regionen, außer in Fällen der Notwendigkeit, das Dienstpersonal aus jenem des Staates und der Lokalkörperschaften beziehen.;Lokalkörperschaft;ente locale;rel
Die Kontrollen werden von den Bediensteten des Datenschutzamtes durchgeführt, gegebenenfalls unter Beteiligung von Mitgliedern oder Bediensteten der Aufsichtsbehörden anderer Mitgliedstaaten der Europäischen Union.;Aufsichtsbehörde;autorità di controllo;rel
Wer während der Zeit, in der die Fahrzeugpapiere abgenommen sind, widerrechtlich mit dem von der Abnahme betroffenen Fahrzeug fährt, oder wer trotz Führerscheinabnahme weiterhin fährt, muss eine verwaltungsrechtliche Geldbuße zwischen 2.004 und 8.017 Euro zahlen.;Führerscheinabnahme;ritiro della patente di guida;rel
Die Allgemeinverbindlicherklärung nach § 5 TVG Tarifvertragsgesetz ist ein Rechtsetzungsakt eigener Art zwischen autonomer Regelung und staatlicher Rechtsetzung ….;Rechtsetzungsakt;atto normativo;rel
Im Haushalt ist auf der Ausgabenseite ein Reservefonds vorgesehen, der nicht mehr als fünf Prozent der ordentlichen Finanzausstattung ausmachen darf.;Reservefonds;fondo di riserva;rel
"Die logisch-systematische Auslegung ergebe, daß sich die Verpflichtung zur Beachtung des Grundsatzes der Beitragssatzstabilität wie ein ""roter Faden"" durch das Gesetz ziehe.";logisch-systematische Auslegung;interpretazione logico-sistematica;rel
Wenn zu Lasten des Angeklagten oder der Körperschaft für denselben Tatbestand von der Datenschutzbehörde eine verwaltungsrechtliche Geldbuße  verhängt und auch eingehoben wurde, wird die Gerichtsstrafe reduziert.;verwaltungsrechtliche Geldbuße;sanzione amministrativa pecuniaria;rel
Wer ein Motorfahrzeug fährt, bedarf des Führerausweises, wer Lernfahrten unternimmt, des Lernfahrausweises.;Führerausweis;patente di guida;rel
Ab der am 1. Jänner 2009 laufenden Steuerperiode sind die öffentlichen Betriebe für Pflege- und Betreuungsdienste (ÖBPB) von der Bezahlung der IRAP befreit, unter Beibehaltung der Pflicht der Einreichung der IRAP-Erklärung.;IRAP;imposta regionale sulle attività produttive;rel
"Die wirtschaftliche Unterstützung an Unternehmen von Seiten des Amtes für Innovation, Forschung und Entwicklung ist durch folgende LANDESGESETZE (LG) geregelt : - Landesgesetz 14/2006 ""Forschung und Innovation"" - Landesgesetz 4/1997 ""Maßnahmen des Landes Südtirol zur Förderung der gewerblichen Wirtschaft"".";LG;legge provinciale;rel
Ein Staatsgesetz regelt Formen der Koordinierung zwischen Staat und Regionen auf den Sachgebieten laut Artikel 117 Absatz 2 Buchstabe b) und h) sowie außerdem Formen der Vereinbarung und der Koordinierung auf dem Sachgebiet des Kulturgüterschutzes.;Staatsgesetz;legge statale;rel
Die Anspruchsberechtigten, welche einen Beitrag für die Erbringung von Schienengüterverkehrsleistungen beantragt haben, sind verpflichtet, ihren Endkunden, die den Eisenbahngüterbeförderungsdienst in Anspruch nehmen, eine Tarifreduzierung im Ausmaß des zu erhaltenden Beitrages zu gewähren.;Beitrag;contributo;rel
Wer freiwillige Beiträge oder Pflichtbeiträge eingezahlt hat und einen Zuschuss beantragen möchte, muss einen eigenen Antrag bis zum 31. Oktober des Jahres einreichen, das auf das betreffende Beitragsjahr folgt.;Zuschuss;contributo;rel
Das typische Ziel eines Verwaltungsverfahrens ist die Erledigung durch Erlassung eines Bescheides  der Bescheid ist das zentrale Element des österreichischen Verwaltungsrechts, weil das gesamte Rechtsschutzsystem primär auf ihn ausgerichtet ist.;Bescheid;provvedimento amministrativo;rel
Grundsätzlich kann jeder Träger öffentlicher Gewalt zum Erlass von Verwaltungsverfügungen ermächtigt sein.;Verwaltungsverfügung;provvedimento amministrativo;rel
Wer zur Erfüllung einer Verwaltungsaufgabe sachlich, örtlich und funktionell zuständig ist, ist auch befugt, damit verbundene Verwaltungsrechtsverhältnisse durch Verfügung zu regeln.;Verfügung;provvedimento amministrativo;rel
Die Bestimmungen des ersten Abschnittes sowie die Artikel 34-43 der Verordnung vom 31. Oktober 1947 über die Alters- und Hinterlassenenversicherung (AHVV) finden sinngemäss Anwendung. Die besonderen Vorschriften über die freiwillige Versicherung für Auslandschweizer bleiben vorbehalten.;Artikel;articolo;rel
Das Rechnungsprüferkollegium hat das Recht auf Zugang zu Unterlagen und Dokumenten des Landes, um die Ausübung der ihm übertragenen Aufgaben zu gewährleisten.;Recht auf Zugang;diritto di accesso;rel
Handelt es sich um das Verfahren betreffende Akten, wird, sofern diese durchführbar und wirksam sind, das Zugangsrecht auch während des Verfahrens gegenüber der Organisationseinheit ausgeübt, die zuständig ist, den abschließenden Akt zu erlassen oder ständig aufzubewahren.;Zugangsrecht;diritto di accesso;rel
Der Grundsatz der Transparenz bedeutet nämlich, den Bürgern die Möglichkeit zu geben, eine demokratische Kontrolle über die Ausübung der Verwaltungstätigkeit, ihre Korrektheit und Unparteilichkeit sowie ihre Übereinstimmung mit den gesellschaftlichen Interessen und den verfassungsmäßigen Grundsätzen auszuüben.;Grundsatz der Transparenz;principio di trasparenza;rel
Die monokratisch strukturierte Behörde ist derzeit in der Praxis die Regel.;monokratisch strukturierte Behörde;organo monocratico;rel
Bei Streitigkeiten über Wahlhandlungen ist ein außerordentlicher Rekurs an den Präsidenten der Republik nicht zulässig.;außerordentlicher Rekurs an den Präsidenten der Republik;ricorso straordinario al Capo dello Stato;rel
Für den Rekurs zur Erhebung eines Widerspruchs ist die Einzahlung des Einheitsbeitrags für die Eintragung des Rechtsstreits in das Register erforderlich.;Rekurs zur Erhebung eines Widerspruchs;ricorso in opposizione;rel
Bevor gegen einen Verwaltungsakt von Finanzbehörden vor dem Finanzgericht geklagt werden kann, muss das sog. Vorverfahren durchlaufen werden. Darunter versteht man die nochmalige Überprüfung einer Entscheidung durch die Behörde, die durch den Einspruch vom Steuerpflichtigen herbeigeführt wird.;Einspruch;ricorso in opposizione;rel
Die Erhebung der Anfechtungsklage gegen einen Verwaltungsakt setzt voraus, dass vor Anrufung des Verwaltungsgerichts Rechtsmäßigkeit und Zweckmäßigkeit des Verwaltungsaktes in einem Vorverfahren auf Grund Widerspruchs des Klageberechtigten nachgeprüft worden sind.;Widerspruch;ricorso in opposizione;rel
Die fehlende devolutive Wirkung der Einsprache ist das Hauptunterscheidungskriterium zur Beschwerde.;Einsprache;ricorso in opposizione;rel
Gehört zu den zur Erbfolge Berufenen eine empfangene Person, so kann die Teilung nicht vor deren Geburt stattfinden.;empfangene Person;nascituro concepito;rel
Wird ein bereits Empfangener berufen, steht die Verwaltung dem Vater oder bei dessen Fehlen der Mutter zu.;Empfangener;nascituro concepito;rel
Ein Dritter, dessen Samen für eine medizinische unterstützte Fortpflanzung verwendet wird, kann nicht als Vater des mit seinem Samen gezeugten Kindes festgestellt werden .;gezeugt Kind;nascituro concepito;rel
Der Instruktionsrichter kann verfügen, daß anstelle der Urschrift eine Abschrift, gegebenenfalls auch in Form einer Fotokopie, oder beglaubigter Auszug der Urkunde vorgelegt wird.;Urschrift;originale;rel
Die Ausbildung zum staatlich geprüften Agrarbetriebswirt im Garten- und Landschaftsbau oder in den Sparten Friedhofsgärtnerei, Baumschule, Gemüsebau und Zierpflanzenbau, erfolgt in der zweijährigen Fachschule.;Agrarbetriebswirt;agrotecnico;rel
Zur Erweiterung des Angebots in Lehre und Forschung kann die Universität auf inter-nationaler, staatlicher und regionaler Ebene Abkommen mit anderen Universitäten, Forschungseinrichtungen, Kunstakademien, der Nationalen Akademie für Schauspielkunst, den Hochschulen für angewandte Kunst und Industriedesign  abschließen.;Kunstakademie;Accademia di belle arti;rel
In der Schweiz ist das Bildungswesen vom Eintritt in die obligatorische Schule bis zur Tertiärstufe (Hochschulen und höhere Berufsbildung) eine Staatsaufgabe. Die Verantwortung für das Bildungswesen obliegt in erster Linie den 26 Kantonen.;obligatorische Schule;scuola dell'obbligo;rel
Die Förderungen können wie folgt gewährt werden: a) in Form eines Verlustbeitrags , b) in Form eines begünstigten Darlehens oder einer begünstigten Leasingfinanzierung aus dem Rotationsfonds .;Verlustbeitrag;contributo a fondo perduto;rel
Eine Notsituation liegt auch dann vor, wenn Asbest an bestehenden Wohngebäuden im Eigentum von Privatpersonen, Betriebsgebäude ausgenommen, vorhanden ist. Für den Abbau und die Entsorgung von Asbest wird ein Schenkungsbeitrag gewährt.;Schenkungsbeitrag;contributo a fondo perduto;rel
Die Arbeiter  können den Arbeitgeber über die Gewerkschaftsorganisationen zum Einbehalt der Gewerkschaftsbeiträge bevollmächtigen. Der Arbeitgeber überweist monatlich die entsprechenden Beträge an die einzelnen Gewerkschaftsvertretungen, vorausgesetzt, es wird deren Bankkontonummer angegeben.;Gewerkschaftsvertretung;rappresentanza sindacale;rel
Der rechtfertigende Grund für diese Rechtsinstitute Organleihe und Auftrag liegt in der Effektivität und der Ökonomie der Verwaltung.;Effektivität;efficacia;rel
Muß die Maßnahme dagegen vorher auf ihre Gesetzmäßigkeit geprüft werden, fällt der Abschluß mit der Übermittlung der erlassenen Maßnahme an das Kontrollorgan zusammen, da die Phase der Ergänzung der Wirksamkeit nicht von der Landesverwaltung abhängt.;Phase der Ergänzung der Wirksamkeit;fase integrativa dell'efficacia;rel
Diie Frist läuft bei Antragsverfahren ab dem Datum, an dem die zuständige Verwaltung den Antrag entgegennimmt, und bei Verfahren, die von Amts wegen eingeleitet werden, ab dem Datum der Einleitung.;Antragsverfahren;procedimento ad istanza di parte;rel
Die rechtskräftigen Urteile, mit denen der Rekurs gegen die stillschweigende Nichterfüllung der Verwaltung angenommen wird, werden dem Rechnungshof durch Datenfernübertragung übermittelt.;stillschweigende Nichterfüllung;silenzio rifiuto;rel
Im Falle des Neubaues erfolgt die Auszahlung der zinsfreien Darlehen aus dem Rotationsfonds, wenn folgende Voraussetzungen gegeben sind:  der Förderungsempfänger und seine Familienangehörigen müssen ihren meldeamtlichen Wohnsitz in die geförderte Wohnung verlegt haben.;geförderte Wohnung;abitazione agevolata;rel
Zwei oder mehrere, in der Regel aneinander angrenzende Gemeinden, die derselben Provinz angehören, können einen Gemeindenverbund zur gemeinsamen Ausübung einer Reihe von Funktionen oder zur Erbringung von ihnen zugewiesenen bzw. delegierten Diensten gründen.;Gemeindenverbund;unione di comuni;rel
Das Landesgesetz regelt die Zusammensetzung und die Zuständigkeiten der Organe und setzt die grundlegenden Bestimmungen für die Organisation und die Tätigkeit der Gemeindenvereinigung fest.;Gemeindenvereinigung;associazione di comuni;rel
Der Gemeinderat beschließt die Einrichtung und Änderung der Formen der zwischengemeindlichen Zusammenarbeit ….;Form der zwischengemeindlich Zusammenarbeit;forma collaborativa intercomunale;rel
Der Gemeinderat kann für einzelne Ortschaften einen Ortsvorsteher und einen Ortsausschuss einrichten, wenn dies im Interesse der besseren Anbindung entlegener Siedlungen an die Gemeindeverwaltung zweckmäßig ist.;Ortschaft;frazione;rel
Für die Großstädte mit Sonderstatus werden die  Zuständigkeiten des Ausschusses und des Bürgermeisters vom Großstadtausschuss bzw. vom Großstadtbürgermeister ausgeübt.;Großstadtausschuss;giunta metropolitana;rel
Für die Großstädte mit Sonderstatus werden die  Zuständigkeiten des Ausschusses und des Bürgermeisters vom Großstadtausschuss bzw. vom Großstadtbürgermeister ausgeübt.;Großstadtbürgermeister;sindaco metropolitano;rel
Frauen dürfen nicht für Untertagearbeiten in Bergwerken beschäftigt werden, ausser für: a. wissenschaftliche Tätigkeiten b. Dienstleistungen der ersten Hilfe und der medizinischen Erstversorgung c. kurzfristige Tätigkeiten im Rahmen einer geregelten Berufsausbildung oder d. kurzfristige Tätigkeiten nicht handwerklicher Art.;Bergwerk;miniera;rel
Die Bauleistungen, die der vorherrschenden Kategorie oder den Kategorien der getrennt ausführbaren Bauleistungen zuzuordnen sind, können auch von Unternehmern übernommen werden, die sich zu einer horizontalen Bietergemeinschaft zusammengeschlossen haben.;horizontale Bietergemeinschaft;raggruppamento temporaneo di tipo orizzontale;rel
Wird  eine dem Betroffenen zuvor im Gnadenwege eingeräumte Rechtsstellung verschlechtert, z. B. ein bereits ausgesprochener Gnadenerweis widerrufen, liegt ein rechtlich gebundener Akt vor.;rechtlich gebundener Akt;atto vincolato;rel
Die Legalisation bestätigt die Echtheit der Unterschrift, die Eigenschaft, in welcher der Unterzeichner der Urkunde gehandelt hat, und gegebenenfalls die Echtheit des Siegels, mit dem die Urkunde versehen ist (Legalisation im engeren Sinn).;Legalisation;legalizzazione;rel
Die Eintragung in die Verzeichnisse der Präfektur der Provinz, in der das Unternehmen seinen Sitz hat, erfüllt die Bedingungen der Antimafia-Information zur Ausübung der jeweiligen Tätigkeit.;Antimafia-Information;informazione antimafia;rel
Die gewerbsmäßige Beförderung von Gütern mit Kraftfahrzeugen darf nur auf Grund einer Konzession ausgeübt werden .;gewerbsmäßige Beförderung von Gütern mit Kraftfahrzeugen;trasporto di cose per conto di terzi;rel
Für Diensteanbieter, die berufsrechtlichen Vorschriften unterliegen, ist eine kommerzielle Kommunikation, die Bestandteil eines von ihnen bereitgestellten Dienstes der Informationsgesellschaft ist oder einen solchen darstellt, zulässig.;kommerzielle Kommunikation;comunicazione commerciale;rel
Der Landeshauptmann  widerruft die eigene Dringlichkeitsmaßnahme bei Gefahr im Verzug Nr. 5/2020 vom 05.03.2020 .;Dringlichkeitsmaßnahme bei Gefahr im Verzug;ordinanza di necessità ed urgenza;rel
Wer sich um eine Ausbildungsstelle für Sprengelärzte bewirbt, richtet ein Gesuch auf Stempelpapier an die Sanitätseinheiten und legt folgende Unterlagen bei: - Geburtsschein .;Geburtsschein;certificato di nascita;rel
Die Vorschriften über die Abgabe des Verfahrens gelten sinngemäß, wenn Mahnverfahren und streitiges Verfahren bei demselben Gericht durchgeführt werden.;streitiges Verfahren;procedimento contenzioso;rel
Der Verwaltungsgehilfe/die Verwaltungsgehilfin führt gemäß den Richtlinien und Anweisungen des/der Vorgesetzten alle Arbeiten der Schriftgutverwaltung durch.;Verwaltungsgehilfe;coadiutore amministrativo;rel
Die Beglaubigungsklausel hat  die Angabe zu enthalten, 1. ob die vorgewiesene Urkunde eine Papierurkunde oder elektronische Urkunde, eine Urschrift, Ausfertigung, Abschrift (Kopie) oder ein Ausdruck ist, .;elektronische Urkunde;documento informatico;rel
Bei den in dieser Verordnung vorgesehenen Verfahren erfolgt die Bewertung der Nachweise ausschließlich auf der Grundlage von Erklärungen zum Ersatz beeideter Bezeugungsurkunden, Eigenbescheinigungen oder anderen Unterlagen der Bewerber und Bewerberinnen.;Eigenbescheinigung;autocertificazione;rel
Die Besamungstechniker müssen dem Gesuch eine eigenverantwortete Bescheinigung darüber beilegen, dass sie im Besitz des Eignungsnachweises und in Kenntnis der nationalen Bestimmungen über die künstliche Besamung sind, ….;eigenverantwortete Bescheinigung;autocertificazione;rel
Für die Zuerkennung des Differenzbetrages zur Erreichung des Betrags des Mutterschaftsgeldes  muss die Antragstellerin dem Antrag eine Erklärung der Anstalt, welche die Mutterschaftszulage gezahlt hat, über die Höhe des gewährten Betrages oder eine entsprechende Selbstbescheinigung beilegen.;Selbstbescheinigung;autocertificazione;rel
Zugleich hat sie dem Beschwerdeführer eine Missbrauchsgebühr von 500 Euro auferlegt, weil die von ihm vorgebrachten Rügen ohne jede verfassungsrechtliche Substanz sind und die Anrufung des Bundesverfassungsgerichts deshalb für den Beschwerdeführer erkennbar offensichtlich aussichtslos war.;Beschwerdeführer;ricorrente;rel
In den Sachbereichen der ausschließlichen Gerichtsbarkeit erkennt das Verwaltungsgericht, auch zum Zwecke der Festsetzung eines Schadenersatzes, zusätzlich über Rechtsstreitigkeiten, die subjektive Rechte zum Gegenstand haben.;ausschließlich Gerichtsbarkeit;giurisdizione esclusiva;rel
Die Verwaltungen können die verwaltungsgerichtliche Rechnungslegung der Rechnungsführer über Gebarungen derselben Art in eine oder mehrere zusammenfassende Rechnungen bündeln.;verwaltungsgerichtliche Rechnungslegung;conto giudiziale;rel
Wortinterpretation und logische Auslegung führen im vorliegenden Fall zum eindeutigen Ergebnis, dass die Rundungsregel auf die Ermittlung der tatsächlichen Dienstzeit von mindestens 20 Jahren keine Anwendung finde.;logische Auslegung;interpretazione logica;rel
In den  vorgesehenen Fällen kann als Nebenstrafe die Veröffentlichung des Zahlungsbefehls, vollständig oder auszugsweise, in einer oder mehreren Tageszeitungen, die in der jeweiligen Verfügung angegeben werden, angeordnet werden.;Nebenstrafe;sanzione accessoria;rel
In den Fällen, in denen laut der Straßenverkehrsordnung die Aussetzung des Fahrzeugscheins vorgesehen ist, wird für denselben Zeitraum immer die verwaltungsbehördliche Stilllegung des Fahrzeugs verfügt.;Aussetzung des Fahrzeugscheins;sospensione della carta di circolazione;rel
Geeignet zum Führen von Kraftfahrzeugen ist, wer die notwendigen körperlichen und geistigen Anforderungen erfüllt und nicht erheblich oder nicht wiederholt gegen verkehrsrechtliche Vorschriften oder gegen Strafgesetze verstoßen hat.;körperlich und geistig Anforderung;requisiti fisici e psichici;rel
Das Amt für zivile motorisierung stellt dem Führerscheinanwärter eine Erlaubnis aus (Fahrübungsschein), mit welcher er mit den Fahrzeugen derselben Kategorie, für welche er den Führerschein erwerben möchte, das Fahren üben darf.;Fahrübungsschein;foglio rosa;rel
Wer beantragt, die Prüfung zur Erlangung des Führerscheins oder zur Ausdehnung der Gültigkeit des Führerscheins auf andere Fahrzeugklassen ablegen zu dürfen, und die vorgeschriebene körperliche und geistige Tauglichkeit nachweist, erhält eine provisorische Fahrerlaubnis .;provisorische Fahrerlaubnis;foglio rosa;rel
Der Lernfahrausweis wird nach bestandener Prüfung der Basistheorie erteilt. Ist keine solche Prüfung abzulegen, wird der Lernfahrausweis erteilt, wenn die Voraussetzungen zu dessen Erwerb erfüllt sind.;Lernfahrausweis;foglio rosa;rel
Die Verwaltungsbehörde kann auf eine Fahrerlaubnisprüfung verzichten, wenn keine Tatsachen vorliegen, die die Annahme rechtfertigen, daß der Bewerber die  erforderlichen Kenntnisse und Fähigkeiten nicht mehr besitzt.;Fahrerlaubnisprüfung;esame di idoneità;rel
Das Verbot der Kinderarbeit ergibt sich aus der Vorschrift des § 5 JArbSchG und wird in der Rechtswirklichkeit auf rein arbeitsrechtliche Dienstverhältnisse mehr oder weniger auch so angewandt.;Kinderarbeit;lavoro minorile;rel
Eine Lebensbescheinigung kann für Rentenzwecke, insbesondere bei einem Träger im Ausland erforderlich sein. Eine steuerliche Lebensbescheinigung benötigen Sie für die Eintragung von Kindern in Ihrer Lohnsteuerkarte, wenn diese nicht in Ihrer Wohnung gemeldet sind.;Lebensbescheinigung;certificato di esistenza in vita;rel
Bei Rot dürfen die Fahrzeuge nicht über die Haltelinie hinausfahren ist eine solche Linie nicht vorhanden, dürfen die Fahrzeuge weder den Kreuzungsbereich noch den Fußgängerüberweg besetzen noch über das Signal hinausfahren, damit sie den Anweisungen der Lichtzeichen folgen können.;Fußgängerüberweg;attraversamento pedonale;rel
Der Fußgängerübergang ist ein Fahrbahnteil, auf welchem die Fahrzeuge den Fußgängern, die auf den eigens vorgesehenen Streifen überqueren, den Vortritt gewähren müssen.;Fußgängerübergang;attraversamento pedonale;rel
Zum Parken ist der rechte Seitenstreifen, dazu gehören auch entlang der Fahrbahn angelegte Parkstreifen, zu benutzen, wenn er dazu ausreichend befestigt ist, sonst ist an den rechten Fahrbahnrand heranzufahren.;Seitenstreifen;banchina;rel
Die Gültigkeitsdauer eines nationalen Führerscheins kann durch innerstaatliche Rechtsvorschriften begrenzt werden. Die Gültigkeit eines internationalen Führerscheins endet spätestens drei Jahre nach dem Ausstellungsdatum oder am Tag des Erlöschens der Gültigkeit des nationalen Führerscheins, falls dies früher der Fall ist.;internationaler Führerschein;permesso internazionale di guida;rel
Es handle sich um eine Einbahn, in der auf Grund der Fahrbahnbeschaffenheit sowohl links als auch rechts paralleles Parken vorgesehen sei.;Einbahn;carreggiata a senso unico di circolazione;rel
Der Fahrer ist verpflichtet, a) den Beschleunigungsstreifen zu verwenden, um auf den Fahrstreifen für den durchgehenden Verkehr einzufahren, und den auf diesem Fahrstreifen verkehrenden Fahrzeugen Vorfahrt zu geben ….;Beschleunigungsstreifen;corsia di accelerazione;rel
Es ist verboten,  c) unbefugt auf Sonderfahrstreifen zu verkehren.;Sonderfahrstreifen;corsia riservata;rel
Wird ein Radweg zum Bürgersteig hin durch Bordsteine abgetrennt, darf der Radfahrer  nicht auf ein gleich hohes Niveau zwischen den beiden Bereichen vertrauen.;Bürgersteig;marciapiede;rel
Fahrräder dürfen auf dem Trottoir abgestellt werden, sofern für die Fussgänger ein mindestens 1,50 m breiter Raum frei bleibt.;Trottoir;marciapiede;rel
Auf Einbahnstrassen darf der Fahrzeugführer nicht rückwärtsfahren, ausser beim Parkieren, Ankuppeln von Anhängern und dergleichen.;Einbahnstrasse;strada a senso unico;rel
Auf Straßen der Kategorien A), B), C und D) ist jede Art von Besetzung des Straßenkörpers durch Fahrzeuge, Buden, Zelte und Ähnliches, auch anlässlich von Messen und Märkten, verboten ….;Straßenkörper;sede stradale;rel
Bei der Ausstellung qualifizierter Zertifikate müssen die vom ZDA verwendeten Signaturerstellungsdaten in einer nach § 6 SigV geprüften Signaturerstellungseinheit erzeugt sein und dürfen außerhalb dieser nicht zur Verfügung stehen.;ZDA;certificatore;rel
Im Bereich der für Motorfahrzeuge oder Fahrräder offenen Strassen dürfen nur die vom Bundesrat vorgesehenen Signale und Markierungen verwendet und nur von den zuständigen Behörden oder mit deren Ermächtigung angebracht werden.;Strasse;strada;rel
Für die Militärstraßen und Militärfahrzeuge gilt die Regelung, die im Kodex zur Militärordnung vorgesehen ist.;Militärstraße;strada militare;rel
Auf Autobahnanschlussstellen überholt  im Vorsortierraum unzulässig rechts, wer nicht dem Verlauf der fahrstreifengegliederten Vorwegweiser folgt, sondern zum schnelleren Vorankommen nach dem Rechtsüberholen wieder nach links einschert.;Vorsortierraum;zona di preselezione;rel
Die Klassifizierung von Landesstraßen oder von Straßenabschnitten wird von der Landesregierung nach Einholen des Gutachtens des technischen Landesbeirates und der gebietsmäßig zuständigen Gemeinden verfügt.;Landesstraße;strada provinciale;rel
In der Straßenverkehrsordnung werden die „Güterwege“ den Gemeindestraßen gleichgestellt.;Gemeindestraße;strada comunale;rel
Die Landesverwaltung muß das Verkehrsverbot durch Anbringung einer entsprechenden Tafel bekanntgeben es müssen darauf das Fahrverbotszeichen und der Hinweis auf dieses Gesetz angebracht sein. Die vor Inkrafttreten dieses Gesetzes angebrachte Beschilderung bleibt unverändert.;Beschilderung;segnaletica stradale;rel
Angebaute städtische Hauptverkehrsstraßen sind in der Regel wesentliche Bestandteile gesamtstädtischer Straßennetze und dadurch mehr oder weniger stark mit Kraftfahrzeugverkehr belastet.;Hauptverkehrsstraße;strada principale;rel
Auf Strassenverzweigungen hat das von rechts kommende Fahrzeug den Vortritt. Fahrzeuge auf gekennzeichneten Hauptstrassen haben den Vortritt, auch wenn sie von links kommen. Vorbehalten bleibt die Regelung durch Signale oder durch die Polizei.;Hauptstrasse;strada principale;rel
Mit Krankenfahrstühlen oder mit anderen  Rollstühlen darf dort, wo Fußgängerverkehr zulässig ist, gefahren werden, jedoch nur mit Schrittgeschwindigkeit.;Fußgängerverkehr;circolazione pedonale;rel
Geschlossene Fussgängerkolonnen müssen das Trottoir benützen wenn der Fussgängerverkehr behindert würde, haben sie am rechten Fahrbahnrand zu gehen.;Fussgängerverkehr;circolazione pedonale;rel
Der Verstoß gegen das Fahrverbot auf Sonderfahrstreifen für öffentliche Verkehrsmittel, in Fußgängerzonen oder in verkehrsberuhigten Zonen wird mit einer verwaltungsrechtlichen Geldbuße zwischen 76 und 306 Euro geahndet.;Fahrverbot;divieto di circolazione;rel
Sofern nichts anderes angezeigt wird , muss das Fahrzeug beim Halten und Parken so nah wie möglich am rechten Fahrbahnrand abgestellt werden, und zwar parallel zu diesem und in Fahrtrichtung.;Parken;sosta;rel
Der Bundesminister für Landesverteidigung kann die Berechtigung zum Lenken von Heeresfahrzeugen erteilen und hierüber einen Heeresführerschein oder einen Heeresmopedausweis ausstellen, die als solche zu bezeichnen sind. Für die Erlangung eines Heeresführerscheines oder eines Heeresmopedausweises sind keine Stempelgebühren zu entrichten.;Heeresführerschein;patente militare di guida;rel
Anwärter auf den Führerschein der Klasse B müssen an einer Fahrschule mit einem ausgebildeten und dazu berechtigten Praxisfahrlehrer Fahrübungen auf der Autobahn oder auf Freilandstraßen sowie bei Dunkelheit machen.;Freilandstraße;strada extraurbana;rel
Siedlungsabfälle, Abfälle aus dem öffentlichen Strassenunterhalt und der öffentlichen Abwasserreinigung sowie Abfälle, deren Inhaber nicht ermittelt werden kann oder zahlungsunfähig ist, werden von den Kantonen entsorgt.;Siedlungsabfall;rifiuto urbano;rel
Der praktische Unterricht wird von einem Fahrlehrer oder einer Fahrlehrerin instruiert, geübt und trainiert. Daneben bilden private Lernfahrten Gelegenheit, den in den Fahrstunden erlernten Stoff zu festigen, zu üben und zu vertiefen.;Fahrstunde;esercitazione di guida;rel
Erscheint der Schüler, die Schülerin in nicht fahrfähigem Zustand, wird die Fahrstunde abgebrochen und zum vollen Tarif verrechnet.;Fahrstunde;esercitazione di guida;rel
Wird ein Ersatzführerschein für einen abhanden gekommenen ausgestellt, hat sich die Fahrerlaubnisbehörde auf Kosten des Antragstellers durch die Einholung einer Auskunft aus dem Zentralen Fahrerlaubnisregister und aus dem Verkehrszentralregister zu vergewissern, daß der Antragsteller die entsprechende Fahrerlaubnis besitzt.;Ersatzführerschein;duplicato della patente di guida;rel
Bei Erreichen des Rentenalters und der übrigen Voraussetzungen wird das ordentliche Invalidengeld von Amts wegen in eine Altersrente umgewandelt.;Invalidengeld;assegno ordinario di invalidità;rel
Ziel des Lehrgangs für Pflegehelferinnen und Pflegehelfer ist es, eine Hilfskraft auszubilden, die sowohl im Sozial- als auch im Gesundheitsbereich tätig sein kann.;Pflegehelfer;operatore socio-sanitario;rel
Die Prüfungskommissionen der gleichgestellten Grundschulen bestehen aus den Lehrern der Klasse und – in der Regel- aus zwei Lehrern, die vom Direktor der Grundschule staatlicher Art auf Vorschlag des Lehrerkollegiums der gleichgestellten Schulen ernannt wurden.;gleichgestellte Grundschule;scuola parificata;rel
Auch die gesetzlich anerkannten Schulen errichten den Klassenrat und das Lehrerkollegium, und es finden, soweit anwendbar, die diesbezüglichen Bestimmungen Anwendung.;gesetzlich anerkannt Schule;scuola legalmente riconosciuta;rel
Es können folgende Gymnasien errichtet werden, gegliedert nach den angeführten Fachrichtungen und Schwerpunkten: d) Kunstgymnasium mit den Fachrichtungen 1) darstellende Kunst, 2) Architektur und Umwelt, 3) audiovisuelle Medien und Multimedia, 4) Design, 5) Grafik, 6) Bühnenbild, ….;Kunstgymnasium;liceo artistico;rel
Nicht protokollierungspflichtig sind Gesetzesanzeiger, Amtsblätter, Nachrichtenblätter der öffentlichen Verwaltung, Zeitungen, Zeitschriften, Bücher, Broschüren, Informations- und Werbematerial, Einladungen zu Veranstaltungen, Entwürfe von Dokumenten, statistisches Material, vertrauliche Korrespondenz sowie getrennt registrierte Dokumente (wie beispielsweise Beschlüsse und Dekrete).;Amtsblatt;bollettino ufficiale;rel
Das Mithören, Abhören, Aufzeichnen, Abfangen oder sonstige Überwachen von Nachrichten und der damit verbundenen Verkehrs- und Standortdaten sowie die Weitergabe von Informationen darüber durch andere Personen als einen Benutzer ohne Einwilligung aller beteiligten Benutzer ist unzulässig.;Benutzer;utente;rel
Zugriffe auf die Gesamtevidenz sind nur nach geeigneter Identifikation der abfrageberechtigten Mitarbeiter (Benutzerkennung und Kennwort) und Bekanntgabe des Abfragezweckes zulässig.;Benutzerkennung;codice identificativo;rel
Vor allem für junge Beschäftigte sind die Risiken hoch, nach einigen Berufsjahren eine Lärmschwerhörigkeit zu erleiden. Grund dafür ist oftmals die zusätzliche Belastung des Gehörs in der Freizeit durch Konzertbesuche oder zu laute Musik auf den Kopfhörern.;Lärmschwerhörigkeit;ipoacusia da rumore;rel
Die öffentlichen Arbeitgeber haben  die Möglichkeit, ein Aufnahmeprogramm zur stufenweisen Erfüllung der Pflichtquote  mit dem Arbeitsamt zu vereinbaren. Dieses Aufnahmeprogramm kann die Aufnahme mittels Wettbewerb, Auswahlverfahren und die namentliche Aufnahme vorsehen.;namentliche Aufnahme;chiamata nominativa;rel
Die Bestimmungen des 2. Teiles des 5. Abschnitts dieses Titels, die das Inventar, die Verwaltung und die Rechnungslegung durch den Inventarerben betreffen, sind mit Ausnahme der Haftungsbeschränkung bei Fahrlässigkeit auf den Kurator der ruhenden Erbschaft anzuwenden.;Teil;sezione;rel
Der unredliche Besitz ist  nicht Bestandteil des rechtlich geschützten Vermögens.;unredlich Besitz;possesso di mala fede;rel
Gegenüber jedem an sich herausgabepflichtigen Vorbesitzer wäre er der Berechtigte mit seinem Verantwortlichkeitsanspruch für die Zeit bösgläubigen Besitzes ausgeschlossen und bliebe so im Extremfall schutzlos.;bösgläubig Besitz;possesso di mala fede;rel
Die wichtigsten Datenquellen, die zur Vervollständigung des Landesverzeichnisses beitragen, sind  d) das Grundbuch und der Grundkataster der Autonomen Provinz Bozen und der Autonomen Provinz Trient, .;Grundkataster;catasto fondiario;rel
Einkünfte aus Grund und Boden sind mit den im Staatsgebiet gelegenen Grundstücken und Gebäuden, welche im Grundstückkataster oder in urbanen Baukataster unter Zuweisung eines Ertrages eingetragen oder einzutragen sind, zusammenhängende Einkünfte.;Grundstückkataster;catasto fondiario;rel
Mit dem Gesetz über die Neuordnung des Vermessungswesens vom 3.7. 1934  wurde mit der Einführung eines einheitlichen Liegenschaftskatasters begonnen.;Liegenschaftskataster;catasto fondiario;rel
Sachen sind Dinge, die Gegenstand von Rechten sein können .;Ding;cosa;rel
Betrifft die Zusatzstrafe der verwaltungsbehördlichen Fahrzeugbeschlagnahme ein Kleinkraftrad oder ein Kraftrad, so verfügt das vorgehende Polizeiorgan das Abschleppen des Fahrzeugs .;verwaltungsbehördlich Fahrzeugbeschlagnahme;sequestro amministrativo del veicolo;rel
Der Inhaber der Dienstfahrerlaubnis darf von ihr nur während der Dauer des Dienstverhältnisses Gebrauch machen. Bei Beendigung des Dienstverhältnisses ist der Dienstführerschein einzuziehen.;Dienstführerschein;patente di servizio;rel
Für die von einem der Teilhaber eingeräumten Hypotheken sind die im 4. Abschnitt des 3. Titels des 6. Buches enthaltenen Bestimmungen zu beachten.;Abschnitt;capo;rel
Entgegen der Ansicht des Antragstellers lässt sich die Anwendung der Vorschrift nicht mit ihrem Wortlaut und der Überschrift des Abschn. IV des Gesetzes begründen.;Überschrift;titolo;rel
Das Signal «Stop»  verpflichtet den Führer, anzuhalten und den Fahrzeugen auf der Strasse, der er sich nähert, den Vortritt zu gewähren.;Signal;segnale stradale;rel
Mit den Zusatzzeichen und -einrichtungen soll erreicht werden, dass Folgendes ersichtlich gemacht oder angezeigt wird: a) der Straßenverlauf, b) bestimmte gefährliche Kurven oder Stellen, c) Hindernisse auf oder neben der Fahrbahn.;Zusatzzeichen und -einrichtung;segnale complementare;rel
Lichtzeichen werden eingeteilt in: a) Gefahren- und Vorschriftslichtzeichen, b) Hinweislichtzeichen, b-bis) Leuchttafeln zur Anzeige der Geschwindigkeit vorbeifahrender Fahrzeuge in Echtzeit, c) normale Verkehrsampeln, d) Fahrstreifenampeln, .;Lichtzeichen;segnale luminoso;rel
Als alkoholtypische Beweisanzeichen seien anzusehen, das Fahren mit überhöhter Geschwindigkeit, Fahren in Schlangenlinien, plötzliches Bremsen, Missachten von Vorfahrtszeichen oder einer roten Ampel.;Vorfahrtszeichen;segnale di precedenza;rel
Vortrittssignale sind der äusseren Form nach Gefahren—, Vorschrifts- oder Hinweissignale .;Vortrittssignal;segnale di precedenza;rel
Die Streitkräfte sorgen selbst für die technischen Überprüfungen, die Militärzulassung und die Ausstellung der Fahrzeugpapiere und der Sonderkennzeichen für die ihnen zur Verfügung stehenden Fahrzeuge.;Sonderkennzeichen;targa di riconoscimento;rel
Die Straße führe  zu einem Park-and-Ride-Parkplatz sowie zum Hintereingang des Bahnhofs, der überregionale Bedeutung habe.;Park-and-Ride-Parkplatz;parcheggio scambiatore;rel
Das Kurzzeitkennzeichen – auch als Überführungskennzeichen bekannt – kommt zum Einsatz, wenn eine Überführungs- oder eine Probefahrt durchgeführt werden muss. Es wird in der Regel für einen, drei oder fünf Tage ausgestellt .;Kurzzeitkennzeichen;targa provvisoria;rel
Die Verkehrsregeln  gelten für die Führer von Motorfahrzeugen und die Radfahrer auf allen dem öffentlichen Verkehr dienenden Strassen, für die übrigen Strassenbenützer nur auf den für Motorfahrzeuge oder Fahrräder ganz oder beschränkt offenen Strassen.;Motorfahrzeug;veicolo a motore;rel
Es bedürfe zur Fortbildung des Rechts einer höchstrichterlichen Klärung, ob der objektive Nachweis einer innergemeinschaftlichen Fahrzeuglieferung dann nicht erbracht sei, wenn die Zeitspanne zwischen Abholung des Fahrzeugs bzw. Abmeldung im Inland und der Zulassung im Bestimmungsland einen Monat überschreite.;Abmeldung;radiazione;rel
Gemeinden, Provinzen, Großstädte mit besonderem Status und Regionen sind autonome Körperschaften mit eigenen Statuten, Befugnissen und Aufgaben gemäß den in der Verfassung verankerten Grundsätzen.;autonom Körperschaft;ente autonomo;rel
Die nicht dem Regierungskommissär zugewiesenen Zuständigkeiten, die mit Gesetz den Außenverwaltungen des Staates und den Außenstellen der staatlichen Verwaltungen und Betriebe mit autonomer Ordnung zugewiesen sind oder zugewiesen werden können, bleiben unberührt.;Außenverwaltung;amministrazione periferica;rel
Fehlt dem Verein eines der vorgeschriebenen Organe oder das Mitgliederverzeichnis  oder verfügt er über kein Rechtsdomizil an seinem Sitz mehr, so kann ein Mitglied oder ein Gläubiger dem Gericht beantragen, die erforderlichen Massnahmen zu ergreifen.;Massnahme;provvedimento;rel
Das BVG Bundesverfassungsgesetz über die Begrenzung der Bezüge öffentlicher Funktionäre  enthält Regelungen betreffend die Begrenzungen von Bezügen öffentlicher Funktionäre des Bundes, der Länder und Gemeinden, ferner der Österreichischen Nationalbank, der gesetzlichen Interessensvertretungen und der Sozialversicherungsträger.;öffentlich Funktionär;funzionario;rel
Soweit eine Verpflichtung des Anbieters von öffentlich zugänglichen Telekommunikationsdiensten zum Ersatz eines Vermögensschadens gegenüber einem Endnutzer besteht und nicht auf Vorsatz beruht, ist die Haftung auf höchstens 12 500 Euro je Endnutzer begrenzt.;Endnutzer;utente finale;rel
Die dem Rundfunkdienst im Frequenzplan zugewiesenen Frequenzen können für andere Zwecke als der Übertragung von Rundfunk im Zuständigkeitsbereich der Länder genutzt werden, wenn dem Rundfunk die auf der Grundlage der rundfunkrechtlichen Festlegungen zustehende Kapazität zur Verfügung steht.;Rundfunkdienst;servizio di radiodiffusione;rel
„Zugang“ bedeutet die ausschließliche oder nicht ausschließliche Bereitstellung von Einrichtungen oder Diensten für ein anderes Unternehmen unter bestimmten Bedingungen zur Erbringung von Kommunikationsdiensten, auch bei deren Verwendung zur Erbringung von Diensten der Informationsgesellschaft oder Rundfunkinhaltsdiensten.;Rundfunkinhaltsdienst;servizio di radiodiffusione di contenuti;rel
„Zugang“ ist die Bereitstellung von Einrichtungen oder Diensten für ein anderes Unternehmen unter bestimmten Bedingungen zum Zwecke der Erbringung von Telekommunikationsdiensten, auch bei deren Verwendung zur Erbringung von Diensten der Informationsgesellschaft oder Rundfunkinhaltediensten.;Rundfunkinhaltedienst;servizio di radiodiffusione di contenuti;rel
Der Abfallbeauftragte hat im Zuge der Erstellung oder Fortschreibung des Abfallwirtschaftskonzeptes die Kosten der Abfallbehandlung und die Erlöse der Altstoffe dem Betriebsinhaber darzustellen.;Abfallbehandlung;trattamento dei rifiuti;rel
Obwohl medizinische Abfälle nur einen geringen Anteil an der Gesamtmasse der gefährlichen und nicht gefährlichen Abfälle darstellen, bilden sie trotzdem einen mitunter sensiblen Bereich innerhalb der Abfallwirtschaft.;medizinisch Abfall;rifiuto sanitario;rel
Der Touristiksachbearbeiter/die Touristiksachbearbeiterin ist in der Südtiroler Touristikwerbung tätig und organisiert nach allgemeinen Zielvorgaben des/der Vorgesetzten eigenständig Werbemaßnahmen und wirbt für das Südtiroler Tourismusangebot in Wort und Schrift.;Touristiksachbearbeiter;collaboratore turistico;rel
Tourismusassistenten und -assistentinnen verfügen über fundierte Fachkenntnisse im Gästeempfang, in der Gästebetreuung und -beratung. Sie sind im Tourismus oder in der Freizeitbranche tätig und für die professionelle Vorbereitung und Betreuung von touristischen Events verantwortlich.;Tourismusassistent;collaboratore turistico;rel
Der Übersetzungsinspektor/die Übersetzungsinspektorin befasst sich mit Übersetzungen von Rechts-, Verwaltungs- und allgemeinen Texten sowie mit damit verbundenen stilistischen Fragen.;Übersetzungsinspektor;ispettore traduttore;rel
Der Bibliothekswart/die Bibliothekswartin entnimmt im Auftrag der Vorgesetzten und unter Anleitung des Personals, das höheren Berufsbildern angehört, Bücher und Medien und stellt sie nach der Ausleihe wieder an ihren Platz zurück.;Bibliothekswart;commesso di biblioteca;rel
Der Bibliotheksinspektor/die Bibliotheksinspektorin wirkt mit bei der Planung und Einrichtung von Bibliotheken, sorgt für deren einheitliche Führung, plant und unterstützt Aktionen zur Leseförderung und ist für alle Bereiche von wissenschaftlichem Anspruch zuständig.;Bibliotheksinspektor;ispettore bibliotecario;rel
Der DV-Techniker-Analytiker/die DV-Technikerin-Analytikerin erstellt Analysen für Anwendungen und überwacht deren Umsetzung in Programme oder erstellt diese selbst er/sie ist für das einwandfreie Funktionieren der Programme verantwortlich.;DV-Techniker-Analytiker;tecnico informatico-analista EDP;rel
Der DV-Techniker/die DV-Technikerin entwickelt und schreibt mit den vorgeschriebenen Programmiertechniken Anwendungsprogramme auf der Grundlage von Programmiervorgaben er/sie ist für das einwandfreie Funktionieren dieser Programme verantwortlich. Er/Sie betreut auch Betriebssysteme und Netze.;DV-Techniker;tecnico informatico;rel
Der Statistiker/die Statistikerin führt, gemäß den Richtlinien des/der Vorgesetzten, verschiedene Tätigkeiten in Zusammenhang mit der Sammlung und Auswertung von statistischen Informationen aus und koordiniert gegebenenfalls die Arbeit der seinem/ihrem Bereich zugeteilten Mitarbeiter und Mitarbeiterinnen.;Statistiker;statistico;rel
Das Standesamt stellt folgende Bescheinigungen aus: Geburtsscheine und Auszüge aus dem Geburtenregister Trauscheine und Auszüge aus dem Heiratsregister Totenscheine und Auszüge aus dem Sterberegister.;Auszug aus der Geburtenregister;estratto di nascita;rel
Das Standesamt stellt folgende Bescheinigungen aus: Geburtsscheine und Auszüge aus dem Geburtenregister Trauscheine und Auszüge aus dem Heiratsregister Totenscheine und Auszüge aus dem Sterberegister.;Auszug aus der Heiratsregister;estratto di matrimonio;rel
Das Standesamt stellt folgende Bescheinigungen aus: Geburtsscheine und Auszüge aus dem Geburtenregister Trauscheine und Auszüge aus dem Heiratsregister Totenscheine und Auszüge aus dem Sterberegister.;Auszug aus der Sterberegister;estratto di decesso;rel
Das ausführende Subjekt muss  das  Umfragedokument an folgende Stellen übermitteln: - bei Meinungsumfragen: an die Aufsichtsbehörde für Kommunikationswesen zur Veröffentlichung auf der Internetseite www.agcom.it .;Meinungsumfrage;sondaggio d'opinione;rel
Die Fachoberschulen vermitteln durch das Erlernen, Vertiefen und Anwenden allgemeiner und spezifischer Methoden, bei enger Verzahnung von Theorie und Praxis, eine kulturelle, wirtschaftliche wissenschaftliche und technologische Grundbildung.;Fachoberschule;istituto tecnico;rel
Der Zugang zu den Verwaltungsunterlagen darf nicht verweigert werden, wenn der Rückgriff auf das Verzögerungsrecht genügt.;Zugang zu den Verwaltungsunterlagen;accesso ai documenti amministrativi;rel
Informationsfreiheit bedeutet, dass Informationen der öffentlichen Verwaltung (Verwaltungstransparenz) und Politik dem Bürger öffentlich gemacht werden (Öffentlichkeitsprinzip).;Öffentlichkeitsprinzip;principio di pubblicità;rel
Diese Befugnis zur Aufhebung im Selbstschutzwege erwächst aus dem verwaltungsrechtlichen Grundsatz der guten Verwaltung, aufgrund von welchem die Verwaltung verpflichtet ist, Maßnahmen zu treffen, die dem verfolgten Zweck so gut wie möglich entsprechen.;Grundsatz der guten Verwaltung;principio di buon andamento;rel
Gegen den Ablehnungsbescheid oder eine Ermächtigung mit Bedingungen des Bürgermeisters, die auf architektonischen, landschaftlichen oder ästhetischen Gründen fußen, kann der Gesuchsteller innerhalb von 30 Tagen an das Kollegium für Landschaftsschutz Berufung einlegen.;Ablehnungsbescheid;provvedimento di diniego;rel
Gegen die Verweigerungsmaßnahmen  und die Maßnahmen  kann Rekurs beim Innenminister eingelegt werden dieser entscheidet innerhalb von 60 Tagen unter Mitwirkung des Ministers für Infrastruktur und Verkehr.;Verweigerungsmaßnahme;provvedimento di diniego;rel
Für die von einem der Teilhaber eingeräumten Hypotheken sind die im 4. Abschnitt des 3. Titels des 6. Buches enthaltenen Bestimmungen zu beachten.;Buch;libro;rel
Das gebietsmäßig zuständige Ethikkomitee hat eine begründete positive Stellungnahme zum Forschungsprogramm abgegeben ….;Ethikkomitee;comitato etico;rel
Wird die Einziehungsmaßnahme endgültig, so ist die Agentur für Staatsgüter ab Übermittlung der Maßnahme durch den Präfekten für die Auszahlung der Beträge zuständig.;Agentur für Staatsgüter;agenzia del demanio;rel
Die Feststellung der Steuern auf dem Gebiet der Provinzen erfolgt aufgrund von Leitlinien und strategischen Zielen, die durch Einvernehmen zwischen jeder Provinz und dem Minister für Wirtschaft und Finanzen und durch nachfolgende operative Vereinbarungen mit den Steueragenturen festgelegt werden.;Steueragentur;agenzia fiscale;rel
Bei Privatisierung durch Abstoßung an den Markt werden die Archive der Behörden auch privatisiert, mit Ausnahme der laufenden Archive.;laufend Archiv;archivio corrente;rel
In Lizenz hergestelltes Bier liegt vor, wenn ein Herstellungsbetrieb Bier nach der Rezeptur eines anderen Herstellungsbetriebs (Lizenzgeber) herstellt und dieses unter der Marke des Lizenzgebers vertreibt. Das Lizenzbier kann auch vom Lizenzgeber selber vertrieben werden.;Lizenzgeber;licenziante;rel
Die Berufsfeuerwehren führen die Bezeichnung „Berufsfeuerwehr“ unter Beifügung des Namens der Gemeinde.;Berufsfeuerwehr;Corpo permanente dei vigili del fuoco;rel
Neben dem Pflichtbereich versorgt die FF Meran als Bezirksstützpunktwehr den gesamten Bezirk Meran mit Sondereinsatzgeräten.;FF;Corpo dei vigili del fuoco volontari;rel
Auf gebührenpflichtigen Parklätzen werden für Wohnmobile Tarife angewandt, die um 50 % höher sind als die Tarife, die auf gleichen Parkplätzen in der Gegend für Personenkraftwagen erhoben werden.;Personenkraftwagen;autovettura;rel
Bei zweiachsigen Kraftomnibussen oder Oberleitungsbussen, die für den öffentlichen Linienverkehr im innerstädtischen und im Vorstadtbereich bestimmt sind, beträgt die höchstzulässige Gesamtmasse 19 t.;Kraftomnibus;autobus;rel
Gesellschaftswagen und Kleinbusse benötigen Notausstiege mit einer lichten Weite von mindestens 0,60 m auf 0,43 m.;Kleinbus;autobus;rel
Bei Kombinationskraftwagen  muß in dem Raum zur wahlweisen Beförderung von Personen oder Gütern nach dem Umlegen oder Entfernen der Sitze eine feste, unbewegliche Ladefläche zur Aufnahme von Gütern zu bilden sein, auf der Güter sicher aufliegen können.;Kombinationskraftwagen;autoveicolo per trasporto promiscuo;rel
Starre Anhänger an Personenwagen, Lieferwagen und Kleinbussen dürfen höchstens l,50 m lang und nicht breiter sein als das Zugfahrzeug und ein Gesamtgewicht von höchstens 0,30 t aufweisen.;Lieferwagen;autoveicolo per trasporto promiscuo;rel
Landwirtschaftliche Traktoren und Motorkarren müssen mit einer geprüften Schutzeinrichtung, wie z. B. Sicherheitskabine, Sicherheitsrahmen oder Sicherheitsbügel, versehen sein, die bei Unfällen ein Überrollen des Fahrzeugs nach Möglichkeit verhindert und den Führer oder die Führerin schützt.;Motorkarre;autocarro;rel
Die Verwaltungsrichter, die Sekretariatsbediensteten und die Hilfskräfte tragen bei öffentlichen Verhandlungen die vom Präsidialrat für die Verwaltungsgerichtsbarkeit vorgeschriebene Robe oder Amtstracht.;Verwaltungsrichter;giudice amministrativo;rel
Zum Personenlinienverkehr dürfen folgende Fahrzeuge bestimmt werden: Kraftomnibusse, Gelenkbusse, Sattelkraftfahrzeuge, Lastzüge, Oberleitungsbusse, Gelenk-Oberleitungsbusse, Oberleitungssattelzüge und Oberleitungslastzüge, die dem Personenverkehr dienen.;Gelenkbus;autosnodato;rel
Bei Wohnmobilen mit einer zulässigen Gesamtmasse von mehr als 2,5 t genügt für die hinteren Sitze die Ausrüstung mit Verankerungen zur Anbringung von Beckengurten und mit Beckengurten.;Wohnmobil;autocaravan;rel
Das Landgericht hat dabei mehrere Fuhren an einem Tag zu einer Tat zusammengefaßt, wenn es sich um die Abholung einer zuvor zusammengestellten Lieferung handelte, die die Ladekapazität eines Lastzuges überschritt.;Lastzug;autotreno;rel
Die Wahrnehmung der  straßenpolizeilichen Aufgaben obliegt:  d-bis) im Rahmen ihrer jeweiligen Gebietszuständigkeit den Korps und Dienststellen der Provinzpolizei, .;Provinzpolizei;polizia provinciale;rel
Die Schulen der Unter- und Oberstufe erleichtern durch gemeinsame Orientierungsmaßnahmen den Schülerinnen und Schülern die Wahl der geeigneten weiterführenden Schule.;Schule;scuola;rel
Schulen im Sinne dieser Bestimmungen des Suchmittelgesetzes sind die öffentlichen und privaten Schulen gemäß Schulorganisationsgesetz, BGBl. Nr. 242/1962, die öffentlichen land- und forstwirtschaftlichen Schulen sowie alle anderen Privatschulen.;Privatschule;scuola non statale privata;rel
Zu den Tätigkeiten  gehören auch Lehrgänge, didaktische und schulische Tätigkeiten, einschließlich der Finanzierung von Privatschulen, die gesetzlich anerkannte Studientitel verleihen, private Hochschulen, Tagungen und Lehrfahrten für Lehrpersonen sowie der Ankauf von didaktischem und wissenschaftlichem Material.;Privatschule;scuola non statale privata;rel
Die Direktion der genehmigten Privatschule, die für eine bestimmte Prüfung mindestens 25 Schüler anmeldet, kann beim zuständigen Grundschuldirektor beantragen, die Eignungs- bzw. Abschlussprüfungen am Sitz der Privatschule durchzuführen.;genehmigt Privatschule;scuola privata autorizzata;rel
Die Modalitäten für die Ausführung der gemeinnützigen Arbeit legt der Justizminister im Einvernehmen mit der Gemeinsamen Konferenz laut Artikel 8 des Legislativdekrets vom 28. August 1997, Nr. 281, mit Dekret fest.;gemeinsam Konferenz;Conferenza unificata;rel
Wer zu Fuß geht und einachsige Zug- oder Arbeitsmaschinen an Holmen oder Handfahrzeuge mitführt, hat mindestens eine nach vorn und hinten gut sichtbare, nicht blendende Leuchte mit weißem Licht auf der linken Seite anzubringen oder zu tragen.;Handfahrzeug;veicolo a braccia;rel
Die Bespannung zweispänniger Fuhrwerke, die (nur) eine Deichsel (in der Mitte) haben, mit nur einem Zugtier ist unzulässig, wenn die sichere und schnelle Einwirkung des Gespannführers auf die Lenkung des Fuhrwerks nicht gewährleistet ist.;Fuhrwerk;veicolo a trazione animale;rel
Bei Handwagen und Schlitten sowie bei land- oder forstwirtschaftlichen Arbeitsmaschinen, die nur im Fahren Arbeit leisten können (zum Beispiel Pflüge, Drillmaschinen, Mähmaschinen), ist eine Bremse nicht erforderlich.;Schlitten;slitta;rel
Zur Klasse der atypischen Fahrzeuge gehören Kradfahrzeuge und Kraftwagen, die als Oldtimer gelten oder die von historischem Interesse sind und Sammlerwert besitzen.;Kradfahrzeug;motoveicolo;rel
Kenntnis des Aufbaus und der Funktionsweise von Baumaschinen (Hoch- bzw. Tiefbau) und Anbaugeräten (zB Bagger, Kettenlader, Krananlagen, Bauarten von Kränen, Walzen, Stapler, Bohrmaschinen, Ladekränen, Hydraulikhämmer) sowie des Aufbaus und der Funktion der Einzelbaugruppen.;Baumaschine;mezzo d'opera;rel
Kleinkrafträder, Krafträder, dreirädrige Kraftfahrzeuge, vierrädrige Kraftfahrzeuge und Kraftwagen dürfen nicht ohne Führerschein und, wenn vorgeschrieben, ohne berufliche Befähigung geführt werden.;Kraftrad;motociclo;rel
Die Nutzung durch Dritte umfasst: a) die Vermietung ohne Fahrer, b) die Personenbeförderung im Mietfahrzeug mit Fahrer und im Taxi, c) den Personenlinienverkehr, d) die gewerbliche Güterbeförderung, e) den Güterlinienverkehr, f) die gewerbliche Güterbeförderung im Taxi.;Nutzung durch Dritte;uso di terzi;rel
Bei Motorrädern mit Beiwagen muß der Beiwagen mit Vorrichtungen ausgerüstet sein, mit denen der im Beiwagen Sitzende die Kupplung und die auf das Hinterrad wirkende Bremse betätigen kann.;Beiwagen;rimorchio per trasporto di persone;rel
Veteranenfahrzeuge müssen der ursprünglichen Ausführung entsprechen sowie optisch und technisch in einwandfreiem Zustand sein. Veteranenfahrzeuge werden in der Regel nur noch zu besonderen Anlässen oder zur Verhinderung von Standschäden im Strassenverkehr eingesetzt.;Veteranenfahrzeug;veicolo d'epoca;rel
Unterliegt ein Gut nicht dem Ausschlussprinzip und zudem der Nichtrivalität des Konsums, so wird auch von einem (geborenen) öffentlichen Gut gesprochen.;Gut;bene;rel
Der Lärmschutzbereich eines Flugplatzes wird nach dem Maße der Lärmbelastung in zwei Schutzzonen für den Tag und eine Schutzzone für die Nacht gegliedert.;Lärmbelastung;inquinamento acustico;rel
Die Einleitung von Klärschlamm in Oberflächengewässer, insbesondere von Schiffen oder durch Leitungssysteme, ist verboten.;Oberflächengewässer;acque superficiali;rel
Die Untertagedeponie kann zur Entsorgung folgender Abfalltypologien realisiert werden: - Inertabfälle, - nicht gefährliche Abfälle, - gefährliche Abfälle.;Untertagedeponie;deposito sotterraneo;rel
Bei im Ausland gegründeten Gesellschaften ohne Zweitsitz mit ständiger Vertretung im Staatsgebiet muss sich die Antimafia-Dokumentation auf diejenigen beziehen, welche die Verwaltungs-, Vertretungs- oder Unternehmensleitungsbefugnis innehaben.;Antimafia-Dokumentation;documentazione antimafia;rel
Die Antimafia-Bescheinigung besteht aus zwei Antimafia-Erklärungen („Mitteilung“ und „Information“).;Antimafia-Bescheinigung;documentazione antimafia;rel
Die Entsorger sind grundsätzlich verpflichtet auch die nicht gefährlichen Abfälle, die bei der Lagerung und Behandlung von anderen Abfällen als Output anfallen, bei ihrer Abgabe als Zweiterzeuger zu registrieren.;Zweiterzeuger;nuovo produttore;rel
Am 14. Januar 2017 ist das Nationale System für den Schutz der Umwelt (NSSU) in Kraft getreten.;NSSU;Sistema nazionale per la protezione dell'ambiente;rel
Der Schutz der Umwelt durch das Strafrecht war vor Einführung der Umweltdelikte mit Gesetz Nr. 68/2015 völlig unzureichend.;Umweltdelikt;delitto contro l'ambiente;rel
Der Schutz und die Aufwertung des kulturellen Erbes sollen das Verständnis für die Geschichte der nationalen Gemeinschaft und für ihre Heimat sowie die Kulturentwicklung fördern.;Aufwertung des kulturellen Erbes;valorizzazione del patrimonio culturale;rel
Das Ministerium und die Regionen bestimmen einvernehmlich die politische Ausrichtung zur Erhaltung und Aufwertung der Landschaft ….;Aufwertung der Landschaft;valorizzazione del paesaggio;rel
Die Landschaftsplanung hat die Aufgabe, die Ziele des Naturschutzes und der Landschaftspflege für den jeweiligen Planungsraum zu konkretisieren ….;Landschaftspflege;conservazione del paesaggio;rel
Die Verwaltungsaufgaben und -befugnisse zum Schutze der Landschaftsgüter werden vom Staat und von den Regionen auf die Weise wahrgenommen, dass jederzeit eine einheitliche und den jeweiligen Zielen entsprechende Verwaltung gewährleistet ist.;Schutz der Landschaftsgut;tutela dei beni paesaggistici;rel
Das Ministerium legt, auch mit Hilfe der Regionen und in Zusammenarbeit mit den zuständigen Universitäten und Forschungsanstalten, Richtlinien, technische Vorschriften, Kriterien und Modelle für Eingriffe zur Erhaltung von Kulturgütern fest.;Erhaltung von Kulturgütern;conservazione dei beni culturali;rel
Die Konservierung konzentriert sich auf die Erhaltung der überlieferten Substanz, wobei die authentischen Eigenschaften des Objektes durch den Eingriff möglichst wenig verändert werden sollten.;Konservierung;conservazione dei beni culturali;rel
Bei der Beschlussfassung über den Plan oder das Programm oder über die Regierungsvorlage sind der Umweltbericht und die im Konsultationsverfahren abgegebenen Stellungnahmen einschließlich der Ergebnisse allfälliger grenzüberschreitender Konsultationen nachvollziehbar zu berücksichtigen.;Umweltbericht;rapporto ambientale;rel
Auswahlverfahren: Die numerische Aufnahme erfolgt wie bisher. Die öffentlichen Arbeitgeber suchen beim Arbeitsamt um die Zuweisung zur Auswahl von Menschen mit Behinderung an, die in den Pflichtvermittlungslisten eingetragen sind.;numerische Aufnahme;chiamata numerica;rel
Die regionalen Rechtsprechungssektionen und die Rechtsprechungssektionen von Trient und von Bozen treffen ihre Entscheidungen durch drei Mitglieder des Richterstandes einschließlich des Präsidenten.;regional Rechtsprechungssektion;sezione giurisdizionale regionale;rel
Organe der Gerichtsbarkeit des Rechnungshofs sind die zentrale Berufungssektion mit Sitz in Rom, deren Zuständigkeit sich auf das Staatsgebiet erstreckt, und die Berufungssektion für die Region Sizilien mit Sitz in Palermo, deren Zuständigkeit sich auf das Regionalgebiet erstreckt.;Berufungssektion;sezione di appello;rel
Die vereinigten Rechtsprechungssektionen entscheiden über Zuständigkeitskonflikte sowie über Grundsatzfragen, die ihnen von den Berufungssektionen oder vom Präsidenten des Rechnungshofs zugeschoben werden, oder auf Antrag des Generalstaatsanwalts.;vereinigt Rechtsprechungssektion;sezione riunita in sede giurisdizionale;rel
Der Ausdruck „Vertragnehmer“ bezeichnet jede natürliche oder juristische Person, Körperschaft oder Vereinigung, die mit einem Anbieter öffentlich zugänglicher elektronischer Kommunikationsdienste einen Vertrag über die Bereitstellung derartiger Dienste geschlossen hat oder jedenfalls Empfänger solcher Dienste durch Wertkarten ist, ….;Anbieter öffentlich zugänglicher elektronischer Kommunikationsdienste;fornitore di servizi di comunicazione elettronica accessibili al pubblico;rel
Die Pflicht zur Erlassung von Datensicherheitsmaßnahmen im Sinne der Art. 24, 25 und 32 DSGVO im Zusammenhang mit der Erbringung eines öffentlichen Kommunikationsdienstes obliegt jedem Betreiber eines öffentlichen Kommunikationsdienstes jeweils für jeden von ihm erbrachten Dienst.;Betreiber eines öffentlichen Kommunikationsdienstes;fornitore di servizi di comunicazione elettronica accessibili al pubblico;rel
Im Fall einer Verletzung des Schutzes personenbezogener Daten hat unbeschadet der Betreiber öffentlicher Kommunikationsdienste unverzüglich die Datenschutzbehörde von dieser Verletzung zu benachrichtigen.;Betreiber öffentlicher Kommunikationsdienste;fornitore di servizi di comunicazione elettronica accessibili al pubblico;rel
Der Teilnehmer kann von einem Anbieter eines öffentlich zugänglichen Telefondienstes verlangen, dass dieser einer Störung unverzüglich, auch nachts und an Sonn- und Feiertagen, nachgeht, wenn der Anbieter von öffentlich zugänglichen Telekommunikationsdiensten über beträchtliche Marktmacht verfügt.;Anbieter von öffentlich zugänglichen Telekommunikationsdiensten;fornitore di servizi di comunicazione elettronica accessibili al pubblico;rel
„Zugehörige Dienste“ bedeutet diejenigen mit einem Kommunikationsnetz oder einem Kommunikationsdienst verbundenen Dienste, welche die Bereitstellung von Diensten über dieses Netz oder diesen Dienst ermöglichen oder unterstützen bzw. dazu in der Lage sind ….;Bereitstellung von Diensten;fornitura di servizi;rel
Mit Maßnahme des Generalsekretärs des Rechnungshofs in seiner Rolle als Verantwortlicher des Kostenzentrums werden allgemeine Bestimmungen über die Festsetzung der Vergütungen für die Sachverständigen und Verwahrer festgelegt.;Generalsekretär der Rechnungshof;segretario generale della Corte dei conti;rel
Die dem Rechnungshof angehörenden Mitglieder des Richterstandes, die den Kontrollsektionen und -ämtern zugeteilt sind, melden der zuständigen Regionalstaatsanwaltschaft sämtliche im Rahmen der Ausübung ihrer Funktionersichtlichen Tatsachen, aus denen eine Haftung für Schäden zum Nachteil der öffentlichen Hand erwachsen kann.;Regionalstaatsanwaltschaft;procura regionale;rel
Die Aufgaben des Staatsanwalts bei den mit der Rechtsprechung befassten Sektionen übt der Regionalstaatsanwalt oder ein anderes dem Amt zugewiesenes Mitglied des Richterstands aus.;Regionalstaatsanwalt;procuratore regionale;rel
Kulturwege, archäologische Parks und Kulturlandschaftspflege-Projekte verbinden Denkmal- und Naturschutz mit einer breiten Öffentlichkeitsarbeit und Forschung.;archäologisch Park;parco archeologico;rel
Falls es notwendig sein sollte, bestimmte Körperteile vor besonderen Risiken zu schützen, müssen den Arbeitnehmern geeignete Schutzmittel zur Verfügung gestellt werden, wie zum Beispiel angemessene Schutzschirme, Schürzen, Brustschutz, Beinschienen oder Gamaschen.;Beinschiene;gambale;rel
Falls es notwendig sein sollte, bestimmte Körperteile vor besonderen Risiken zu schützen, müssen den Arbeitnehmern geeignete Schutzmittel zur Verfügung gestellt werden, wie zum Beispiel angemessene Schutzschirme, Schürzen, Brustschutz, Beinschienen oder Gamaschen.;Brustschutz;pettorale;rel
Dreifingerhandschuhe eignen sich für Arbeiten, die den Gebrauch einzelner Finger in gewissem Umfang erfordern («Schlüsselgriff»). Dazu gehören zum Beispiel Schweissen, Schleifen und Reparaturarbeiten.;Dreifingerhandschuh;guanto a tre dita;rel
Das Schutzsystem gegen Absturz, zertifiziert für den spezifischen Einsatz, muss einen freien Sturz von höchstens 1,5 m, oder bei Vorhandensein von Falldämpfern von 4 m, zulassen.;Falldämpfer;assorbitore di energia;rel
Fünffingerhandschuhe eignen sich, wenn höhere Anforderungen an die Fertigkeit und das Tastgefühl der Hände und Finger gestellt werden.;Fünffingerhandschuh;guanto a cinque dita;rel
Bei einer Kontrolle durch ein Organ der Lebensmittelaufsicht in einem Hotelbetrieb  wurden folgende Mängel festgestellt: Vier Köche trugen bei der Zubereitung von Speisen keinen Haarschutz.;Haarschutz;dispositivo di protezione dei capelli;rel
Höhensicherungsgeräte halten stets eine straffe Verbindung zum Auffanggurt (ähnlich einem Automatik-Sicherheitsgurt im Pkw). Daher sind sie für wechselnde Arbeitsorte (horizontal bzw. vertikal) gut geeignet.;Höhensicherungsgerät;dispositivo anticaduta di tipo retrattile;rel
Anstosskappen nach SN EN 812  bestehen im allgemeinen aus einer leichten Thermoplastschale, deren einfache Innenausstattung an die Kopfweite angepasst werden kann.;Anstosskappe;copricapo antiurto per l'industria;rel
Elektrische Gefährdungen durch elektrischen Schlag oder Lichtbogen können entstehen bei Anwendung der Elektrizität bei der Arbeit (zum Beispiel Verwendung von elektrischen Betriebsmitteln) oder bei der Durchführung von nicht elektrischen Arbeiten in der Nähe von unter Spannung stehenden Betriebsmitteln.;Lichtbogen;arco elettrico;rel
Die Schutzkleidung für hitzeexponierte Industriearbeiter ist bestimmt zum Schutz gegen Einwirkungen von heißen Teilen, Wärmestrahlung, kurzzeitigem Kontakt mit offenen Flammen, Funkenflug sowie flüssigen Metall- oder Schlackespritzern.;offen Flamme;fiamme libere;rel
"Arbeitsbereiche, in denen Brand- und Explosionsgefahren bestehen und in denen der Umgang mit offenem Feuer verboten ist, müssen mit dem Verbotszeichen P 02 ""Feuer, offenes Licht und Rauchen verboten"" gekennzeichnet sein.";offen Feuer;fiamme libere;rel
Schnittschutzschürzen aus Metall finden vor allem in fleischverarbeitenden Betrieben Verwendung, wo es zu Schnittverletzungen am Rumpf kommen kann.;Schnittschutzschürze;grembiule antitaglio;rel
Röntgenschutzkleidung dient dazu, Untersucher und Assistenzpersonal vor Strahlung zu schützen.;Röntgenschutzkleidung;indumenti di protezione contro le radiazioni ionizzanti;rel
Für Arbeiten im Gefahrenraum von Gleisen sind den Arbeitnehmern Warnkleidung sowie Sicherheits- oder Schutzschuhe zur Verfügung zu stellen.;Schutzschuh;scarpa di protezione;rel
Bei Schweißerschutzbekleidung unterscheidet man zwischen zwei Klassen. Je höher die Klasse umso höher die Schutzwirkung der PSA.;Schweißerschutzbekleidung;indumenti di protezione per saldatura;rel
Grundsätzlich sollte bei Arbeiten mit offenen Lasern geschlossene, schwer entflammbare Kleidung (z. B. Schweißerschutzkleidung) getragen werden.;Schweißerschutzkleidung;indumenti di protezione per saldatura;rel
Fuß- und Beinschutz ist persönliche Schutzausrüstung zum Schutz der Gliedmaßen der unteren Extremitäten vor Verletzungen, vor Schäden durch länger andauernde Beanspruchung, vor anderen schädigenden Einwirkungen und zum Schutz vor Ausrutschen (z. B. Sicherheitsschuhe, Schutzstiefel, Schnittschutzhosen).;Sicherheitsschuh;scarpa di sicurezza;rel
Für Kopfverletzte werden besondere Innenausstattungen geliefert. Je nach Art der Schädigung werden Textilbänder, Leder oder Schaumstoffpolster zur Verteilung der Helmlast auf dem Kopf unter Aussparung von empfindlichen Kopfbereichen verwendet.;Textilband;fascia in tessuto;rel
Verbindungsmittel dürfen nicht durch Verknoten befestigt, gekürzt oder verlängert werden.;Verbindungsmittel;cordino;rel
Die Arbeitnehmer müssen Warnkleider in grellen Farben tragen, die den ganzen Körper bedecken und mit lichtreflektierenden Flächen versehen sind.;Warnkleider;abbigliamento ad alta visibilità;rel
Der Arbeitgeber gewährleistet, dass jeder Arbeitnehmer eine ausreichende und angemessene Ausbildung im Bereich der Gesundheit und Sicherheit erhält, auch unter Berücksichtigung der sprachlichen Kenntnisse .;Ausbildung;formazione;rel
Ab 1.1.2008 setzen sich die Notfalleinsatzgruppen in der Landesverwaltung und in den Kindergärten und Schulen jeglicher Art aus den Brandschutzbeauftragten und den Erste-Hilfe-Beauftragten zusammen.;Brandschutzbeauftragter;addetto antincendio;rel
Eine wesentliche Aufgabe der Brandschutzhelfer ist die Brandbekämpfung von Entstehungsbränden mit den im Unternehmen zur Verfügung stehenden Löschmitteln.;Brandschutzhelfer;addetto antincendio;rel
Die Erste-Hilfe-Beauftragten absolvieren eine theoretische und praktische Ausbildung für die Durchführung der internen Erste-Hilfe-Maßnahmen und die Aktivierung der Notfalleinsätze.;Erste-Hilfe-Beauftragter;addetto al pronto soccorso;rel
Bei der Verwendung biologischer Arbeitsstoffe müssen Arbeitgeber die dem jeweiligen Gesundheitsrisiko entsprechenden Sicherheitsvorkehrungen treffen. Erforderlichenfalls sind den Arbeitnehmern wirksame Impfstoffe zur Verfügung zu stellen.;Gesundheitsrisiko;rischio per la salute;rel
Das von einem Leuchtzeichen erzeugte Licht muss je nach den vorgesehenen Benutzungsbedingungen deutlich mit seiner Umgebung kontrastieren. Das Leuchtzeichen darf weder durch zu grelles Licht blenden noch durch zu schwaches Licht die Sichtbarkeit beeinträchtigen.;Leuchtzeichen;segnale luminoso;rel
Bei der Projektierung von unterirdischen Räumen müssen gute Lebensqualität und ein angenehmes Raumklima gewährleistet werden.;Raumklima;microclima;rel
Die Risikobewertung durch physikalische Einwirkungen wird von Fachpersonal im Rahmen des Arbeitsschutzdienstes, welches über spezifische Kenntnisse in diesem Sachbereich verfügt, geplant und mindestens alle vier Jahre ausgeführt.;physikalisch Einwirkung;agente fisico;rel
Nichttrennende Schutzeinrichtungen müssen so konstruiert und in die Steuerung der Maschine integriert sein, dass die beweglichen Teile nicht in Gang gesetzt werden können, solange sie vom Bedienungspersonal erreicht werden können .;nichttrennende Schutzeinrichtung;dispositivo di protezione;rel
Werden bei Arbeitsvorgängen offene radioaktive Stoffe unter Anwendung der notwendigen Sicherheitsmaßnahmen verwendet, so ist für die Dauer dieser Arbeitsvorgänge eine Kennzeichnung der radioaktiven Stoffe nicht erforderlich. Bei diesen Arbeitsvorgängen muss eine mit diesen Sicherheitsmaßnahmen vertraute Person anwesend sein.;Sicherheitsmaßnahme;misura di sicurezza;rel
Bei der Konzeption von Arbeitsmitteln müssen Risikobeurteilungen gemacht werden, und im Rahmen eines Sicherheitskonzeptes ist für jede Gefährdung von Personen eine geeignete Sicherheitsmassnahme zu treffen.;Sicherheitsmassnahme;misura di sicurezza;rel
Der Arbeitsschutzdienst arbeitet die Sicherheitsverfahren für die verschiedenen Betriebstätigkeiten aus.;Sicherheitsverfahren;procedura di sicurezza;rel
An Arbeitsplätzen mit erhöhter Unfallgefahr sowie an abgelegenen Arbeitsplätzen darf ein Arbeitnehmer nur allein beschäftigt werden, wenn eine wirksame Überwachung sichergestellt ist.;Unfallgefahr;pericolo di infortunio;rel
Die Gesundheitsüberwachung beinhaltet Vorsorgeuntersuchungen, mit denen das Vorhandensein eventueller Kontraindikationen für die den Arbeitnehmern zugewiesene Arbeit überprüft wird, sowie ihre Eignung für die spezifische Aufgabe.;Vorsorgeuntersuchung;visita medica preventiva;rel
Zur Wirksamkeit der Sicherheitskennzeichnung tragen verschiedene Komponenten bei: die Farbe, die Form, das ergänzende Symbol, der Text, die Schriftart usw. Wie die einzelnen Teile miteinander kombiniert werden, kann ebenfalls bedeutsam sein.;Sicherheitskennzeichnung;segnaletica di sicurezza e di salute sul luogo di lavoro;rel
Verbotszeichen sind als weiße Kreise mit schwarzem Piktogramm und rotem Rand  zu gestalten.;Verbotszeichen;segnale di divieto;rel
Die Warnzeichen sind gelbe Dreiecke mit schwarzem Piktogramm und schwarzem Rand .;Warnzeichen;segnale di avvertimento;rel
Lässt sich eine Gefahrenstelle nicht unverzüglich oder restlos beseitigen, so ist sie zu kennzeichnen. Dies kann geschehen durch ein Verbots-, Warn- oder Gebotszeichen, durch Farbe oder ein anderes Element, welches die Gefahr rasch und eindeutig erkennen lässt .;Gebotszeichen;segnale di prescrizione;rel
Da Rettungsschilder ohnehin in Grün vorgeschrieben sind, ist  die Farbe Grün für die Rettungszeichenleuchten über dem Notausgang zu empfehlen.;Rettungsschild;cartello di salvataggio;rel
Ein Sicherheitszeichen ist ein Zeichen, das durch Kombination von geometrischer Form und Farbe sowie graphischem Symbol eine bestimmte Sicherheits- und Gesundheitsschutzaussage ermöglicht.;graphisch Symbol;pittogramma;rel
Um die drohende Gefahr oder gewünschte sichere Verhaltensweise möglichst sinnfällig auf dem Sicherheitszeichen darzustellen, wird häufig ein Symbol  verwendet. Die lodernde Flamme symbolisiert zum Beispiel einen feuergefährlichen Stoff das Ausrufezeichen gilt als Symbol der Gefahr.;Symbol;pittogramma;rel
Es werden Farben gezielt für die Arbeitssicherheit eingesetzt. In den meisten Fällen werden den verwendeten Grundfarben entsprechende Kontrastfarben zugeordnet, um die zu übermittelnde Botschaft besser erkennbar zu machen;Kontrastfarbe;colore di contrasto;rel
Eigenmerkmale von Verbotszeichen sind: Form: rund, schwarzes Piktogramm auf weißem Grund, Rand und Querbalken (von links nach rechts in einem Neigungswinkel von 45° zur Horizontalen) rot (die Sicherheitsfarbe Rot muss mindestens 35% der Oberfläche des Zeichens ausmachen).;Querbalken;banda;rel
Eigenmerkmale von Verbotszeichen sind: Form: rund, schwarzes Piktogramm auf weißem Grund, Rand und Querbalken (von links nach rechts in einem Neigungswinkel von 45° zur Horizontalen) rot (die Sicherheitsfarbe Rot muss mindestens 35% der Oberfläche des Zeichens ausmachen).;Rand;bordo;rel
Bodenbeläge sind so auszuführen, dass sich keine Funken bilden können.;Funke;scintilla;rel
Erst  wenn die Kontaktfläche groß wird, z. B. durch unprofilierte oder grob/großflächig profilierte Schuhsohlen, bei hoher Aufsetzgeschwindigkeit und geringer Aufsetzkraft (z. B. durch weiten Ausfallschritt) oder durch anderes Gleitmittel (z. B. Öl) erhöht sich das Rutschrisiko.;Rutschrisiko;rischio di scivolamento;rel
Bei Unfällen und Bränden mit brandfördernden Stoffen (Klasse 5) ist mit der Freisetzung von Aktivsauerstoff bzw. eines anderen oxidierend wirkenden Stoffes zu rechnen.;brandfördernd Stoff;comburente;rel
„Binnenschifffahrtsinformationsdienste (River Information Services – RIS)“ sind die harmonisierten Informationsdienste zur Unterstützung des Verkehrs- und Transportmanagements in der Binnenschifffahrt einschließlich – sofern technisch durchführbar – der Schnittstellen mit anderen Verkehrsträgern .;Binnenschifffahrt;navigazione interna;rel
Bei dem muskelkraftbetriebenen Sportfahrzeug darf  die vom Hersteller angegebene höchste zulässige Anzahl der Sitzplätze nicht überschritten werden und muss für jeden Fahrgast und jedes Besatzungsmitglied ein Rettungsmittel  an Bord vorhanden sein.;Rettungsmittel;mezzo di salvataggio;rel
In der Galvanotechnik und in den Laboratorien ist die Installation leicht und schnell erreichbarer Notduschen und Augenduschen erforderlich. Die Duschen müssen eindeutig gekennzeichnet sein und der Zugang muss stets freigehalten werden.;Notdusche;doccia di sicurezza;rel
In unmittelbarer Nähe von Turnhallen ist ein Erste-Hilfe-Raum mit einer Liege einzurichten.;Erste-Hilfe-Raum;locale di pronto soccorso;rel
Die Betriebe der Gruppe C haben folgende Ausstattung: a) einen Verbandskasten an jedem Arbeitsort, der angemessen und an einem leicht zugänglichen Ort aufbewahrt wird und anhand einer geeigneten Kennzeichnung auffindbar ist, ….;Verbandskasten;pacchetto di medicazione;rel
Rettungstransportmittel, z. B. Krankentragen, dienen dem sachkundigen, schonenden Transport Verletzter vom Ort des Geschehens zur weiteren Versorgung.;Krankentrage;barella;rel
Wenn kein fließendes Wasser zur Verfügung steht, kann die mit Trinkwasser gespeiste Augennotdusche in Abweichung von den allgemeinen Regeln durch Augenspülflüssigkeiten ersetzt werden.;Augennotdusche;lavaocchi;rel
Für den Ernstfall wichtige Einrichtungen wie Brandschutztüren, Feuerlöscher, Brandmelder, Hydranten und Brandmeldetelefone durch Brandschutzschilder kennzeichnen.;Brandmeldetelefon;telefono per interventi antincendio;rel
Die rasche Beseitigung der von den Sprengstoffen verursachten Gasen, des Qualms und des Staubs ist durch künstliche Belüftung zu bewirken .;künstliche Belüftung;ventilazione meccanica;rel
Mitarbeiter, die sich über Stunden unter schlechten klimatischen Bedingungen in geschlossenen Räumen aufhalten, leiden häufig unter Beschwerden wie Kopfschmerzen, mangelnder Konzentrationsfähigkeit oder Übelkeit.;geschlossen Raum;ambiente chiuso;rel
Tätigkeiten im Kältebereich oder im Hitzebereich sind auf das absolute Mindestmaß zu begrenzen. Personen, die sich in diesen Bereichen aufhalten, müssen in die Pflichtvorsorge  aufgenommen werden.;Kältebereich;ambiente severo freddo;rel
Ein Brandverlauf kann in Phasen, die sich durch unterschiedliche Charakteristika bezüglich Brandausdehnung, Temperatur und Rauchentwicklung unterscheiden, gegliedert werden.;Brandverlauf;evoluzione dell'incendio;rel
Ist das Betreiben einer Werkzeugmaschine mit einem hohen Brandrisiko und mit der Gefahr von nachfolgenden Metallbränden verbunden, sind integrierte Brandmelde- und Löscheinrichtungen vorzusehen .;Metallbrand;fuoco di metalli;rel
Die Entwicklung eines Feststoffbrands erfolgt typischer Weise in der Reihenfolge Entstehungs-, Ausbreitungs-, Vollbrand- und Abklingphase.;Abklingphase;fase di estinzione e raffreddamento;rel
In der Brandklasse B werden Brände von flüssigen oder flüssig werdenden Stoffen zusammengefasst, die unter reiner Flammenbildung verbrennen. Dazu gehören unter anderem Benzin, Benzol, Heizöl, Diesel, Alkohol, Teer, Wachs, Farben, Lacke, Lösungsmittel, Aceton, Ether, Harz sowie viele Kunststoffe.;Brand von flüssig oder flüssig werdend Stoff;fuoco di liquidi o di solidi liquefattibili;rel
Druckbelüftungsanlagen müssen im Brandfall automatisch auslösen. Sie dürfen auch zusätzlich über eine automatische Brandmeldeanlage ausgelöst werden können.;automatische Brandmeldeanlage;impianto di rivelazione automatica d'incendio;rel
Falls Wände Teil einer baulichen Brandabschnittstrennung sind , müssen sie die Anforderungen an Brandwände erfüllen . Sie müssen dann u. a.: aus Baustoffen der Baustoffklasse A  bestehen mindestens feuerbeständig  sein.;Brandabschnittstrennung;barriera antincendio;rel
Der technisch bedingte Hintergrundlärm in einem Büroraum wird in der Regel durch Klimaanlagen und EDV-Geräte erzeugt.;Hintergrundlärm;rumore di fondo;rel
Eine Aufnahme von Wirkstoffen über die benetzte Haut ist  möglich, unter den praktischen Rahmenbedingungen (übliche Expositionsintensität und -dauer) der Flächendesinfektion sind allerdings systemische Wirkungen im Sinne von Organschäden oder neurologischen Defekten unwahrscheinlich .;Expositionsintensität;intensità dell'esposizione;rel
Bei Arbeiten im Apothekenlaboratorium, wie beispielsweise der Prüfung von Ausgangsstoffen, werden gefährliche Stoffe in geringen Mengen verwendet. Die chemischen Expositionsrisiken sind bei automatisierten Verfahren sehr gering, bei manuellen Verfahren können sie aufgrund des möglichen Expositionsausmaßes relevant sein.;Expositionsausmaß;intensità dell'esposizione;rel
Bei der Ermittlung der Expositionswerte bei Vibrationsbelastung wird auf einen Beurteilungszeitraum von 8 h normiert.;Expositionswert;livello di esposizione;rel
Eine Betriebsbegehung zur Kontrolle der Brandschutzmaßnahmen – auf Basis der Risikobeurteilung – sollte regelmäßig, mindestens jedoch in Abständen von zwei Jahren, durchgeführt werden.;Brandschutzmaßnahme;misura di protezione antincendio;rel
Können Gesundheitsbeeinträchtigungen durch technische oder organisatorische Massnahmen nicht oder nicht vollständig ausgeschlossen werden, so muss der Arbeitgeber den Arbeitnehmern zumutbare und wirksame persönliche Schutzausrüstungen zur Verfügung stellen.;organisatorisch Massnahme;misura organizzativa;rel
Für Arbeitnehmer, welche Arbeitsstoffen ausgesetzt sind, für die ein biologischer Arbeitsstofftoleranzwert festgesetzt ist, ist die biologische Überwachung verpflichtend.;biologischer Arbeitsstofftoleranzwert;valore limite biologico;rel
Nach der Sprengung ist es notwendig, mindestens 15 Minuten nach der letzten Detonation abzuwarten, bevor der Sprengmeister und der Schichtführer zum Abbaufront zurückkehren wegen der Explosionsgase ist immer Erstickungsgefahr zu befürchten.;Erstickungsgefahr;pericolo di asfissia;rel
Schweiß- und Schneidarbeiten unter Druckluft erhöhen die Brandgefahr sowie die Vergiftungsgefahr durch Schweißrauche.;Vergiftungsgefahr;pericolo di intossicazione;rel
Für diejenigen, die sich für längere Zeit im Tunnel aufhalten müssen, stehen einige Bezugselemente zur Verfügung, die eine Garantien zum Schutz ihrer Gesundheit bieten. Diese Bezugselemente bestehen aus einer Reihe von Grenzwerten (genannt TLV) für jede potenziell eingeatmete Substanz.;TLV;TLV;rel
Chemikalien werden nach ihrer Giftigkeit in drei Gruppen eingeteilt: sehr giftige (T+) giftige (T) und gesundheitsschädliche Chemikalien (Xn).;Giftigkeit;tossicità;rel
Soweit Arbeitsstoffe noch entsprechend ihren Eigenschaften im Sinne des § 3 ChemG 1996 eingestuft oder gekennzeichnet sind, gelten für sie auch jene Bedienstetenschutzvorschriften, die bereits auf die entsprechende Gefahrenkategorie nach der CLP-Verordnung abstellen .;Gefahrenkategorie;categoria di pericolo;rel
Die Durchführung von Instruktionskursen und Evakuierungsübungen mit allen betroffenen Gebäudenutzern ist gemäss den gesetzlichen Vorschriften ­gerade bei Gebäuden, von denen eine besondere Gefährdung ausgeht, peri­odisch und unter Anleitung des SIBE Sicherheitsbeauftragten zu ­organisieren.;Evakuierungsübung;prova di evacuazione;rel
Als Räumungssignal dienen die Sirenen der Brandmeldeanlage. Daraufhin erfolgt eine automatisierte Durchsage über Lautsprecher, welche die notwendige Räumung des Gebäudes ankündigt.;Räumungssignal;segnale di evacuazione;rel
Es empfiehlt  sich, für die Alarmierung der Bevölkerung im Notstandsfall landesweit nur das einheitliche Zivilschutzsignal „Alarm“ mit einem einminütigen auf- und abschwellenden Heulton zu verwenden.;auf und abschwellend Heulton;suono ululante;rel
Das Arbeitsprogramm beinhaltet einen Notfallplan sowie Angaben über die Arbeitsweisen, die persönlichen Schutzausrüstungen, die Techniken und Arbeitsverfahren, die Verankerungen, die Positionierung des Arbeiters, die Zugänge, die Arbeitstrupps und die Werkzeuge .;Notfallplan;piano di emergenza;rel
Der Auftragnehmer und das ihn vertretende Personal nehmen den Lageplan des Gebäudes, den Verlauf der Fluchtwege und den Evakuierungsplan zur Kenntnis.;Evakuierungsplan;piano di emergenza;rel
Die Betriebe der Gruppe A und B haben folgende Ausstattung: a) einen Erste-Hilfe-Koffer an jedem Arbeitsort, der angemessen und an einem leicht zugänglichen Ort aufbewahrt wird und anhand einer geeigneten Kennzeichnung auffindbar ist, ….;Erste-Hilfe-Koffer;cassetta di pronto soccorso;rel
Im Jahr 2004 wurden 82 Untersuchungen von schweren und tödlichen Arbeitsunfällen durchgeführt. Die häufigsten Unfallursachen waren Stürze aus großer Höhe oder Verletzungen bei der Verwendung von Maschinen oder Werkzeugen.;Unfallursache;causa di infortunio;rel
Stellteile müssen so gestaltet sein, dass unter Berücksichtigung ergonomischer Prinzipien ihre Anordnung, ihre Bewegungsrichtung und ihr Betätigungswiderstand mit der Steuerwirkung kompatibel sind.;Stellteil;dispositivo di comando;rel
Bei der Kontrollinspektion muß der Arbeitsinspektor sowohl die Abänderungsprojekte prüfen, als auch die Abnahmen der Änderungen an den Maschinen, Anlagen und Einrichtungen durchführen.;Kontrollinspektion;ispezione di controllo;rel
Die Risikostufe wird nicht aufgrund des Vorhandenseins von einzelnen Indikatoren der Bereiche Arbeitsinhalt und Arbeitskontext bewertet, sondern in ihrer Gesamtheit.;Risikostufe;livello di rischio;rel
Die aktiven Teile elektrischer Anlagen und Betriebsmittel müssen entsprechend ihrer Spannung, Frequenz, Verwendungsart und ihrem Betriebsort durch Isolierung, Lage, Anordnung oder festangebrachte Einrichtungen gegen direktes Berühren geschützt sein.;aktiv Teil;parte attiva;rel
Bei Stromunfällen im Niederspannungsbereich kommt es häufig zu einem mechanischen Zusammenziehen der Muskulatur (Klebenbleiben). Dabei kann es zu Muskel- und Sehnenabrissen sowie Zerrungen kommen. Durch Schreckreaktionen sind Sekundärunfälle, z. B. Sturz von der Leiter, häufig.;Sekundärunfall;infortunio secondario;rel
Der Basisschutz soll sicher stellen, dass Personen und Nutztiere aktive Teile unter normalen Betriebsbedingungen nicht berühren können, wenn die Nennspannungen über 25 Effektivwert Wechselspannung bzw. 60 V Gleichspannung betragen.;Basisschutz;protezione contro i contatti diretti;rel
Bevorzugt sind Fehlerstrom-Schutzeinrichtungen für den Fehlerschutz einzusetzen. Alternativ dürfen Überstrom-Schutzeinrichtungen für den Fehlerschutz verwendet werden.;Fehlerschutz;protezione contro i contatti indiretti;rel
Die Schutzklassen dienen dazu Betriebsmittel / Geräte in Bezug auf ihren Schutz vor elektrischem Schlag zu beurteilen und einzuteilen.;Schutzklasse;classe di isolamento elettrico;rel
Bei Berührung von stromführenden Teilen kommt es zu einem Stromunfall, wenn ein geschlossener Stromkreis entsteht.;Stromunfall;infortunio elettrico;rel
Bei den unmittelbaren (direkten) Auswirkungen ist grundsätzlich zu unterscheiden zwischen akuten und chronischen Wirkungen von Vibrationen.;unmittelbare Auswirkungen;effetti diretti;rel
Wer ständig mit einem Stemmhammer arbeitet, für den sollten Antivibrationshandschuhe zur Grundausstattung gehören.;Antivibrationshandschuh;guanto antivibrazione;rel
Die Bewertung des Expositionswertes für Hand-Arm-Vibrationen erfolgt anhand der Berechnung des auf einen Bezugszeitraum von 8 Stunden normierten Tagesexpositionswertes A(8) ….;A(8);esposizione giornaliera a vibrazioni;rel
Die PSAgA wird so eingesetzt, dass auch bei einem Wechsel der Anschlagpunkte ein ununterbrochener Schutz gegen Absturz besteht.;PSAgA;dispositivo di protezione individuale contro le cadute dall'alto;rel
Das Arbeitsseil ist mit sicheren Mitteln für das Aufsteigen und Abseilen zu versehen es ist mit einem selbstblockierenden System zu versehen, welches den Absturz verhindert, falls der Benutzer die Kontrolle über die eigenen Bewegungen verliert.;Arbeitsseil;fune di lavoro;rel
Das Sicherheitsseil ist mit einer beweglichen Absturzsicherung zu versehen, welche mit den Bewegungen des Arbeitnehmers mitläuft.;Sicherheitsseil;fune di sicurezza;rel
Im Gegensatz zu betretbaren Verglasungen ist für durchsturzsichere Verglasungen statisch keine vertikale Nutzlast für die Bemessung der Verglasung zu berücksichtigen.;durchsturzsicher;sicuro allo sfondamento;rel
Das Strassenverkehrsamt des Kantons Graubünden ordnete am 30. September 2003 eine Untersuchung zur Abklärung einer allfälligen Alkoholabhängigkeit bei den Psychiatrischen Diensten Graubünden an und entzog X. den Führerausweis vorsorglich für unbestimmte Zeit.;Alkoholabhängigkeit;alcoldipendenza;rel
Das Arbeitsinspektorat führt Ermittlungen zu beruflichen Risiken, Maßnahmen zur Aufklärung und Gesundheitserziehung für die Arbeitnehmer und Arbeitgeber durch und überwacht die Einhaltung der gesetzlichen Vorschriften im Gesundheitsbereich zugunsten der Gesundheit der Arbeitnehmer.;Arbeitsinspektorat;Ispettorato medico del lavoro;rel
Glastreppen und begehbare Verglasungen dürfen ausschließlich durch planmäßigen Personenverkehr bei üblicher Nutzung und mit einer lotrechten Nutzlast von höchstens 5 kN/m² belastet werden.;begehbar;calpestabile;rel
Bei der Verwendung von Arbeitsmitteln müssen mechanische Gefährdungen durch konstruktive Maßnahmen vermieden oder minimiert sein.;mechanisch Gefährdung;rischio meccanico;rel
Es sind alle direkten Wirkungen zu bewerten (Gewebeerwärmung, Nerven- oder Muskelreizung), sowie alle indirekten Wirkungen wie z. B. die Beeinflussung von aktiven medizinischen Implantaten, die Projektilwirkung im Magnetfeld oder die Erwärmung von am oder im Körper getragenen Metallteilen.;Magnetfeld;campo magnetico;rel
Der Arbeitnehmer wird in einem Zeitabstand von höchstens zwei Jahren einer periodischen Untersuchung unterzogen, um die Eignung für die risikobehaftete Tätigkeit zu bestätigen.;risikobehaftete Tätigkeit;mansione a rischio;rel
Üblicherweise liegen die Alarmschwellen bei Überwachung brennbarer Gase zwischen 10 % und 40 % der UEG. Alarmschwellen oberhalb 40 % der UEG sollten nicht eingestellt werden.;UEG;limite inferiore di esplosività;rel
Arbeitnehmer in Abfüllräumen müssen antistatische Kleidung, elektrostatisch leitfähige Schuhe sowie geeigneten Augenschutz und Schutzhandschuhe tragen und ausschließlich nicht funkenziehendes Werkzeug verwenden.;antistatische Kleidung;indumenti antistatici;rel
Fußschutz ist immer dann geboten, wenn mit Gefährdungen zu rechnen ist durch Stoßen, Einklemmen, umfallende, herabfallende oder abrollende Gegenstände, Hineintreten in spitze Gegenstände, heiße oder ätzende Flüssigkeiten bzw. andere gesundheitsgefährdende Umgebungseinflüsse.;Fußschutz;dispositivo di protezione dei piedi;rel
Die Auswahl eines geeigneten Fussschutzes richtet sich hauptsächlich nach den voraussehbaren Gefahren und dem Einsatzort.;Fussschutz;dispositivo di protezione dei piedi;rel
Der Sicherungsposten hat mit den im Schacht oder umschlossenen Raum tätigen Versicherten ständige Verbindung zu halten.;ständige Verbindung;continua comunicazione;rel
Arbeitsmittel müssen mit einer Not-Halt-Einrichtung versehen sein ausser bei Arbeitsmitteln, an denen eine Not-Halt- Einrichtung das Risiko nicht verringern würde und bei von Hand gehaltenen bzw. handgeführten Arbeitsmitteln.;Not-Halt-Einrichtung;dispositivo di arresto di emergenza;rel
Der Arbeitgeber besorgt:  b) die Gewährleistung einer angemessenen Ausbildung der Arbeitnehmer mit Bezug auf die Arbeitsrisiken und die korrekte Durchführung der Tätigkeiten.;Arbeitsrisiko;rischio lavorativo;rel
Anstellleitern dienen in erster Linie als Zugangsmittel zu Arbeitsplätzen. Auf Anstellleitern sollte, wenn immer möglich, nicht gearbeitet werden.;Anstellleiter;scala di appoggio;rel
Durch geeignete Schutzeinrichtungen und Schutzmaßnahmen ist dafür zu sorgen, dass bei der Benutzung von Stetigförderern, wie Becherwerken, Schüttelrinnen, Schwing-, Gurt- oder Kreisförderern eine Gefährdung der ArbeitnehmerInnen, insbesondere Quetsch- und Einzugsgefahren sowie die Gefahr des Einklemmens, wirksam verhindert werden.;Einzugsgefahr;pericolo di trascinamento;rel
Ist die Erwerbsfähigkeit eingeschränkt oder wird ein Bediensteter als dienstunfähig erklärt, steht ihm unter bestimmten Voraussetzungen auch bereits in jüngeren Jahren eine Rente zu.;Erwerbsfähigkeit;capacità lavorativa;rel
Die vorliegende DGUV Information 203-082 erläutert die Schutzmaßnahmen für den Bereich der Batterieherstellung. Bei der Ableitung der erforderlichen Schutzmaßnahmen für einzelne Produktionsschritte ist das  inhalative Expositionsrisiko zu berücksichtigen.;Expositionsrisiko;rischio di esposizione;rel
Die Stufen müssen rechteckige Form und ein konstantes Steigungsverhältnis aufweisen, und zwar nicht über 17 cm Stufenhöhe beziehungsweise unter 30 cm Stufenbreite.;Stufenhöhe;alzata;rel
Durch die Atemwege können Asbestfasern tief in die Lungen eindringen und schwere Lungenerkrankungen wie Asbestose, Lungenkrebs und Mesotheliom hervorrufen.;Asbestose;asbestosi;rel
Konstruktionsbedingt haben Mehrzweckleitern stets Steigschenkel, i. d. R. aus Aluminium, mit Sprossen.;Mehrzweckleiter;scala estensibile;rel
Liegen die obersten Regalfächer über einer Höhe von 1,80 m, sind Tritthocker oder kleinere Stehleitern zu benutzen.;Tritthocker;sgabello a gradini;rel
Elektrische Gleichfelder dringen kaum in den menschlichen Körper ein. Vor allem magnetische Felder sowie elektrische Wechselfelder dringen aber ins Innere des Gewebes ein und induzieren elektrische Felder und Ströme.;elektrisch Feld;campo elettrico;rel
Es muss zwischen der externen elektrischen Feldstärke Ee eines in der Umgebung auftretenden elektrischen Feldes und der internen elektrischen Feldstärke Ei, wie sie im Körper (in situ) infolge einer Exposition gegenüber der Umgebungsfeldstärke auftritt, unterschieden werden.;elektrische Feldstärke;intensità di campo elettrico;rel
"Regalleiter zum Verfahren (""verfahrbare Regalleitern"", auch ""Rollleitern"" genannt) sind am oberen Ende mit Fahrwerken (Rollen) ausgerüstet, welche auf am Regal angebrachten Führungsschienen laufen.";Rollleiter;scala in appoggio scorrevole;rel
Steckleitern sind für das Besteigen von Masten ohne feste Leitern vorgesehen.;Steckleiter;scala innestabile;rel
Der Arbeitgeber  ergreift Hygienemaßnahmen, um die unbeabsichtigte Verbreitung eines biologischen Arbeitsstoffes außerhalb des Arbeitsplatzes zu verhindern oder auf das niedrigstmögliche Niveau zu senken und verwendet das  Symbol für biologische Risiken sowie sonstige geeignete Warnzeichen .;biologisch Risiko;rischio biologico;rel
Am oberen Leiterende werden Hängeleitern gegen Aushängen gesichert am unteren Leiterende zu benachbarten Bauteilen abgespannt.;Hängeleiter;scala di sospensione;rel
Auf der Arbeitsstelle soll den Arbeitnehmern die Erste Hilfe gewährleistet werden die verletzten Arbeitnehmer sollen durch den Einsatz eines Verkehrsmittels zum nähesten Krankenhaus befördert werden.;Erste Hilfe;pronto soccorso;rel
Der Kläger ist Arbeiter des forsttechnischen Dienstes für Wildbach- und Lawinenverbauung. Die Beklagte veranstaltet unter anderem Lehrgänge zum Thema Höhenarbeit, Sicherheitstechnik und Arbeiten in absturzgefährdeten Bereichen.;Höhenarbeit;lavoro in quota;rel
Absturz ist eine wesentliche Unfallursache. Auch im Tiefbau gibt es Arbeitsplätze mit Absturzgefährdungen, z. B. an Baugrubenkanten.;Absturzgefährdung;rischio di caduta dall'alto;rel
Fahrgerüste dürfen nur langsam und auf einem ebenen, tragfähigem und hindernisfreien Untergrund verfahren werden, da sonst Umsturzgefahr besteht. Beim Verfahren dürfen sich keine Personen auf dem Gerüst befinden.;Fahrgerüst;ponte su ruote a torre;rel
Einige Landesteile Südtirols haben eine hohe Radonbelastung es ist deshalb wichtig, diesen Risikofaktor zu berücksichtigen und die notwendigen Vorsorge-, bzw. Sanierungsmaßnahmen umzusetzen.;Radonbelastung;inquinamento da radon;rel
Das Schutzsystem gegen Absturz muss direkt oder über einen Verbinder längs einer Führung oder Lebenslinie, an stabilen Punkten der fixen oder zeitweiligen Bauten, befestigt werden.;Verbinder;connettore;rel
Vor Beginn der Abbrucharbeiten oder der Arbeiten zur Entfernung von Asbest oder asbesthaltigen Materialien aus Gebäuden, Bauten, Geräten und Anlagen sowie Transportmitteln hat der Arbeitgeber einen Arbeitsplan aufzustellen  , der die zur Asbestsanierung angewandte Arbeitstechniken vorsehen muss.;Entfernung von Asbest;rimozione dell'amianto;rel
Vor Beginn der Abbrucharbeiten oder der Arbeiten zur Entfernung von Asbest oder asbesthaltigen Materialien aus Gebäuden, Bauten, Geräten und Anlagen sowie Transportmitteln hat der Arbeitgeber einen Arbeitsplan aufzustellen.;Entfernung von Asbest;rimozione dell'amianto;rel
Eisige Stellen und eine damit verbundene Rutschgefahr gehörten zu den typischen Berufsrisiken eines Zeitungszustellers. Dieser habe daher selbst geeignete Maßnahmen zu treffen, um nicht zu Sturz zu kommen.;Berufsrisiko;rischio professionale;rel
Der Arbeitgeber  sowie die Führungskräfte  müssen  darüber wachen, dass die Arbeitnehmer, die der Gesundheitsüberwachungspflicht unterliegen, keiner spezifischen Aufgabe zugewiesen werden, ohne zuvor über die vorgeschriebene Eignungsbescheinigung zu verfügen .;Eignungsbescheinigung;giudizio di idoneità;rel
Urteil über die Tauglichkeit: tauglich tauglich mit Vorgaben tauglich mit Einschränkungen vorübergehend untauglich permanent untauglich.;Urteil über die Tauglichkeit;giudizio di idoneità;rel
Alleinarbeit liegt vor, wenn eine Person allein, außerhalb von Ruf- und Sichtverbindung zu anderen Personen Arbeiten ausführt.;Ruf- und Sichtverbindung;comunicazione diretta;rel
Bei Hitzearbeiten muss Unterbekleidung aus Baumwolle, besser noch aus Wolle oder Spezialfasern getragen werden. Sie erhöht die Schutzwirkung der Hitzeschutzkleidung und verbessert den Tragekomfort.;Hitzeschutzkleidung;indumenti di protezione contro il calore;rel
Rückhaltegurte dürfen benutzt werden, wenn Versicherte die Absturzkante nicht erreichen können oder bei Arbeiten auf Flächen mit nicht mehr als 45° Neigung gehalten oder beim Abrutschen gesichert werden, z. B. bei Arbeiten auf Böschungen, Dachflächen.;Rückhaltegurt;cintura di trattenuta;rel
Für die Ausübung des Rechts auf Bürgerzugang gelten weiterhin die Voraussetzungen, die Modalitäten und die Einschränkungen, wie sie mit gesetzesvertretendem Dekret vom 14. März 2013, Nr. 33, geregelt sind.;Bürgerzugang;accesso civico;rel
Das öffentliche Interesse ist bei Verarbeitungen relevant, die von Personen durchgeführt werden, welche Aufgaben im öffentlichen Interesse oder in Ausübung öffentlicher Gewalt in folgenden Bereichen wahrnehmen: a) Zugang zu Verwaltungsunterlagen und Bürgerzugang, .;Bürgerzugang;accesso civico;rel
Durch die Verordnung über die Sicherheits- und Gesundheitsschutzkennzeichnung werden sowohl die Form als auch die Farben der zu verwendenden Zeichengebung normiert. So müssen Zeichen der Brandbekämpfung immer rote quadratische rechteckige Schilder mit weißen Piktogrammen sein .;Zeichen der Brandbekämpfung;segnale antincendio;rel
Der Staatsanwalt leitet auf der Grundlage einer spezifischen und konkreten Schadensnachricht die Ermittlungstätigkeit ein, damit eine Entscheidung hinsichtlich der Ausübung einer Klage wegen Schadens zum Nachteil der öffentlichen Hand getroffen werden kann ….;Schadensnachricht;notizia di danno erariale;rel
Die Kontroll- und Prüforgane der öffentlichen Verwaltungen sowie die mit Inspektionsaufgaben betrauten Bediensteten müssen - jeweils gemäß den einschlägigen Gesetzen für ihren Bereich - umgehend direkt beim zuständigen Regionalstaatsanwalt Schadensanzeige erstatten und die Verantwortlichen der betreffenden Führungsstrukturen darüber informieren.;Schadensanzeige;denuncia di danno erariale;rel
Es müssen Sicherheitseinrichtungen gegen Flammenrückschlag, Gasrücktritt und Nachströmen zwischen den Entnahmestellen oder dem Abgang des Druckminderers einerseits und dem Verbraucher andererseits vorhanden sein. Diese Forderung gilt sowohl für Versorgung mit Brenngas als auch für Versorgung mit Sauerstoff.;Brenngas;gas combustibile;rel
Die Regelung  gilt sinngemäß für jede Umgestaltung von ständigen militärischen Einrichtungen auf einem Zivilflugplatz und für jede Änderung ihres Betriebes, durch die der Zivilluftverkehr auf dem Zivilflugplatz beeinträchtigt werden könnte.;Zivilluftverkehr;traffico aereo civile;rel
Der Arbeitgeber hat Vorkehrungen zu treffen, daß alle Beschäftigten, die einer unmittelbaren erheblichen Gefahr ausgesetzt sind oder sein können, möglichst frühzeitig über diese Gefahr und die getroffenen oder zu treffenden Schutzmaßnahmen unterrichtet sind.;Schutzmaßnahme;misura di protezione;rel
Die einheitliche Notrufzentrale (ENZ), welche am Sitz der Agentur für Bevölkerungsschutz untergebracht ist, wurde in unmittelbarer Nähe zur integrierten Leitstelle, der Landesnotrufzentrale (LNZ), realisiert, und genießt aus diesem Grund dieselben Sicherheitsstandards.;einheitliche Notrufzentrale;Centrale unica di emergenza;rel
Die ausstellende Behörde stellt durch geeignete technische und organisatorische Maßnahmen die erforderliche Qualität der Erfassung und Verarbeitung des Lichtbildes und der Fingerabdruckdaten, .;Fingerabdruckdaten;dati relativi alle impronte digitali;rel
Der elektronische Austausch von daktyloskopischen Daten zwischen den nationalen Kontaktstellen gemäß Artikel 4 PCSC Abkommen erfolgt unter Verwendung eines gesicherten virtuellen Privatnetzes („Virtual Private Network“ – VPN). Alle Daten werden verschlüsselt.;daktyloskopisch Datum;dati dattiloscopici;rel
Der Ausweis kann mit einem Datenchip versehen werden. Der Datenchip kann ein Gesichtsbild und die Fingerabdrücke der Inhaberin oder des Inhabers enthalten.;Gesichtsbild;immagine facciale;rel
Aufzüge und Lastenaufzüge jeglicher Art, die handbetriebenen ausgenommen, müssen mit einer Vorrichtung zum automatischen Anhalten des Motors oder der Bewegung an beiden Enden der Fahrtstrecke ausgestattet sein.;Aufzug;ascensore;rel
"Kennzeichnungen, die eine Energiequelle benötigen (z. B. Warnleuchte, Hupe), müssen bei Stromausfall grundsätzlich eine ""selbsttätig einsetzende Notversorgung"" haben.";Warnleuchte;segnalatore luminoso;rel
Der Arbeitgeber darf in Heimarbeit nur Tätigkeiten mit Biostoffen der Risikogruppe 1 ohne sensibilisierende oder toxische Wirkung ausüben lassen.;Biostoff der Risikogruppe 1;agente biologico del gruppo 1;rel
Biostoffe der Risikogruppe 3, die mit (**) gekennzeichnet sind, sind solche Biostoffe, bei denen das Infektionsrisiko für Beschäftigte begrenzt ist, weil eine Übertragung über den Luftweg normalerweise nicht erfolgen kann.;Biostoff der Risikogruppe 3;agente biologico del gruppo 3;rel
Das medizinische Notrufsystem ist durch die Notrufzentrale ”118” gewährleistet, in der alle medizinischen Notrufe zusammenlaufen.;medizinisch Notrufsystem;sistema di allarme sanitario;rel
Aufgrund der Risikobewertung ist es möglich, die Brandrisiko-Stufe des gesamten Arbeitsbereiches und aller Teile desselben zu klassifizieren: Diese Stufen können niedrig, mittel oder hoch sein.;Brandrisiko-Stufe;livello di rischio di incendio;rel
Mit dem Symbol ‚Gesundheitsgefahr‘ werden z. B. krebserzeugende und atemwegssensibilisierende Stoffe gekennzeichnet.;Gesundheitsgefahr;pericolo per la salute;rel
Es dürfen keine nicht elektrischen Arbeiten in der Nähe von Elektroleitungen oder elektrischen Anlagen mit nicht geschützten stromführenden Teilen, bzw. mit Teilen, die wegen besonderer Umstände als nicht genügend geschützt betrachtet werden, durchgeführt werden .;nicht elektrisch Arbeit;lavoro non elettrico;rel
Die Arbeitnehmer/innen müssen über die notwendigen Sicherheitsabstände eingehend informiert werden. Dies gilt insbesondere bei nichtelektrotechnischen Arbeiten bei denen ein gefahrbringendes Annähern an unter Spannung stehende Teile absehbar ist (Kran, Leitern, Betonlift, etc.).;nichtelektrotechnisch Arbeit;lavoro non elettrico;rel
Bei der Festlegung des einzuhaltenden Sicherheitsabstands zum unter Spannung stehenden Teil gibt es auch viele zu berücksichtigende Einzelfaktoren, die letztendlich zur sicheren Abstandsermittlung heranzuziehen sind und nur von einer Elektrofachkraft ermittelt werden können.;unter Spannung stehend Teil;parte sotto tensione;rel
Sind Schutzmittel in der Gefahrenzone anzubringen, ist hierfür entweder der spannungsfreie Zustand der Anlagenteile herzustellen oder es sind die Festlegung für das „Arbeiten unter Spannung“ anzuwenden.;Gefahrenzone;zona di lavoro sotto tensione;rel
Augenspülflaschen müssen an den Arbeitsplätzen vorhanden sein, bei denen kein Trinkwasser vorhanden ist. Die Augenspülflaschen verfügen nur über einen begrenzten Flüssigkeitsvorrat und können i. d. R. nur ein Auge ausspülen.;Augenspülflasche;flacone lavaocchi;rel
Zur Überwachung der Strahlungsexposition während der Arbeit wurden spezielle Monitorgeräte entwickelt, die am Körper getragen werden können. Sie sind erforderlich, wenn die Stärke eines elektromagnetischen Feldes ständig schwankt.;Strahlungsexposition;esposizione alle radiazioni;rel
Wenn in einem Überwachungsbereich offene radioaktive Stoffe vorhanden sein können, kann die zuständige Behörde festlegen, dass eine Prüfung auch beim Verlassen des Überwachungsbereichs durchzuführen ist.;Überwachungsbereich;zona sorvegliata;rel
Beim Aufstellen der Leiter senkt sich die Plattform über einen Hebemechanismus (Brückenheber) ab und liegt auf ihrem Auflagerohr am Stützschenkel auf.;Stützschenkel;tronco di sostegno;rel
Die öffentliche Verwaltung und die Schulen sind grundsätzlich im mittleren Risiko eingestuft.;mittlerer Risiko;rischio medio;rel
Es wird eine Erhöhung des Stellenplans des gesamtstaatlichen Arbeitsinspektorats (sog. Ispettorato nazionale del lavoro) mit entsprechender Personalaufnahme vorgesehen. Zudem werden die Geldstrafen und verwaltungsrechtlichen Geldbußen in den Bereichen Arbeit und Sozialvorschriften erhöht.;gesamtstaatlich Arbeitsinspektorat;Ispettorato nazionale del lavoro;rel
Für Hand-Arm-Vibrationen wird der tägliche Auslösewert, normiert auf einen Bezugszeitraum von 8 Stunden, auf 2,5 m/s² festgesetzt. Für Ganzkörper-Vibrationen wird der tägliche Auslösewert, normiert auf einen Bezugszeitraum von 8 Stunden, auf 0,5 m/s² festgesetzt.;täglich Auslösewert;valore di azione giornaliero;rel
Es reicht allein das Vorhandensein von Schimmelpilzen noch nicht aus, um die konkrete Gefährdung der Beschäftigten bei der Tätigkeit zu beurteilen. Relevant sind insbesondere Expositionsart, Konzentration und Dauer der Einwirkung.;Expositionsart;tipo di esposizione;rel
Das akademische Lehrpersonal auf Planstelle ist einer Fakultät zugeordnet.;Fakultät;facoltà;rel
Der Betriebsarzt verfasst auf Grund der Ergebnisse der ärztlichen Untersuchungen eines der folgenden Urteile für die spezifische Aufgabe: a) tauglich b) teilweise, zeitweilige oder bleibende Tauglichkeit, mit Verordnung oder Einschränkungen c) zeitweilige Untauglichkeit d) bleibende Untauglichkeit.;ärztlich Untersuchung;visita medica;rel
Arbeitsmedizinische Untersuchungen sind  für den Umgang mit Strahlenquellen vorgesehen.;arbeitsmedizinische Untersuchung;visita medica;rel
Die Eintrittsuntersuchung muss vor der Arbeitsaufnahme erfolgen. Der Arbeitnehmer darf nicht bei der gefährdenden Arbeit beschäftigt werden, bevor die Suva dazu Stellung bezogen hat.;Eintrittsuntersuchung;visita medica preassuntiva;rel
Die Folgeuntersuchungen sollen einerseits erkennbar machen, dass der Körper mit den Belastungen gut umgehen kann bzw. rechtzeitig aufdecken, falls es zu einer Verschlechterung des Gesundheitszustandes kommt.;Folgeuntersuchung;visita medica periodica;rel
Je nach dem ärztlichen Befund und den Bedingungen, unter denen die Arbeitnehmer zu arbeiten haben, ordnet die Suva in bestimmten Zeitabständen Kontrolluntersuchungen an.;Kontrolluntersuchung;visita medica periodica;rel
Bei Software-Ergonomie geht es um die Anpassung technischer Systeme an den Menschen . Die Software-Ergonomie befasst sich daher mit der Beschreibung und Bewertung der Kommunikationsschnittstellen zwischen Mensch und Maschine.;Software-Ergonomie;ergonomia del software;rel
Softwareergonomie und die Anforderungen an eine ergonomische Gestaltung sind im Arbeitsschutzrecht an vielen verschiedenen Stellen verankert. Vorgaben aus Gesetzen und Verordnungen  sind rechtlich bindend und zu berücksichtigen.;Softwareergonomie;ergonomia del software;rel
Die Organisationsergonomie betrachtet im Wesentlichen die organisatorischen Aspekte der Arbeitsabläufe (Arbeitsaufteilung, Arbeitszeiten, Gruppenarbeit usw.).;Organisationsergonomie;ergonomia organizzativa;rel
Das Musikkonservatorium Claudio Monteverdi Bozen, Institut für höhere Kunst- und Musikausbildung, wird mit der Freien Universität Bozen zusammengelegt und führt die Bezeichnung Fakultät für Musik „Konservatorium Claudio Monteverdi“ der Freien Universität Bozen.;höhere Kunst- und Musikausbildung;AFAM;rel
Wenn ein Beschäftigter einen geladenen Gegenstand berührt oder in Kontakt mit einem geerdeten Gegenstand kommt, während er selbst durch Exposition gegenüber einem statischen elektrischen Feld oder Reibungselektrizität geladen ist, fließt ein Kontaktstrom.;Kontaktstrom;corrente di contatto;rel
Hand-Arm-Schwingungen werden vom Werkzeug oder der Maschine über Griffe oder Berührungsflächen auf die Hände und Arme des Bedieners übertragen. Sie werden durch zahlreiche rotierende oder schlagende handgeführte Werkzeuge verursacht, z.B. Abbauhämmer, Kettensägen, Mähgeräte, Schlagschrauber, Nadelhämmer.;schlagend handgeführt Werkzeug;utensile manuale di tipo percussorio;rel
Der Arbeitnehmer wird in einem Zeitabstand von höchstens zwei Jahren einer periodischen Untersuchung unterzogen, um die Eignung für die risikobehaftete Tätigkeit zu bestätigen.;periodisch Untersuchung;accertamento periodico;rel
Bei Arbeiten im Bereich von Stromleitungen sind entsprechende Sicherheitsabstände einzuhalten.;Stromleitung;linea elettrica;rel
Kreuzen elektrische Leitungen Bahnen ohne Fahrleitung, so muss der Abstand zwischen den übergeführten Leitern und der Schienenoberkante mindestens 7 m plus 0,01 m pro kV der Nennspannung betragen.;elektrisch Leitung;linea elettrica;rel
Bei Mittelspannungsleitungen und bei sehr ausgedehnten Anlagen ist es notwendig, alle aktiven Leiter der allgemeinen Hauptleitung, die bereits oberhalb und unterhalb der Bauzone getrennt wurde, zu erden .;Mittelspannungsleitung;linea elettrica a media tensione;rel
Das optionale Arbeitsverfahren gilt ausschließlich für Nieder- und Mittelspannungsfreileitungen bis 30 kV.;Mittelspannungsfreileitung;linea elettrica aerea a media tensione;rel
Alle Gerüste mit Ausnahme jener, die für Arbeiten an Elektro-Oberleitungen verwendet werden, dürfen nicht verschoben werden, während sich Arbeitnehmer oder Lasten darauf befinden.;Elektro-Oberleitung;linea elettrica di contatto;rel
Oberleitungen von Straßenbahnen, Bahnen und O-Bussen, führen  gefährlich hohe Spannungen.;Oberleitung;linea elettrica di contatto;rel
Die Anzahl, die Abmessung, der Standort und der Baustoff der Türen von Arbeitsräumen müssen ein schnelles Verlassen ermöglichen und während der Arbeit leicht von innen geöffnet werden können.;Tür;porta;rel
Mit den engeren Toleranzen liegt das obere Spannungslimit eines +48-V-Ausgangs bei 60 V, was eine Qualifizierung als SELV-System (safety extra low voltage) ermöglicht.;SELV-System;sistema SELV;rel
Bei einem PELV-System überschreitet die Spannung die Grenzwerte für Kleinspannung (ELV) nicht: - unter üblichen Bedingungen, - unter Einzelfehlerbedingungen, ausgenommen bei Erdschlüssen in anderen elektrischen Stromkreisen.;PELV-System;sistema PELV;rel
Da FELV-Systeme keine sichere Trennung als Schutzmaßnahme gegen direktes und indirektes Berühren gefährlicher Spannungen beinhalten, müssen FELV-Systeme mit dem Schutzleiter der Primärseite verbunden sein.;FELV-System;sistema FELV;rel
Kleinspannungsstromkreise sind getrennt von Stromkreisen mit höherer Spannung zu führen. Sind diese im gleichen Gehäuse verlegt (z.B. in Verteilungen), so sind diese sicher voneinander zu trennen (z.B. mit Trennstegen).;Kleinspannungsstromkreis;circuito a bassissima tensione;rel
Schutz durch Kleinspannung beinhaltet:  aktive Teile von SELV- und PELV-Stromkreisen müssen voneinander, von FELV-Stromkreisen und von Stromkreisen höherer Spannung sicher getrennt sein, .;PELV-Stromkreis;circuito PELV;rel
Schutz durch Kleinspannung beinhaltet:  aktive Teile von SELV- und PELV-Stromkreisen müssen voneinander, von FELV-Stromkreisen und von Stromkreisen höherer Spannung sicher getrennt sein, .;FELV-Stromkreis;circuito FELV;rel
Geräte der Schutzklasse I sind elektrische Betriebsmittel mit Schutzleiter.;Gerät der Schutzklasse I;apparecchio di classe I;rel
Geräte der Schutzklasse III sind elektrische Betriebsmittel, bei denen der Schutz gegen elektrischen Schlag auf Sicherheitskleinspannung beruht.;Gerät der Schutzklasse III;apparecchio di classe III;rel
Der Einheitstext zum Arbeitsschutz  sieht die Bewertung aller am Arbeitsplatz befindlichen Risiken für die Sicherheit und Gesundheit der Arbeitnehmerinnen und Arbeitnehmer vor. Dazu ist auch die Bewertung der psychosozialen Risiken, insbesondere arbeitsbezogener Stress erforderlich.;psychosozial Risiko;rischio psicosociale;rel
Die Maschinenrichtlinie stellt insbesondere hohe Anforderungen an die klare Erkennbarkeit und Verfügbarkeit des Not-Halt-Tasters an einer Maschine. Die überarbeitete ISO 13850 gibt neue Gestaltungsmöglichkeiten. Diese Norm definiert nun erstmals, dass auch für Not-Halt-Taster ein dritter Zustand „inaktiv“ definiert ist.;Not-Halt-Taster;pulsante di arresto di emergenza;rel
Alle Körper von Geräten der Schutzklasse I müssen in einen Schutzpotentialausgleich eingebunden sein.;Körper;massa;rel
Bei Einatmungsgefahr Atemschutzgerät mit Gasfilter Hg Typ A, Kennfarbe braun benutzen.;Einatmungsgefahr;pericolo di inalazione;rel
In der Nähe des Gerätes und außerhalb der Fahrzeugbox muss eine geeignete Sicherheitsbeschilderung angebracht werden, und zwar über das Rauchverbot und das Verbot offenen Lichts bzw. Feuers, sowie über die Pflicht, den Motor abzustellen, und über das Absperrventil.;Sicherheitsbeschilderung;segnaletica verticale;rel
Sicherer Abstand bedeutet mindestens 120 mm bei Einzugsrisiko für Hände bzw. Arme oder mindestens 500 mm wenn ein Einzugsrisiko für den Körper besteht (z. B. bei Trocknerwalzen).;Einzugsrisiko;rischio di trascinamento;rel
Das Entstehen von Kälteschäden hängt einerseits von der Umgebungs- oder Wassertemperatur, der Umgebungsfeuchtigkeit, der Windgeschwindigkeit und der Expositionsdauer ab sowie andererseits von individuellen Faktoren wie der (Schutz)-Kleidung, der körperlichen Belastung, dem Alter und vom Gesundheitszustand der Arbeitnehmenden.;Kälteschaden;danno da freddo;rel
Oft lassen sich Hitzeerkrankungen anhand ihrer Symptome erkennen und unterscheiden. Das ist wichtig, um geeignete Hilfsmaßnahmen zu ergreifen und den Betroffenen vor Hitzeschäden zu schützen.;Hitzeerkrankung;patologia da calore;rel
Es besteht die Möglichkeit von Sonnenstich, Hitzekrampf und Hitzekollaps.;Hitzekrampf;crampo da calore;rel
Beim Hitzekollaps handelt es sich um eine plötzlich auftretende Bewusstlosigkeit. Sie ist in der Regel von kurzer Dauer und kann sowohl bei körperlich aktiven wie auch bei ruhenden Personen auftreten.;Hitzekollaps;collasso cardiocircolatorio da calore;rel
Zugangsöffnungen innerhalb der Belagsfläche (Durchstiegsluke) müssen mit Schutzvorrichtungen gegen Absturz versehen sein .;Schutzvorrichtung gegen Absturz;dispositivo di protezione collettiva contro le cadute dall'alto;rel
Die neue Datenschutz-Grundverordnung ändert und erweitert wesentlich die Inhalte des Informationsblattes, welches von den Artikeln 13 und 14 der DSGVO geregelt wird.;Informationsblatt;informativa;rel
Eine Anwendungsbewilligung nach Artikel 4 Buchstabe b ist nicht erforderlich für das Ausbringen von Organismen mit einem unbemannten Luftfahrzeug.;Buchstabe;lettera;rel
Es wird bestätigt, dass diese analoge Ausfertigung, bestehend  aus 2 Seiten, mit dem digitalen Original identisch ist, .;analoge Ausfertigung;copia analogica;rel
Die digitale Unterlage ist mit einer sog. Konformitätserklärung zu versehen, in der bestätigt wird, dass die digitale Kopie dem originalen Papierdokument entspricht.;digitale Kopie;copia informatica;rel
Von den Planskizzen von Gebäuden die in materielle Anteile unterteilt sind, und die in Papierform Grundbuchsgesuchen beigefügt sind, wird eine informatische Abschrift durch Scannen der Planskizze erstellt.;informatische Abschrift;copia informatica;rel
Elektronische Kopien von Mitteilungen können mit einem geregelten elektronischen Siegel  der Behörde versehen werden.;elektronisch Kopie;copia informatica;rel
Wenn  das Dokument als digitales Duplikat vorgelegt wird und die digitalen Unterschriften aller ursprünglichen Unterzeichner trägt, dann ist keine Konformitätserklärung erforderlich.;digitales Duplikat;duplicato informatico;rel
Die Bescheinigung über die erworbenen Kompetenzen bei der Jahresbewertung über die fünfte Klasse der Grundschule und über die dritte Klasse der Mittelschule ersetzt die Bewertung der allgemeinen Lernentwicklung der Schülerinnen und Schüler.;Jahresbewertung;valutazione finale;rel
Oft ist es gar nicht mehr nötig, an einem bestimmten Ort zu arbeiten und Arbeitgeber betreiben immer öfter das Konzept „Smart Working“.;Smart Working;lavoro agile;rel
Häusliche Absonderung beinhaltet: - Wohnung/Haushalt nicht verlassen - Empfang von Besuch ist auf das Notwendigste zu beschränken - keine Beschränkungen für Mitbewohner.;Häusliche Absonderung;isolamento domiciliare;rel
Man wurde von seinem zuständigen Gesundheitsamt als SARS-CoV-2 Kontaktperson mit hohem Infektionsrisiko eingestuft. Gegebenenfalls kann das Gesundheitsamt eine Absonderung zu Hause erwägen.;Absonderung zu Hause;isolamento domiciliare;rel
Die SPID-Identität besteht aus Anmeldeinformationen (Benutzername und Passwort), die für den Benutzer ausgestellt werden und den Zugriff auf alle Online-Dienste ermöglichen.;SPID-Identität;identità SPID;rel
Da der Virus in der Regel durch das Einatmen von Tröpfchen oder über den direkten Kontakt mit Schleimhäuten in den Körper eindringt, sollte auf räumliche Distanz zu anderen Menschen geachtet werden.;räumliche Distanz;distanza sociale;rel
Pertussis (Keuchhusten) tritt das ganze Jahr über auf, besonders häufig aber im späten Winter und Frühjahr. Die Krankheit zeichnet sich durch eine hohe Letalität (1:1.000) aus, die bei Kindern unter sechs Monaten höher und vorwiegend durch Pneumonien bedingt ist.;Letalität;letalità;rel
Bei einem Covid-19-Verdachtsfall im Krankenhaus und starken Symptomen wird der Patient einer ärztlichen Visite unterzogen mit Blut- und Urintest, Thorax-Röntgen und Nasen-Rachen-Abstrich.;Nasen-Rachen-Abstrich;tampone nasofaringeo;rel
Das bevorzugte Untersuchungsmaterial für den Nachweis einer möglichen Infektion mit dem SARS-CoV-2 ist ein Oropharynx- und/oder Nasopharynx-Abstrich, wie bei der Influenza-Diagnostik.;Nasopharynx-Abstrich;tampone nasofaringeo;rel
Der/die Medizinische RöntgentechnikerIn ist eine Fachkraft des Gesundheitsdienstes, die im Besitz eines berufsbefähigenden Laureatsdiploms und im Berufsalbum eingetragen ist .;Fachkraft des Gesundheitsdienstes;operatore sanitario;rel
Unter starker Kundenauthentifizierung versteht man höhere Sicherheitsvorkehrungen bei der Freigabe von Online-Zahlungen, wie beispielsweise mittels Kreditkarte oder Online Banking.;stark Kundenauthentifizierung;autenticazione forte del cliente;rel
Auf vielen digitalen Lernplattformen bzw. -portalen ist es  möglich, sogenannte „digitale Klassenzimmer“ einzurichten. Gedacht sind sie vor allem für den Distanzunterricht, können aber auch unabhängig davon eingesetzt werden.;Distanzunterricht;didattica a distanza;rel
Schutzkleidung ist in vielen Arbeitsbereichen vorgeschrieben. Die Einsatzmöglichkeiten sind vielfältig. So gehören Einmalkittel in Laboren der chemischen Industrie, in Krankenhäusern oder auch bei der Asbestsanierung zur Standardausrüstung.;Einmalkittel;camice monouso;rel
Allen Personen, die sich in Tirol aufgehalten haben, wird dringend geraten, sich 14 Tage in häusliche Selbstisolation zu begeben.;häusliche Selbstisolation;autoisolamento domiciliare;rel
Wenn man asymptomatisch ist, wenn keine Vorerkrankungen vorliegen, wenn keine Komplikationen in der Schwangerschaft aufgetreten sind und die 36. Schwangerschaftswoche noch nicht vollendet ist, kann man zu Hause in Selbstisolation bleiben.;Selbstisolation;autoisolamento domiciliare;rel
Österreichische Staatsbürger und Fremde  sind nach Einreise auf dem Luftweg nach Österreich verpflichtet, unverzüglich eine 14-tägige selbstüberwachte Heimquarantäne anzutreten .;selbstüberwachte Heimquarantäne;autoquarantena;rel
Jeder Bundesbürger könnte eine eigene Atemschutzmaske mit austauschbarem Filter, beides chemisch und thermisch (Auskochen) desinfizierbar, besitzen.;Atemschutzmaske mit austauschbarem Filter;maschera con filtro intercambiabile;rel
Bei der Risikobewertung  prüft der Arbeitgeber die Arbeitsplätze insbesondere auf  die Risiken für Sehvermögen und Augen  Probleme mit der Körperhaltung und körperliche oder psychische Belastungen.;psychisch Belastung;stress mentale;rel
Die Ergebnisse der Umfragen von Meinungsforschungsinstituten (demoskopische Umfragen) sind nach der ZPO - wenn auch dort nicht besonders erwähnte - zulässige Beweismittel.;demoskopisch Umfrage;sondaggio demoscopico;rel
Anhand des Promemoria kann der Apotheker oder die Apothekerin sowie der Arzt oder die Ärztin die Nummer des elektronischen Rezepts und die Steuernummer des Patienten oder der Patientin feststellen.;Promemoria;promemoria;rel
Die Arbeitsunfähigkeitsrente erhält, wer auf Grund von körperlicher oder psychischer Krankheit nicht arbeitsfähig ist und mindestens 5 Versicherungsjahre nachweisen kann . Da die Rente nur bei totaler Arbeitsunfähigkeit zusteht, kann keine lohnabhängige oder selbständige Arbeit ausgeführt werden.;Arbeitsunfähigkeitsrente;pensione di inabilità;rel
Für den Fall der Umwandlung einer Berufsunfähigkeits-/teilweisen Erwerbsminderungsrente in eine volle Erwerbsminderungsrente oder in die Altersrente muss die Wartezeit bis zum Beginn der Berufsunfähigkeits-/teilweisen Erwerbsminderungsrente erfüllt sein.;volle Erwerbsminderungsrente;pensione di inabilità;rel
Die von S.________ gegen die Personalfürsorgestiftung eingereichte Klage vom 26. Oktober 2011 mit dem Antrag auf Ausrichtung einer Vollinvalidenrente ab 1. Januar 2003 wies das Versicherungsgericht des Kantons St. Gallen mit Entscheid vom 19. September 2012 ab.;Vollinvalidenrente;pensione di inabilità;rel
Am 07. April 2020 hat die Südtiroler Landesregierung ein Abkommen mit Banken und Garantiegenossenschaften genehmigt. Auf der Grundlage dieses Abkommens erhalten Unternehmen, Landwirtschaftliche Betriebe und Freiberufler Zugang zu einem begünstigten Sofortkredit.;begünstigt Sofortkredit;credito agevolato immediato;rel
Zur Umsetzung der  vorgesehenen Maßnahmen wendet das Land folgende Mittel oder Kombinationen dieser Mittel an: a) Kapitalbeiträge, b) Zinsbeiträge, c) zinsbegünstigte Finanzierungen, .;Kapitalbeitrag;contributo in conto capitale;rel
Das Land ist, unter Beachtung der Regelung der Europäischen Union für staatliche Beihilfen, befugt, die STA Südtiroler Transportstrukturen AG mit einem jährlichen Betriebsbeitrag und eventuellen Kreditgewährungen finanziell zu unterstützen.;Betriebsbeitrag;contributo in conto esercizio;rel
Der Arbeitgeber gewährleistet, dass Einfachleitern so verwendet werden, dass die Arbeitnehmer jederzeit sicher stehen und sich sicher festhalten können.;Einfachleiter;scala semplice;rel
Die Bewertung der Lernerfolge und des Verhaltens der Schüler und Schülerinnen und die Bescheinigung der erworbenen Kompetenzen erfolgen, aufgrund allgemeiner, von der Landesregierung festgelegter Kriterien, durch den Klassenrat in gemeinsamer Verantwortung.;Bewertung der Lernerfolge;valutazione degli apprendimenti;rel
Für die Schülerinnen und Schüler, die sich nicht am …Monitoring- und Testprogramm beteiligen, werden die didaktischen und schulischen Aktivitäten über den integrierten Fernunterricht fortgeführt.;integriert Fernunterricht;didattica digitale integrata;rel
Schülerinnen und Schüler von Abschlussklassen des Berufskollegs können bei besonderem pädagogischem Bedarf ausnahmsweise unter strikter Berücksichtigung der Hygienevorschriften der Corona-BetrVO im erforderlichen Umfang im Präsenzunterricht beschult werden.;Präsenzunterricht;didattica in presenza;rel
Der Mehrfachimpfstoff dient der gleichzeitigen Immunisierung gegen verschiedene Erreger bzw. deren Toxine.;Mehrfachimpfstoff;vaccino multivalente;rel
Satz 1 gilt auch, wenn zur Erlangung von Impfschutz gegen Masern ausschließlich Kombinationsimpfstoffe zur Verfügung stehen, die auch Impfstoffkomponenten gegen andere Krankheiten enthalten.;Kombinationsimpfstoff;vaccino multivalente;rel
Es fiel die Wahl auf den Einsatz von Tests, die auf Speichelproben basieren, weil diese Speicheltests auch zu Hause durchgeführt werden können und die Anwesenheit von medizinischem Fachpersonal nicht notwendig ist.;Speicheltest;test salivare;rel
Die Teilnahme am Projekt ist freiwillig und unterliegt der ausdrücklichen Zustimmung der Eltern/Erziehungsberechtigten der beteiligten Schüler zum Vorab-Screenings und, bei positiven Fällen, einer Bestätigung durch einen molekularen Test oder eines vorhergehenden Antigenspeicheltest.;Antigenspeicheltest;test antigenico rapido su saliva;rel
Der Unternehmer hat seine Pflicht zur Bereitstellung der digitalen Leistung erfüllt, sobald die digitale Dienstleistung dem Verbraucher oder einer vom Verbraucher zu diesem Zweck bestimmten körperlichen oder virtuellen Einrichtung zugänglich gemacht worden ist.;digitale Dienstleistung;servizio digitale;rel
Zur Gewährleistung der NIS Netz- und Informationssystemsicherheit haben Anbieter digitaler Dienste in Hinblick auf die Netz- und Informationssysteme, die sie für die Bereitstellung des digitalen Dienstes nutzen, geeignete und verhältnismäßige technische und organisatorische Sicherheitsvorkehrungen zu treffen.;Anbieter digitaler Dienste;fornitore di servizio digitale;rel
Bei der Gewährung der Wohnbauförderung des Landes werden hauptsächlich berücksichtigt:  das Bewohnen einer für unbewohnbar erklärten oder überfüllten Wohnung .;überfüllt Wohnung;abitazione sovraffollata;rel
Der Handwerksunternehmer ist persönlich im Produktions-, Organisations-, Verwaltungs- oder Verkaufsbereich eines Handwerksunternehmens tätig.;Handwerksunternehmer;imprenditore artigiano;rel
