IT TERM;TARGET HYPOTHESIS (DE SOUTH TYROL);IT EXAMPLE;Context DE
lavoro;Arbeit;L'Italia è una Repubblica democratica, fondata sul lavoro.;Der Arbeiter ist verpflichtet, sich auf Anordnung des Arbeitgebers außerhalb der regelmäßigen Arbeitszeit an einer dem Arbeitgeber anzuzeigenden Stelle aufzuhalten, urn auf Abruf die Arbeit aufnehmen zu können (Rufbereitschaft).
motivo di ricorso;Revisionsgrund;Il primo motivo di ricorso si palesa fondato e va accolto.;
probiviro;Schiedskommission;I probiviri decidono quali arbitri amichevoli compositori.;
attività bancaria;gewerbsmäßig betreiben von Bankgeschäft;L'esercizio dell'attività bancaria è riservato alle banche.;
paternità;Vaterschaft;La sola dichiarazione della madre non esclude la paternità.;Vater eines Kindes ist der Mann [...] der die Vaterschaft anerknannt hat oder 3. dessen Vaterschaft nach § 1600d oder § 640h Abs2 der Zivilprozessordnung gerichtlich festgestellt ist.
genuinità;Authentizität;La genuinità può essere intesa in senso naturale o formale.;Die Bestimmung der Gehalte an stabilen Isotopen der Elemente Kohlenstoff, Wasserstoff, Sauerstoff, Stickstoff und Schwefel wird seit einigen Jahren verstärkt eingesetzt, um die Authentizität von Lebensmittel und Lebensmittelzusatzstoffen zu prüfen bzw. deren Herkunft nachzuweisen.
giustizia sociale;sozial Gerechtigkeit;Misure urgenti per la competitività e la giustizia sociale.;Das Recht des Sozialgesetzbuchs soll zur Verwirklichung sozialer Gerechtigkeit und sozialer Sicherheit Sozialleistungen einschließlich sozialer und erzieherischer Hilfen gestalten. Es soll dazu beitragen, ein menschenwürdiges Dasein zu sichern, gleiche Voraussetzungen für die freie Entfaltung der Persönlichkeit, insbesondere auch für junge Menschen, zu schaffen, die Familie zu schützen und zu fördern, den Erwerb des Lebensunterhalts durch eine frei gewählte Tätigkeit zu ermöglichen und besondere Belastungen des Lebens, auch durch Hilfe zur Selbsthilfe, abzuwenden oder auszugleichen.
mandatario;Mandatar;Il mandatario non può eccedere i limiti fissati nel mandato.;Der Beauftragte ist verpflichtet, dem Auftraggeber alles, was er zur Ausführung des Auftrags erhält und was er aus der Geschäftsbesorgung erlangt, herauszugeben.
momento;Zeitpunkt;La capacità giuridica si acquista dal momento della nascita.;Die Aufrechnung bewirkt, dass die Forderungen, soweit sie sich decken, als in dem Zeitpunkt erloschen gelten, in welchem sie zur Aufrechnung geeignet einander gegenübergetreten sind.
comunione;Gemeinschaft;Le quote dei partecipanti alla comunione si presumono eguali.;Jeder Teilhaber kann jederzeit die Aufhebung der Gemeinschaft verlangen.
impignorabilità;Unpfändbarkeit;Impignorabilità e insequestrabilità di indumenti e strumenti.;[B]ei Unpfändbarkeit eines zur Finanzierung der für den Botschaftsbetrieb erforderlichen Kosten bestimmten Kontos eines ausländischen Staates wäre der Pfändungs- und Überweisungsbeschluß bei Nachweis der Zweckbestimmtheit des Kontos ohne weitere Nachprüfung aufzuheben [...].
gestione dell'affare;Führung der Geschäft;La gestione dell'impresa o dell'affare spetta all'associante.;
adempimento dell'onere;Vollziehung der Auflage;Per l'adempimento dell'onere può agire qualsiasi interessato.;Die Vollziehung einer Auflage können der Erbe, der Miterbe und derjenige verlangen welchem der Wegfall des mit der Aufalge zunächst Beschwerten unmittelbar zustatten kommen würde.
padre;Vater;Il marito è padre del figlio concepito durante il matrimonio.;Vater eines Kindes ist der Mann, 1. der im Zeitpunkt der Geburt mit der Mutter des Kindes verheiratet ist [...].
efficace;rechtswirksam;La decisione, presa a maggioranza, è immediatamente efficace.;Ein Verwaltungsakt wird gegenüber demjenigen, für den er bestimmt ist oder der von ihm betroffen wird, in dem Zeitpunkt wirksam, in dem er ihm bekannt gegeben wird. Der Verwaltungsakt wird mit dem Inhalt wirksam, mit dem er bekannt gegeben wird. | Der Gewerbetreibende darf […] Vermögenswerte des Auftraggebers zur Ausführung des Auftrages erst entgegennehmen oder sich zu deren Verwendung ermächtigen lassen, wenn 1) der Vertrag zwischen dem Gewerbetreibenden und dem Auftraggeber rechtswirksam ist […].
gestione dell'impresa;Führung der Unternehmen;La gestione dell'impresa o dell'affare spetta all'associante.;
persona;Person;Ogni persona ha diritto al nome che le è per legge attribuito.;Der Grundsatz, dass alle Personen rechtsfähig sind, bedeutet nicht, dass jedermann jede Art von Rechten haben kann.
retribuzione a tempo;Zeitlohn;La più tradizionale delle retribuzioni è quella a tempo [...].;Bei der Bemessung der Leistungszulage können berücksichtigt werden [...] Im Zeitlohn die Arbeitsmenge, die Arbeitsgüte, der Umgang mit Betriebsmitteln und Arbeitsmaterialien, die Leistungsbereitschaft und keine oder nur geringe Fehlzeiten [...].
apparecchio di classe II;schutzisoliert Gerät;Gli apparecchi di classe II non devono essere collegati a terra.;Geräte der Schutzklasse II haben keine Schutzleiteranschlussstelle und [...] entweder zusätzlich zur Basisisolierung eine weitere Isolierung, so dass eine doppelte Isolierung vorhanden ist [...] oder eine verstärkte Basisisolierung. Sie werden als schutzisolierte Geräte bezeichnet.
dimora;Aufenthaltsort;La residenza è nel luogo in cui la persona ha la dimora abituale.;Hat sich der Bürge im Auftrag des Hauptschuldners verbürgt [...] so kann er von diesem Befreiung von der Bürgschaft verlangen: [...] wenn die Rechtsverfolgung gegen den Hauptschuldner infolge einer nach der Übernahme der Bürgschaft eingetretenen Änderung des Wohnsitzes, der gewerblichen Niederlassung oder des Aufenthaltsorts des Hauptschuldners wesentlich erschwert ist [...].
infermità di mente;Bewusstseinstörung;Non può contrarre matrimonio l'interdetto per infermità di mente.;Ohne Schuld handelt, wer bei Begehung der Tat wegen einer tiefgreifenden seelischen Störung, wegen einer tiefgreifenden Bewusstseinsstörung oder wegen Schwachsinns oder einer schweren anderen seelischen Abartigkeit unfähig ist, das Unrecht der Tat einzusehen odre nach dieser Einsicht zu handeln.
gruppo di società;Konzern;Al vertice del gruppo di società si pone una società madre [...].;
comune accordo;gegenseitig Einvernehmen;La potestà è esercitata di comune accordo da entrambi i genitori.;Die Eltern haben die elterliche Sorge in eigener Verantwortung und in gegenseitigem Einvernehmen zum Wohl des Kindes auszuüben. Bei Meinungsverschiedenheiten müssen sie versuchen, sich zu einigen.
riportatore;Hereinnehmer;Il diritto di voto, salvo patto contrario, spetta al riportatore.;
cosa alienata;veräußern Sache;Comunemente per oggetto della vendita si intende la cosa alienata.;Ist eine veräußerte Sache mit dem Rechte eines Dritten belastet, so erlischt das Recht mit dem Erwerbe des Eigentums.
falsa demonstratio;Fehlbezeichnung;L'errore ostativo va distinto dalla c.d. falsa demonstratio [...].;Das gleiche sagt der berühmte Satz: falsa demonstratio non nocet oder: eine falsche Bezeichnung schadet nicht.
trasferimento di portafoglio;Übertragung der Bestand;Per i trasferimenti di portafoglio si osservano le leggi speciali.;Verlieren durch die Bestandsübertragung Mitglieder eines Versicherungsvereins auf Gegenseitigkeit ganz oder zum Teil ihre Rechte als Vereinsmitglied, darf die Genehmigung nur erteilt werden, wenn der Bestandsübertragungsvertrag ein angemessenes Entgelt vorsieht, es sei denn, das übernehmende Versicherungsunternehmen ist ebenfalls ein Versicherungsverein auf Gegenseitigkeit und die von der Bestandsübertragung betroffenen Mitglieder des übertragenden Vereins werden Mitglieder des übernehmenden Vereins.
patto contrario;gegenteilig Abmachung;Salvo patto contrario, la cessione non comprende i frutti scaduti.;Lieferzeiten verstehen sich freibleibend – Zwischenverkauf vorbehalten – und rechnen vom Eingang der Bestellung und aller erforderlichen Unterlagen für die Ausführung. Die Einhaltung der von uns genannten Lieferzeiten, die ohne gegenteilige Abmachung nur annähernd sind, gilt vorbehaltlich unvorhergesehener Vorgänge bei der Fabrikation und sonstigen Hindernissen z.B. höherer Gewalt, Transportverzögerung etc. Schadensersatzansprüche wegen Nichterfüllung oder verspäteter Erfüllung sind ausgeschlossen.
procura apparente;Rechtsscheinvollmacht;Procura apparente altro non è [...] se non procura tacita simulata.;Kannte der Vertretene das Handeln seines angeblichen Vertreters nicht, aber hätte er es bei pflichtgemäßer Sorgfalt erkennen und verhindern können und müssen und durfte der Geschäftsgegner nach Treu und Glauben annehmen, der Vertretene kenne, dulde und billige das Handeln seines Vertreters, so besteht nach umstrittener Ansicht eine Anscheinsvollmacht.
ignoranza della legge penale;Unkenntnis der Strafgesetz;Nessuno può invocare a propria scusa l'ignoranza della legge penale.;Die Angeklagten hätten ferner gehandelt aus einer Mischung von Unwissenheit, Unverstand, vor allem aber aus in Egoismus wurzelnder Rücksichtslosigkeit und Gleichgültigkeit, aus erlernten Problembewältigungsstrategien der Verleugnung und Verdrängung sowie aus Nachlässigkeit und Acht- sowie Sorglosigkeit. | Die Untauglichkeit kann sich auch aus der Unkenntnis des Täters vom Vorliegen eines tatbestandsausschließenden Einverständnis ergeben (kein Diebstahl möglich, wenn Eigentümer mit der Wegnahme einverstanden ist, zB. bei den Lockfällen). .
atto costitutivo;Gründungsvertrag;Il contratto sociale della collettiva è denominato atto costitutivo.;
interdizione dai pubblici uffici;Verlust der Amtsfähigkeit -- der Wählbarkeit und der Stimmrecht;L'interdizione dai pubblici uffici può essere perpetua o temporanea.;
girante;Girant;La girata deve essere scritta sul titolo e sottoscritta dal girante.;
interesse assicurato;versichert Interesse;Il valore dell'interesse assicurato rappresenta il valore assicurato.;Besteht das versicherte Interesse bei dem Beginn der Versicherung nicht (...), so ist der Versicherungsnehmer von der Verpflichtung zu Zahlung der Prämie frei [...].
adozione ordinaria;schwach Adoption;L'adozione dei maggiorenni ha sostituito l'antica adozione ordinaria.;Hinsichltich der Wirkungen der Adoption unterscheidet man zwischen einer starken und einer schwachen Adoption.
separazione dei frutti;Trennung;Finché non avviene la separazione, i frutti formano parte della cosa.;Früchte einer Sache, auch andere wesentliche Bestandteile, können vor der Trennung nicht Gegenstand besonderer Rechte sein [...].
causa;Rechtsstreit;Nell'udienza il giudice incaricato fa la relazione orale della causa.;"Das zuständige Gericht wird durch das im Rechtszug zunächst höhere Gericht bestimmt: 2. wenn es mit Rücksicht auf die Grenzen verschiedener Gerichtsbezirke ungewiss ist, welches Gericht für den Rechtsstreit zuständig sei;"
tesoro;Schatz;Il tesoro appartiene al proprietario del fondo in cui si trova [...].;Das Recht des Nießbrauchers erstreckt sich nicht auf den Anteil des Eigentümers an einem Schatze, der in der Sache gefunden wird.
atto negoziale;rechtsgeschäftlich Handlung;L'atto giuridico si distingue in atto negoziale e atto non negoziale.;Das dingliche Rechtsgeschäft wird ersta dann wirksam, wenn zu Einigung der Publizitätsakt [...] hinzukommt. Übergabe und Eintragung sind Teil des dinglichen Rechtsgeschäfts, sind aber selbst keine rechtsgeschäftlichen Handlungen.
lesione;Verletzung;La lesione deve perdurare fino al tempo in cui la domanda è proposta.;
contestazione dei fatti;Bestreiten von Tatsache;La contestazione dei fatti deve [...] essere precisa e circostanziata.;
diritto di voto;Aktienstimmrecht;Il socio in mora nei versamenti non può esercitare il diritto di voto.;Das Stimmrecht bestimmt sich nach dem Nennbetrag der Aktien. | Das Aktienstimmrecht entsteht mit der vollständigen Leistung der Einlage.
legge straniera;ausländisch Recht;L'accertamento della legge straniera è compiuto d'ufficio dal giudice.;
estinzione dell'ipoteca;erlöschen der Hypothek;L'estinzione dell'ipoteca colpisce [...] lo stesso diritto di ipoteca.;Zum Erlöschen der Hypothek und der Grundschuld führt auch die Befriedigung des Gläubigers aus dem Grundstück.
affine in linea retta;Verschwägerter in gerad Linie;Non possono contrarre matrimonio [...] gli affini in linea retta [...].;Eine Ehe darf nicht geschlossen werden zwischenVerwandten in gerader Linie, zwischen vollbürtigen und halbbürtigenGeschwistern sowie zwischen Verschwägerten in gerader Linie.Das gilt auch, wenn das Verwandtschaftsverhältnis durch Annahmeals Kind erloschen ist.
accettazione parziale;Teilannahme;Parimenti è nulla la dichiarazione di accettazione parziale di eredità.;Folge der Unwirksamkeit einer Teilannahme oder Teilausschlagung ist, dass die ganze Erbschaft mit dem Ablauf der Ausschlagungsfrist als angenommen gilt.
atto di amministrazione;Geschäftsführungsakt;I soci accomandanti non possono compiere atti di amministrazione [...].;
emissione;Erstplazierung;L'emissione e la vendita delle azioni prima dell'iscrizione sono nulle.;Vor der Eintragung der Gesellschaft können [...] Aktien [...] nicht ausgegeben werden. [...] Für den Schaden aus der Ausgabe sind die Ausgeber den Inhabern als Gesamtschuldner verantwortlich. | Sollen Aktien dem Publikum zum Erwerb angeboten werden, so beteiligt sich eine Bank als Gründer an der AG, übernimmt die für das Publikum bestimmten Aktien und bringt diese nach Entstehung der AG durch Verkauf derselben auf dem Anlegermarkt unter - Emission der Aktien, daher Emissionsbank, Emissionskonsortium. | Erstausgabe, auch Begebung oder Erstplazierung genannt, von Effekten und effektenähnlichen Finanzinstrumenten, bzw. die Finanzinstrumente selber, sofern sie zu einer Begebung gehören.
novazione;Schuldumwandlung;La novazione è senza effetto, se non esisteva l'obbligazione originaria.;
donazione;Schenkung;La donazione deve essere fatta per atto pubblico, sotto pena di nullità.;
zona sorvegliata;Überwachungsbereich;Le zone classificate possono essere zone controllate o zone sorvegliate.;Wenn in einem Überwachungsbereich offene radioaktive Stoffe vorhanden sein können, kann die zuständige Behörde festlegen, dass eine Prüfung auch beim Verlassen des Überwachungsbereichs durchzuführen ist.
diritto di opzione;Optionsrecht;Se le azioni attribuiscono un diritto di opzione, questo spetta al socio.;Im Kapitalerhöhungsbeschluß kann jedoch das B[ezugsrecht] ganz oder zum Teil ausgeschlossen werden [...]. | Die [...] Optionsanleihen bestehen i.d.R. aus einer Schuldverschreibung und einem Optionsrecht, das das Recht, aber keine Verpflichtung auf Kauf von Aktien zu einem vereinbarten Preis [...] enthält.
giudice naturale precostituito per legge;ordentlich -- durch Gesetz vorbestimmt Richter;Nessuno può essere distolto dal giudice naturale precostituito per legge.;Gesetzlicher Richter ist sowohl das Gericht als organisatorische Einheit, das erkennende Gericht als Spruchkörper wie der zur Entscheidung im Einzelfall berufene Richter.
zona classificata;Strahlenschutzbereich;Le  zone  classificate possono essere zone controllate o zone sorvegliate.;Der Strahlenschutzverantwortliche hat dafür zu sorgen, dass an Personen, die sich in einem Strahlenschutzbereich aufhalten, die Körperdosis [...] ermittelt wird.
abuso di autorità;Missbrauch der Amtsgewalt;La destituzione è inflitta per [...] grave abuso di autorità o di fiducia.;Der Mißbrauch der Befehlsbefugnis zu unzulässigen Zwecken wird an dem militärischen Vorgesetzten mit Freiheitsstrafe bis zu 2 Jahren bestraft.
testamento pubblico;öffentlich Testament;Il testamento pubblico è ricevuto dal notaio in presenza di due testimoni.;Ein Nachteil des öffentlichen Testaments gegenüber dem eigenhändigen Testament [...] liegt in den entstehenden Kosten.
valutazione d'incidenza;Verträglichkeitsprüfung;La VAS e la VIA comprendono le procedure di valutazione d'incidenza [...].;Für einen Plan [...], der einzeln oder im Zusammenwirken mit anderen Vorhaben, Projekten oder Plänen geeignet ist, ein Natura 2000-Gebiet erheblich zu beeinträchtigen, ist die Verträglichkeitsprüfung  [...] im Verfahren zur Aufstellung oder Änderung des Plans vorzunehmen.
passaporto ordinario;ordentlich Pass;Il passaporto ordinario è individuale. Esso spetta ad ogni cittadino, […].;Der Reisepass, der Dienstpass und der Diplomatenpass sind zehn Jahre gültig.
albo dei periti;Sachverständigenliste;Presso ogni tribunale è istituito un albo dei periti, diviso in categorie.;
giusto processo;fair trial;La giurisdizione si attua mediante il giusto processo regolato dalla legge.;Der Grundsatz des fairen Verfahrens vor Gericht (fair trial) ist eine Ausprägung des Rechtsstaates und auch in Art. 6 [der] Konvention zum Schutz der Menschenrechte und Grundfreiheiten enthalten. | Abweichung von zugesagter Strafobergrenze stellt einen Verstoß gegen das Gebot des fair trial dar.
associazione;Verein;Le associazioni e le fondazioni devono essere costituite con atto pubblico.;Ein Verein [...] erlangt Rechtsfähigkeit durch Eintragung in das Vereinsregister des zuständigen Amtsgericht.
diritto di sciopero;Streikrecht;Il diritto di sciopero si esercita nell'ambito delle leggi che lo regolano.;Ein Streikrecht haben nur Arbeitnehmer, auch im öffentlichen Dienste.
istituzione di erede;Erbeinsetzung;Tanto all'istituzione di erede quanto al legato può essere apposto un onere.;Hat der Erblasser sein Vermögen oder einen Bruchteil seines Vermögens dem Bedachten zugewendet, so ist die Verfügung als Erbeinsetzung anzusehen, auch wenn der Bedachte nicht als Erbe bezeichnet ist.
valore nominale;Nominalwert;Le azioni non possono emettersi per somma inferiore al loro valore nominale.;Aktien dürfen nicht unter dem Nennwert ausgegeben werden [...]. | [Die Stückelung der Aktien] wird als Nennwert bezeichnet und stellt den Nominalwert der Aktie dar.
pacifico godimento;ungestört Nutzung;Il locatore deve [...] garantire il pacifico godimento durante la locazione.;
adesione;Anschließung;L'adesione delle parti può risultare anche dalla sottoscrizione del ricorso.;Nach der Anmeldung des Statuts zum Genossenschaftsregister wird die Mitgliedschaft durch eine schriftliche, unbedingte Beitrittserklärung und die Zulassung des Beitritts durch die Genossenschaft erworben. | Die Anschließung verliert ihre Wirkung, wenn die Revision zurückgenommen oder als unzulässig verworfen wird.
dose addizionale;Zusatzdosis;La dose addizionale va somministrata dopo almeno 28 giorni dall'ultima dose.;"Von den 24 Non-Respondern nach der 2. Impfstoffdosis hatten 2 PatientInnen nach der 3. Impfstoffdosis eine deutliche und 6 eine geringe Antikörperantwort; 5 PatientInnen mit einer initial geringen Antikörperantwort entwickelten nach der Zusatzdosis einen deutlichen Antikörperanstieg."
omissione colposa;fahrlässig Unterlassung;Omissione colposa di cautele o difese contro disastri o infortuni sul lavoro;
rapporti personali;persönlich Rechtsverhältnis;I rapporti personali tra coniugi sono regolati dalla legge nazionale comune.;Personenrechtliche und vermögensrechtliche Beziehungen bestehen dabei nur zwischen den einzelnen Mitgliedern der Familie, die Familiengemeinschaft als solche hat weder Rechtspersönlichkeit noch eigenes Vermögen.
per atto scritto;schriftlich;La vendita di una eredità deve farsi per atto scritto, sotto pena di nullità.;Bei Straftaten, deren Verfolgung nur auf Antrag eintritt, muß der Antrag bei einem Gericht oder der Staatsanwaltschaft schriftlich oder zu Protokoll, bei einer anderen Behörde schriftlich angebracht werden.
operazione bancaria passiva;Passivgeschäft;Il deposito bancario costituisce la tipica operazione bancaria passiva [...].;
affine in linea collaterale;Verschwägerter in der Seitenlinie;Non possono contrarre matrimonio [...] gli affini in linea collaterale [...].;
diritto processuale civile;Zivilprozessrecht;Il diritto processuale civile è una branca del diritto processuale in genere.;
bisogni della famiglia;Lebensbedarf der Familie;Entrambi i coniugi sono tenuti [...] a contribuire ai bisogni della famiglia.;Jeder Ehegatte ist berechtigt, Geschäfte zur angemessenen Deckung des Lebensbedarfs der Familie mit Wirkung auch für den anderen Ehegatten zu besorgen.
riduzione del capitale obbligatoria;obligatorisch Kapitalherabsetzung;Anche la riduzione del capitale obbligatoria può essere nominale o effettiva.;
stato della tecnica;Stand der Technik;Un'invenzione è considerata nuova se non è compresa nello stato della tecnica.;Eine Erfindung gilt als neu, wenn sie nicht zum Stand der Technik gehört.
autonomia patrimoniale;Verselbstständigung der Gesellschaftsvermögen;[La società semplice] presenta un basso grado di autonomia patrimoniale [...].;
prestazione di opera;Werkleistung;Non possono formare oggetto di conferimento prestazioni di opera o di servizi.;Die Werkleistung richtet sich auf die Hestellung eines Werks, § 631 I BGB.
elementi essenziali;wesentlich Bestandteil;La mancanza di uno degli elementi essenziali determina la nullità del negozio.;Essentialia negotii sind notwendige Bestandteile eines Rechtsgeschäfts.
luogo aperto al pubblico;der Öffentlichkeit zugänglich Ort;Per le riunioni, anche in luogo aperto al pubblico, non è richiesto preavviso.;
corrimano;Handlauf;Le rampe delimitate da due pareti devono essere munite di almeno un corrimano.;Flure und Treppen sind an beiden Seiten mit festen Handläufen zu versehen.
affitto di fondo rustico;Pacht ein landwirtschaftlich genutzt Grundstück;Nell'affitto di fondo rustico il canone è determinato e corrisposto in denaro.;Auf die Pacht mit Ausnahme der Landpacht sind [...] die Vorschriften über die Miete entsprechend anzuwenden.
errore;Irrtum;L'errore sul fatto che costituisce il reato esclude la punibilità dell'agente.;
forma scritta;schriftlich Form;La forma scritta può consistere in un atto pubblico o in una scrittura privata.;Das Gesetz kennt folgende Formen: Schriftform, notarielle und gerichtliche Beurkundung, öffentliche Beglaubigung sowie Erklärung vor einer Behörde oder vor Zeugen.
deterioramento;Verschlechterung;Il conduttore non risponde del perimento o del deterioramento dovuti a vetustà.;Veränderungen oder Verschlechterungen der Mietsache, die durch den vertragsgemäßen Gebrauch herbeigeführt werden, hat der Mieter nicht zu vertreten.
borsa;Wertpapierbörse;Le negoziazioni che si svolgono in borsa riguardano titoli già in circolazione.;Vorstehende Vorschriften gelten nicht, wenn der Erwerb der Vermögensgegenstände im Rahmen der laufenden Geschäfte der Gesellschaft, in der Zwangsvollstreckung oder an der Börse erfolgt. | Die Wertpapierbörse hat einen Börsenrat zu bilden, der aus höchstens 24 Personen besteht.
sequestro delle azioni;Zurückbehaltung;Nel caso di sequestro delle azioni il diritto di voto è esercitato dal custode.;Vertraut der Verwahrer die Wertpapiere einem Dritten an, so gilt als dem Dritten bekannt, daß die Wertpapiere dem Verwahrer nicht gehören. Der Dritte kann an den Wertpapieren ein Pfandrecht oder ein Zurückbehaltungsrecht nur wegen solcher Forderungen geltend machen, die mit Bezug auf diese Wertpapiere entstanden sind oder für die diese Wertpapiere nach dem einzelnen über sie zwischen dem Verwahrer und dem Dritten vorgenommenen Geschäft haften sollen.
gestore;Geschäftsführer;Il gestore è soggetto alle stesse obbligazioni che deriverebbero da un mandato.;Steht die Übernahme der Geschäftsführung mit dem wirklichen oder dem mutmaßlichen Willen des Geschäftsherrn in Widerspruch und musste der Geschäftsführer dies erkennen, so ist er dem Geschäftsherrn zum Ersatz des aus der Geschäftsführung entstehenden Schadens auch dann verpflichtet, wenn ihm ein sonstiges Verschulden nicht zur Last fällt.
scioglimento della comunione;Aufhebung der Gemeinschaft;Ciascuno dei partecipanti puó sempre domandare lo scioglimento della comunione.;Jeder Teilhaber kann jederzeit die Aufhebung der Gemeinschaft verlangen.
atto di diritto privato;zivilrechtlich Rechtsakt;In passato gli atti di diritto privato erano qualificati atti di gestione [...].;Etwas anderes gilt jedoch dann, wenn die in Frage stehenden, an sich privatrechtlichen Akte (unzulässigerweise und daher rechtswidrig) in der Form eines VA mit dem Anspruch auf Verbindlichkeit kraft öffentlichen Rechts ergehen oder in einer Weise in Erscheinung treten, daß sie nach Treu und Glauben vom Bürger so zu verstehen sind. | Keine Verwaltungsakte sind sonach alle privatrechtlichen Rechtsakte, etwa die Kündigung eines privatrechtlichen Mietvertrages.
diritto di brevetto;Patentrecht;Il diritto di brevetto spetta all'autore dell'invenzione e ai suoi aventi causa.;
negozio traslativo;Übertragungsgeschäft;I negozi di disposizione si distinguono in negozi traslativi [...] e abdicativi.;Verfügbar ist Zedent und Zessionar freilich das Zessionsgeschäft, dies ist aber als Übertragungsgeschäft festgelegt.
occupazione;Zueignung;Le cose mobili che non sono proprietà di alcuno si acquistano con l'occupazione.;Das Recht zur Aneignung des aufgegebenen Grundstücks steht dem Fiskus des Bundesstaats zu, in dessen Gebiete das Grundstück liegt. Der Fiskus erwirbt das Eigentum dadurch, daß er sich als Eigentümer in das Grundbuch eintragen läßt.
commissione di factoring;Provision der Factor;L'opera del factor riceve una contropartita nella c.d. commissione di factoring.;Für seine Dienstleistungen zieht [der Factor] vom Nennwert der gekauften Forderungen eine Factoringgebühr ab[...].
appellante;Berufungswerber;L'appellante deve inserire nel proprio fascicolo copia della sentenza appellata.;Der Berufungskläger kann die Berufung bis zur Verkündung des Berufungsurteils zurücknehmen. | Eine Stellungnahme des Gegners zur Berufungsbegründung sollte dem Berufungsführer mitgeteilt werden, wenn das Berufungsgericht erwägt, die Berufung nicht anzunehmen [...].
falsa attestazione;unwahr Bestätigung;La falsa attestazione può essere tanto provocata da richiesta, quanto spontanea.;Wer vorsätzlich oder grob fahrlässig eine unrichtige Bestätigung über Spenden und Mitgliedsbeiträge ausstellt oder veranlaßt, daß Zuwendungen nicht zu den in der Bestätigung angegebenen steuerbegünstigten Zwecken verwendet werden, haftet für die entgangene Steuer.
paesaggio;Landschaft;La valorizzazione del paesaggio concorre a promuovere lo sviluppo della cultura.;Verkehrswege, Energieleitungen und ähnliche Vorhaben sollen landschaftsgerecht geführt, gestaltet und so gebündelt werden, dass die Zerschneidung und die Inanspruchnahme der Landschaft sowie Beeinträchtigungen des Naturhaushalts vermieden oder so gering wie möglich gehalten werden.
cosa composta;zusammengesetzt Sache;"È importante distinguere la ""cosa composta"" dall' ""universalità di fatto"" [...].";Nicht selten besteht eine Sache aus mehreren Komponenten, die für sich genommen ebenfalls Sachen darstellen könnten, die aber infolge der Verbindung zu einer neuen, selbstständigen Sache ihre Eigenschaft als eigenständiges Rechstobjekt verloren haben. Sie werden im Rechstverkehr [...] nur als Elemente der zusammengesetzten Sache [wahrgenommen].
capacità processuale;Verhandlungsfähigkeit;La capacità processuale differisce dalla capacità sostanziale di diritto penale.;
conferimento di beni in proprietà;Leistung quoad dominium;I conferimenti in natura possono essere a loro volta in proprietà o in godimento.;Bei Einbringung einer Sache zu Eigentum ähnelt die Stellung des Gesellschafters der eines Verkäufers.
occhiali a maschera;Vollsichtbrille;Gli occhiali a maschera [...] non devono essere necessariamente fissati al casco.;Augen- und Gesichtsschutz wird als Gestellbrille, Korbbrille, Schutzschild oder Schutzschirm angeboten. | Vollsichtbrillen gehören zur Persönlichen Schutzausrüstung (PSA) und dienen dem Augenschutz [: ...] Sie können vor mechanischen, chemischen, biologischen, aber je nach Ausführung auch vor thermischen, elektrischen oder optischen Gefährdungen für die Augen schützen.
figlio;Sohn;I discendenti di figli premorti sono preferiti ai discendenti di figlie premorte.;Ausdruck der familiären Solidarität ist die dem Kind auferlegte Pflicht zur Dienstleistung im Hauswesen und geschäft der Eltern, soweit dies seinen Kräften und seiner Lebesnstellung entspricht.
supremo atto di governo della società;Grundlagenentscheidung;Alla assemblea [della Spa] spettano i supremi atti di governo della società [...];Diese Zuweisung von sogenannten Grundlagenentscheidungen an die Hauptversammlung setzt sich im Recht der verbundenen Unternehmen [...] fort.
apprendista;Azubi;La retribuzione dell'apprendista non può assumere la forma del salario a cottimo.;Lehrlinge dürfen nur in Begleitung und unter Aufsicht eines Bezirksschornsteinfegermeisters oder eines Gesellen arbeiten. | Beabsichtigt der Arbeitgeber, einen Auszubildenden, der Mitglied der Jugend- und Auszubildendenvertretung, des Betriebsrats, der Bordvertretung oder des Seebetriebsrats ist, nach Beendigung des Berufsausbildungsverhältnisses nicht in ein Arbeitsverhältnis auf unbestimmte Zeit zu übernehmen, so hat er dies drei Monate vor Beendigung des Berufsausbildungsverhältnisses dem Auszubildenden schriftlich mitzuteilen.
società occulta;Treuhandgesellschaft;[I]l contratto di società occulte viene, di solito, stipulato per iscritto [...].;
patrimonio culturale;Kulturerbe;Il patrimonio culturale è costituito dai beni culturali e dai beni paesaggistici.;Kulturgüter sind Bestandteil des kulturellen Erbes, welches neben Kulturgütern als körperliche Gegenstände auch immaterielle Werte von Kultureller Bedeutung erfasst. | Das Kulturerbe kann in materieller Form bestehen, wie etwa Bauwerke, oder in nichtmaterieller Form, wie etwa Schauspiel oder Tanz.
rappresentanza volontaria;gewillkürt Stellvertretung;La rappresentanza volontaria è quella la cui fonte è la volontà dell'interessato.;
socio;Mitglied;Il socio è obbligato a eseguire i conferimenti determinati nel contratto sociale.;Ein Gesellschafter darf ohne Einwilligung der anderen Gesellschafter weder in dem Handelszweig der Gesellschaft Geschäfte machen noch an einer anderen gleichartigen Handelsgesellschaft als persönlich haftender Gesellschafter teilnehmen. | Bei einem Vorstand, der aus mehreren Personen besteht, erfolgt die Beschlussfassung nach den für die Beschlüsse der Mitglieder des Vereins geltenden Vorschriften der §§ 32 und 34 [BGB].
possesso;Besitz;Il possesso delle cose di cui non si può acquistare la proprietà è senza effetto.;Der Besitz wird dadurch beendigt, dass der Besitzer die tatsächliche Gewalt über die Sache aufgibt oder in anderer Weise verliert.
per procura;in Prokura;"Il titolo può essere girato con la clausola ""per incasso"" (o ""per procura"") [...].";
confessione giudiziale;gerichtlich Geständnis;La confessione giudiziale è spontanea o provocata mediante interrogatorio formale.;Zur Wirksamkeit des gerichtlichen Geständnisses ist dessen Annahme nicht erforderlich.
interrogatorio formale;förmlich Vernehmung;La confessione giudiziale è spontanea o provocata mediante interrogatorio formale.;
correttezza;Redlichkeit;Il debitore e il creditore devono comportarsi secondo le regole della correttezza.;
termine;Befristung;Il mancato rispetto del termine [...] è causa di revoca del finanziamento concesso.;Hat der Antragende für die Annahme des Antrags eine Frist bestimmt, so kann die Annahme nur innerhalb der Frist erfolgen. | Ist zwischen dem Zahlungsdienstnutzer und seinem Zahlungsdienstleister ein bestimmter Termin für die Ausführung eines Zahlungsauftrags [...] vereinbart worden, kann der Zahlungsdienstnutzer den Zahlungsauftrag bis zum Ende des Geschäftstags vor dem vereinbarten Tag widerrufen. | Der Mieter kann vom Vermieter frühestens vier Monate vor Ablauf der Befristung verlangen, dass dieser ihm binnen eines Monats mitteilt, ob der Befristungsgrund noch besteht.
ammenda;Geldbuße;Sotto la denominazione di pene pecuniarie la legge comprende: la multa e l'ammenda.;
durata della società;Dauer der Gesellschaft;L'atto costitutivo della società deve indicare [...] la durata della società [...].;
pena pecuniaria;Geldstrafe;Sotto la denominazione di pene pecuniarie la legge comprende: la multa e l'ammenda.;Die Geldstrafe wird in Tagessätzen verhängt. Sie beträgt mindestens fünf und, wenn das Gesetz nichts anderes bestimmt, höchstens dreihundertsechzig volle Tagessätze.
rinuncia al legato;Ausschlagung ein Vermächtniss;La rinuncia al legato avente per oggetto beni immobili deve farsi per atto scritto.;
computo dei termini;Berechnung der Frist;Nel computo dei termini a giorni o ad ore, si escludono il giorno o l'ora iniziali.;
membro effettivo;Vollmitglied;Il collegio sindacale si compone di tre o cinque membri effettivi, soci o non soci.;Die Klägerinnen [...] waren durchgängig Vollmitglieder des Arbeitgeberverbands.
immigrazione;Einwanderung;Lo Stato ha legislazione esclusiva nelle seguenti materie: a) [...] b) immigrazione;In der dritten Klasse werden nur befriedigt Gebühren, Zölle, Bußen und Geldstrafen auf Grund von Vorschriften über Luftfahrt, Zölle und Einwanderung.
esecutore testamentario;Willensvollzieher;Prima di procedere alla divisione l'esecutore testamentario deve sentire gli eredi.;Der Testamentsvollstrecker ist berechtigt, Verbindlichkeiten für den Nachlaß einzugehen, soweit die Eingehung zur ordnungsmäßigen Verwaltung erforderlich ist.
atto scritto;schriftlich Akt;La rinuncia al legato avente per oggetto beni immobili deve farsi per atto scritto.;Es genügt vielmehr zur Wahrung der Schriftform, daß aus dem Schriftstück in einer jeden Zweifel ausschließenden Weise ersichtlich ist, von wem die Erklärung herrührt.
oggetto del contratto;Vertragsgegenstand;L'oggetto del contratto deve essere possibile, lecito, determinato o determinabile.;
contratto bancario;Bankvertrag;I contratti bancari sono quelli in cui una delle parti è necessariamente una banca.;Mit der Eröffnung einer Kontenverbindung wird ein allgemeiner Bankvertrag zwischen dem Kunden und der Bank geschlossen, der das Rechtsverhältnis zwischen diesen beiden Vertragspartnern in seinen Grundstrukturen - nicht aber in seinen Einzelrechtsverhältnissen - regelt.
gestione domestica;Haushaltsführung;Di regola, la così detta gestione domestica è attuata, per tradizione, dalla moglie.;Die Ehegatten regeln die Haushaltsführung im gegenseitigen Einvernehmen. Ist die Haushaltsführung einem der Ehegatten überlassen, so leitet dieser den Haushalt in eigener Verantwortung.
passaporto biometrico;biometrisch Reisepass;Da oggi [26.08.2010] tutte le questure d'Italia rilasciano il passaporto biometrico.;
domicilio;Domizil;Il minore ha il domicilio nel luogo di residenza della famiglia o quello del tutore.;
rimborso dei conferimenti;Rückzahlung der Einlage;Estinti i debiti sociali, l'attivo residuo è destinato al rimborso dei conferimenti.;Zur Berichtigung der Schulden und zur Rückerstattung der Einlagen ist das Gesellschaftsvermögen, soweit erforderlich, in Geld umzusetzen.
sentenza procedurale;Prozessentscheid;La sentenza [...] procedurale allorché è relativa al solo iter procedimentale [...].;Das gericht weist die Klage ab, wenn sie für unzulässig oder für unbegründet hält. Im ersten Fall ergeht ein Prozessurteil, im zweiten ein Sachurteil.
collaudo;Abnahme;Il collaudo viene formalizzato attraverso la redazione di un apposito verbale [...].;Die Vergütung ist bei der Abnahme des Werkes zu entrichten.
ordinanza;Verfügung;La legge prescrive in quali casi il giudice pronuncia sentenza, ordinanza o decreto.;
biblioteca;Bibliothek;Sono inalienabili […] le raccolte di musei, pinacoteche, gallerie e biblioteche […].;Verbreiten dürfen Bibliotheken Vervielfältigungen eines Werkes aus ihrem Bestand an andere Bibliotheken [...] für Zwecke der Restaurierung.
conto corrente;Kontokorrentvertrag;Sono esclusi dal conto corrente i crediti che non sono suscettibili di compensazione.;
collaboratore dell'imprenditore;Mitarbeiter der Unternehmer;Il Codice civile inserisce tra i collaboratori dell'imprenditore anche i procuratori.;"An einem Vertragsschluss ""unter ausschließlicher Verwendung von Fernkommunikationsmitteln"" fehlt es, wenn der Verbraucher während der Vertragsanbahnung persönlichen Kontakt zu einem Mitarbeiter des Unternehmers oder einem vom Unternehmer bevollmächtigten Vertreter hat."
frutti;Früchte;La restituzione dei frutti non è dovuta se non dal giorno della costituzione in mora.;Wer zur Herausgabe von Früchten verpflichtet ist, kann Ersatz der auf die Gewinnung der Früchte verwendeten Kosten insoweit verlangen, als sie einer ordnungsmäßigen Wirtschaft entsprechen und den Wert der Früchte nicht übersteigen.
frutti civili;Zivilfrucht;I frutti civili si acquistano giorno per giorno, in ragione della durata del diritto.;Das gleiche Prinzip [das Trennungsprinzip] gilt grundsätzlich [..] für alle anderen Früchte , d.h. also für  mittelbaren Früchte, und für reine Rechtsfrüchte.
colori nazionali;Nationalfarbe;Vengono protetti [...] i colori nazionali raffigurati su cose diverse dalla bandiera.;Das alte Reich vor 1806 konnte keine Nationalfarben entwickeln, da die Voraussetzung der Staatseinheit fehlte. Als kaiserl. Farben galten Schwarz-Gelb, die mit der Kaiserwürde in Österreich bis 1918 weiterbestanden.
vendita delle azioni;Aktienverkauf;L'emissione e la vendita delle azioni prima dell'iscrizione della società sono nulle.;
istanza di procedimento;Strafantrag;L'istanza di procedimento è proposta dalla persona offesa con le forme della querela.;Handelt es sich bei einer Anzeige (im engen Sinne) lediglich um eine Anregung an die Strafverfolgungsorgane, die ggf. den Verfolgungszwang auslöst, wird mit dem Strafantrag darüber hinaus ein Interesse an der Strafverfolgung geäußert.
prestazione indivisibile;unteilbar Leistung;Ciascuno dei creditori può esigere l'esecuzione dell'intera prestazione indivisibile.;
usucapione;Ersitzung;Se il possessore è di mala fede, l'usucapione si compie con il decorso di venti anni.;Die Ersitzung ist ausgeschlossen, wenn der Erwerber bei dem Erwerb des Eigenbesitzes nicht in gutem Glauben ist oder wenn er später erfährt, dass ihm das Eigentum nicht zusteht.
procura generale;Generalvollmacht;La procura generale comprende, di regola, solo gli atti di ordinaria amministrazione.;
delitto contro l'onore;Straftat gegen der Ehre;Il codice vigente configura due delitti contro l'onore: l'ingiuria e la diffamazione.;
distribuzione;Verteilung;L'assemblea che approva il bilancio delibera sulla distribuzione degli utili ai soci.;
deposito;Verwahrungsvertrag;Dal contratto di deposito sorge l'obbligazione principale di custodire per restituire.;Wird die Aufbewahrung unentgeltlich übernommen, so hat der Verwahrer nur für diejenige Sorgfalt einzustehen, welche er in eigenen Angelegenheiten anzuwenden pflegt. | Das Interesse an der Verwahrung liegt [...] bei demjenigen, der den unmittelbaren Besitz weggibt, also beim Hinterleger: er ist der Last der Aufbewahrung enthoben, während der Verwahrer kein Benutzungsrecht erlangt. | Durch den Verwahrungsvertrag wird der Verwahrer verpflichtet, eine ihm von dem Hinterleger übergebene bewegliche Sache aufzubewahren.
progetto definitivo;endgültig Projekt;L'affidamento in concessione può essere effettuato sulla base del progetto definitivo.;
remissione del debito;Schulderlass;La rinunzia alle garanzie dell'obbligazione non fa presumere la remissione del debito.;
rischio;Risiko;L'affittuario può, con patto espresso, assumere il rischio dei casi fortuiti ordinari.;
accettazione espressa;ausdrücklich Annahmeerklärung;L'accettazione espressa può essere pura e semplice ovvero col beneficio di inventario.;
quorum;Quorum;Nel calcolo della maggioranza occorre tenere presente il numero legale o quorum [...].;Ein Quorum ist bei der Gesellschafter- bzw. Hauptversammlung der Kapitalgesellschaften gesetzlich nicht vorgeschrieben, kann aber in der Satzung verlangt werden.
estraneo;unbeteiligt;Quando l'interessato è assente o estraneo al processo, il giudice provvede di ufficio.;
numero legale;Beschlussfähigkeit;Nel calcolo della maggioranza occorre tenere presente il numero legale o quorum [...].;Gehört dem Aufsichtsrat die zur Beschlußfähigkeit nötige Zahl von Mitgliedern nicht an, so hat ihn das Gericht auf Antrag des Vorstands, eines Aufsichtsratsmitglieds oder eines Aktionärs auf diese Zahl zu ergänzen.
diritto di ispezione;Einsichtsrecht;Agli azionisti è riconosciuto un limitato diritto di ispezione dei libri sociali [...].;
pignoramento;Pfändung;Il pignoramento comprende gli accessori, le pertinenze e i frutti della cosa pignorata.;Hat ein Gläubiger eines Gesellschafters die Pfändung des Anteils des Gesellschafters an dem Gesellschaftsvermögen erwirkt, so kann er die Gesellschaft ohne Einhaltung einer Kündigungsfrist kündigen, sofern der Schuldtitel nicht bloß vorläufig vollstreckbar ist.
filiazione naturale;unehelich Abstammung;La sentenza che dichiara la filiazione naturale produce gli effetti del riconoscimento.;
ordine pubblico;Grundwertung der Rechtsordnung -- ordre public --;La legge straniera non è applicata se i suoi effetti sono contrari all'ordine pubblico.;Eingriffe und Beschränkungen dürfen im übrigen nur zur Abwehr einer gemeinen Gefahr oder einer Lebensgefahr für einzelne Personen, auf Grund eines Gesetzes auch zur Verhütung dringender Gefahren für die öffentliche Sicherheit und Ordnung [...] vorgenommen werden. | [D]ie Nichtanerkennung des deutschen Scheidungsurteils auf Grund des spanischen ordre public kann aus der Sicht der deutschen Rechtsordnung nicht hingenommen werden, da es sich um die Beurteilung eines rein inlandsbezogenen Sachverhalts handelt.
cognome da nubile;Mädchenname;Per le donne coniugate o vedove le schede devono essere intestate al cognome da nubile.;"Die Ehegatten sollen bei Eingehung der Ehe nach § 1355 Abs.1 S.1 und 2 einen gemeinsamen Familiennamen bestimmen (vgl. auch § 6 Abs.1 S.3 PStG). Dies kann gem. § 1355 Abs.2 entweder der Geburtsname der Frau oder des Mannes sein; ein Doppelname ist nicht zulässig."
dilazione;Verzögerung;La dilazione concessa gratuitamente dal creditore non è di ostacolo alla compensazione.;
estintore ad acqua;Wasserfeuerlöscher;Gli estintori ad acqua NON possono essere utilizzati su impianti elettrici in tensione.;In Arbeitsbereichen, in denen Beschäftigte durch feuerflüssige Massen oder Flammen gefährdet sind, müssen Einrichtungen zum Löschen brennender Kleidung vorhanden sein. Dafür sind vor allem Notduschen und Wasserlöscher geeignet. | Leicht erreichbare CO2-Handfeuerlöscher müssen [beim Senkerodieren] bereitgehalten werden. Wasserfeuerlöscher sind ungeeignet.
condizione potestativa;potestativ Bedingung;La condizione potestativa non va confusa con la condizione meramente potestativa [...].;"Zur Bedingung kann endlich eine Entscheidung eines an dem Rechtsgeschäft Beteiligten gemacht werden; das ist die sogenannte Potestativbedingung (Willkürbedingung). | [S]ogar das freie Belieben einer Partei [kann] zur Bedingung eines Rechtsgeschäfts gemacht werden, sogenannte Potestativbedingung [...]. Ein Rechtsgeschäft mit einer derartigen Wollensbedingung wird aber nur ausnahmsweise [...] anzunehmen sein [...]."
interessi moratori;Verzugszins;[Il risarcimento] non è dovuto se è stata convenuta la misura degli interessi moratori.;Als Mindestschaden können [beim Verzug] ohne weiteren Nachweis von einer Geldschuld mindestens [...] 4% Verzugszinsen, unter Kaufleuten 5% verlangt werden.
debito di scommessa;Wettschuld;Non compete azione per il pagamento di un debito di giuoco o di scommessa non proibiti.;
arbitro;Schiedsrichter;Non può essere arbitro chi è privo, in tutto o in parte, della capacità legale di agire.;Eine Person, der ein Schiedsrichteramt angetragen wird, hat alle Umstände offen zu legen, die Zweifel an ihrer Unparteilichkeit oder Unabhängigkeit wecken können. Ein Schiedsrichter ist auch nach seiner Bestellung bis zum Ende des schiedsrichterlichen Verfahrens verpflichtet, solche Umstände den Parteien unverzüglich offen zu legen, wenn er sie ihnen nicht schon vorher mitgeteilt hat.
recesso volontario del socio;Austritt der Gesellschafter;[I]l recesso deve essere comunicato agli altri soci con un preavviso di almeno tre mesi.;"Ausscheiden ist nur möglich, wenn entweder der Gesellschaftsvertrag dem Gesellschafter die Befugnis dazu gibt oder alle übrigen Gesellschafter ihr Einverständnis erklären. | Der zum Austritt berechtigte Arbeitnehmer kann vond der Gesellschaft als Abfindung den Verkehrswert seines Geschäftsanteils verlangen; maßgebend ist der Verkehrswert im Zeitpunkt des Zugangs der Kündigungserklärung."
nipote;Nichte;Non possono contrarre matrimonio fra loro: lo zio e la nipote, la zia e il nipote [...].;
promessa al pubblico;Auslobung;Tra gli atti unilaterali che sono fonti di obbligazioni è anche la promessa al pubblico.;Wer durch öffentliche Bekanntmachung eine Belohnung für die Vornahme einer Handlung [...] aussetzt, ist verpflichtet, die Belohnung demjenigen zu entrichten, welcher die Handlung vorgenommen hat, auch wenn dieser nicht mit Rücksicht auf die Auslobung gehandelt hat.
nipote;Enkeltochter;Non possono contrarre matrimonio fra loro: lo zio e la nipote, la zia e il nipote [...].;
tentativo di conciliazione;Versöhnungsversuch;Il tentativo di conciliazione può essere rinnovato in qualunque momento dell'istruzione.;Das Erfordernis eines Einigungsversuchs vor einer von der Landesjustizverwaltung eingerichteten oder anerkannten Gütestelle entfällt, wenn die Parteien einvernehmlich einen Einigungsversuch vor einer sonstigen Gütestelle, die Streitbeilegungen betreibt, unternommen haben. Das Einvernehmen nach Satz 1 wird unwiderleglich vermutet, wenn der Verbraucher eine branchengebundene Gütestelle, eine Gütestelle der Industrie- und Handelskammer, der Handwerkskammer oder der Innung angerufen hat. Absatz 1 Satz 2 gilt entsprechend.
invalido;ungültig;"L'atto amministrativo è invalido quando è difforme dalla norma che lo disciplina; [...].";Wer durch Täuschung bewirkt, daß jemand bei der Stimmabgabe über den Inhalt seiner Erklärung irrt oder gegen seinen Willen nicht oder ungültig wählt, wird mit Freiheitsstrafe bis zu zwei Jahren oder mit Geldstrafe bestraft.
diritto di recesso;Kündigungsrecht;E nullo ogni patto che esclude il diritto di recesso o ne rende più gravoso l'esercizio.;
contratto di assicurazione;Versicherung;Il rischio ed il premio sono gli elementi essenziali di ogni contratto di assicurazione.;Der Versicherer ist verpflichtet, eine von ihm unterzeichnete Urkunde über den Versicherungsvertrag (Versicherungsschein) dem Versicherungsnehmer auszuhändigen. | Der Begriff der Versicherung wird im VVG nicht definiert. Da das einzelne Versicherungsverhältnis Bestandteil der Gefahrengemeinschaft ist, läßt sich Versicherung allgemein als Verlagerung wirtschaftlicher Risiken des Versicherungsnehmers durch vertragliche Integration in eine vom Versicherer organisierte Gefahrengemeinschaft definieren.
comproprietario;Miteigentümer;I comproprietari dell'azione rispondono solidamente delle obbligazioni da essa derivanti.;Die für Ansprüche des Hinterlegers geltenden Vorschriften [...] sind sinngemäß auf Ansprüche eines jeden Miteigentümers oder sonst dinglich Berechtigten anzuwenden.
violenza;Zwang;La violenza è causa di annullamento del contratto, anche se esercitata da un terzo [...].;
negozio recettizio;einseitig empfangsbedürftig Rechtsgeschäft;La diffida ad adempiere si configura come negozio giuridico unilaterale recettizio [...].;Als empfangsbedürftigtes Rechtsgeschäft wird die Anfechtung erst mit Zugang der Erklärung wirksam, jedoch reicht für die Rechtzeitigkeit die unverzügliche Absendung aus. | Der Verzicht wird mit Erklärung gegenüber den anderen Miturhebern wirksam. Es gelten die allgemeinen Grundsätze (§§ 116 ff. BGB). Der Verzicht ist ein einseitiges, empfangsbedürftiges Rechtsgeschäft. Einer bestimmten Form bedarf es nicht.
eccezione;Einrede;Il delegato può opporre al delegatario le eccezioni relative ai suoi rapporti con questo.;Im Verhältnis zwischen Einrede und Einwendung bestehen schon terminologisch Mehrdeutigkeiten und Überschneidungen.
organismo unicellulare;einzellig Organismus;I batteri sono organismi unicellulari procarioti di piccole dimension[i] (0,2 –2 micron).;Bakterien sind einzellige Lebewesen (mit einer Zellenlänge zwischen 0,0002 mm und 0,1 mm) mit kugeligem (Kokken), stäbchenförmigem (Bazillen, Bakterien) oder spiraligem (Spirillen) Körper. | Biostoffe werden […] als: Mikroorganismen (Bakterien, Pilze, Protozoen und Viren)[,] Zellkulturen [und] Endoparasiten (Einzeller und Würmer wie Cestoden, Nematoden, Trematoden) [definiert.] | Bakterien sind einzellige Organismen, die einen typischen Zellaufbau aufweisen und einen eigenständigen Stoffwechsel besitzen.
scorte vive;lebend Inventar;Le scorte vive e morte di un fondo devono essere restituite in eguale quantità e qualità.;
legge;Gesetz;Le leggi sono promulgate dal Presidente della Repubblica entro un mese dall'approvazione.;Innerhalb der Gesetze kann zwischen der Verfassung und den einfachen Gesetzen, denen die Verfassung vorgeht, unterschieden werden, wobei die Änderung der formellen Verfassung besonderen Erschwerungen unterworfen sein kann [...].
nullo;kraftlos;Il  patto  contenente  condizioni contrattuali  in  violazione dell'equo compenso è nullo.;Die Willenserklärung eines Geschäftsunfähigen ist nichtig. | Die Vertretungsmacht bleibt bestehen, bis die Vollmachtsurkunde dem Vollmachtgeber zurückgegeben oder für kraftlos erklärt wird.
norma penale;Strafnorm;Le norme penali di regola risultano costituite da due elementi: il precetto e la sanzione.;Die Strafvorschrift des Absatzes 1 gilt bei Anordnungen eines Gesetzgebungsorgans des Bundes oder seines Präsidenten weder für die Mitglieder des Bundestages noch für die Mitglieder des Bundesrates und der Bundesregierung sowie ihre Beauftragten [...].
cosa divisibile;teilbar Sache;La nozione di bene divisibile assume rilievo in caso di contitolarità di diritti sul bene.;
lotteria;Lotterie;Le lotterie danno luogo ad azione in giudizio, qualora siano state legalmente autorizzate.;Ein Lotterievertrag oder ein Ausspielvertrag ist verbindlich, wenn die Lotterie oder die Ausspielung staatlich genehmigt ist.
riduzione del capitale per esuberanza;ordentlich Kapitalherabsetzung;Riduzione facoltativa effettiva si ha invece nel caso della c.d. riduzione per esuberanza.;
protezione delle vie respiratorie;Atemschutz;A protezione delle vie respiratorie si ritiene opportuno l’utilizzo di DPI del tipo THP3[.];Bei Filtergeräten mit Gebläse und Atemschutzanzug wird ein Überdruck im Innern  des Anzuges erzeugt. Dieser Atemschutzanzug bietet Schutz der Atemwege und des gesamten Körpers vor Kontamination. | Entsprechend ihrer mechanischen Belastbarkeit werden [Frischluft-Druckschlauchgeräte] in 2 Klassen eingeteilt, die jeweils den gleichen Atemschutz bieten: – Klasse 1: Geräte leichter Bauart, – Klasse 2: Geräte schwerer Bauart.
riportato;Hereingeber;I diritti accessori e gli obblighi inerenti ai titoli dati a riporto spettano al riportato.;
successione;Erbfolge;La successione si apre al momento della morte nel luogo dell'ultimio domicilio del defunto.;
sopraelevazione;Überbauung;La sopraelevazione non è ammessa se le condizioni statiche dell'edificio non la consentono.;
sublegatario;Sublegatar;Il sublegatario è, accanto al legatario, un chiamato alla successione a titolo particolare.;Ein Vermächtnisnehmer (Untervermächtnisnehmer), dem eine Unterbeteiligung an einem Kommanditanteil zugewendet worden ist und der die Unterbeteiligung im Zuge der Nachlaßabwicklung und Erbauseinandersetzung eingeräumt erhält, kann einkommensteuerrechtlich vom Zeitpunkt des Erbfalls an als Mitunternehmer anzuerkennen sein.
rimprovero;Vorwurf;Se nessun rimprovero si può muovere all'agente, è impossibile parlare di volontà colpevole.;Ist die Einziehung nicht vorgeschrieben, so darf sie [...] nicht angeordnet werden, wenn sie zur Bedeutung der begangenen Tat und zum Vorwurf, der den von der Einziehung betroffenen Täter oder Teilnehmer oder [...] den Dritten trifft, außer Verhältnis steht.
divorzio;Scheidung;Il divorzio può essere pronunciato solo nei casi tassativamente indicati dalla legge [...].;Soweit ein geschiedener Ehegatte keinen Unterhaltsanspruch hat, kann er gleichwohl Unterhalt verlangen, solange und soweit er nach der Scheidung keine angemessene Erwerbstätigkeit zu finden vermag.
riporto;Reportgeschäft;I diritti accessori e gli obblighi inerenti ai titoli dati a riporto spettano al riportato.;
fune;Seil;La fune non deve costituire il sistema di assorbimento dell’energia cinetica di una caduta.;Material, Werkzeuge und Hilfsmittel sind mit geeigneten Einrichtungen, beispielsweise durch Seile und Umlenkrollen, zur Arbeitsstelle hoch zu ziehen, bzw. abzulassen.
operaio;Arbeiter;I prestatori di lavoro subordinato si distinguono in dirigenti, quadri, impiegati e operai.;Das Arbeitsverhältnis eines Arbeiters oder eines Angestellten (Arbeitnehmers) kann mit einer Frist von vier Wochen zum Fünfzehnten oder zum Ende eines Kalendermonats gekündigt werden.
impiegato;angestellter;I prestatori di lavoro subordinato si distinguono in dirigenti, quadri, impiegati e operai.;
dirigente;leitend Angestellter;I prestatori di lavoro subordinato si distinguono in dirigenti, quadri, impiegati e operai.;Folgende Funktionen werden vorrangig in einem befristeten außertariflichen Arbeitsverhältnis oberster Führungskräfte (Anstellungsverhältnis) übertragen: [...] die Funktion einer Geschäftsführerin oder eines Geschäftsführers bei der Zentrale der Bundesagentur, [...] die Funktion einer Bereichsleiterin oder eines Bereichsleiters mit herausgehobenen Aufgaben bei der Zentrale der Bundesagentur [...]. | Leitender Angestellter [...] ist im Zweifel, wer [...] aus Anlass der letzten Wahl des Betriebsrats, des Sprecherausschusses oder von Aufsichtsratsmitgliedern der Arbeitnehmer oder durch rechtskräftige gerichtliche Entscheidung den leitenden Angestellten zugeordnet worden ist oder [...] einer Leitungsebene angehört, auf der in dem Unternehmen überwiegend leitende Angestellte vertreten sind, oder [...] ein regelmäßiges Jahresarbeitsentgelt erhält, das für leitende Angestellte in dem Unternehmen üblich ist [...].
norma processuale;verfahrensrechtlich Bestimmung;Sono altresì oggetto di prova i fatti dai quali dipende l'applicazione di norme processuali.;Die Ladung der Zeugen geschieht unter Hinweis auf verfahrensrechtliche Bestimmungen, die dem Interesse des Zeugen dienen, auf vorhandene Möglichkeiten der Zeugenbetreuung und auf die gesetzlichen Folgen des Ausbleibens.
consegna dell'opera;Ablieferung der Werk;L'azione contro l'appaltatore si prescrive in due anni dal giorno della consegna dell'opera.;Zur Beseitigung eines Mangels [...] kann der Besteller dem Unternehmer eine angemessene Frist mit der Erklärung bestimmen, daß er die Beseitigung des Mangels nach dem Ablaufe der Frist ablehne. Zeigt sich schon vor der Ablieferung des Werkes ein Mangel, so kann der Besteller die Frist sofort bestimmen [...].
detenzione;Detention;Si può possedere direttamente o per mezzo di altra persona, che ha la detenzione della cosa.;Vor allem [...] läßt sich kein einsichtiger Grund dafür angeben, warum der nichtredliche Besitzer, der bei der Verwaltung und Innehabung der Sache eine, vielleicht vorsätzliche, unerlaubte Handlung begeht, nicht auch alle deliktischen Rechtsfolgen tragen sollte. | Ob jemand Gewahrsam hat, ist nach den Erfahrungssätzen des täglichen Lebens, nicht nach den Regelungen des BGB zu beurteilen. | Ältere kodifikationen (Code Civil ABGB) verwenden einen engen Besitzbegriff. Sie unterscheiden zwischen bloßer Innehabung (Detention) und possessio, die sichtbare Ausübung des Eigentums bedeutet.
innocente;Nichtschuldiger;Risponde [...] di calunnia l'ipmutato che accusi un innocente nel corso dell'interrogatorio.;Verdächtigen ist das Hervorrufen, Verstärken[...] oder Umlenken eines Verdachts durch das Behaupten (oder Sprechen lassen) von Tatsachen [...], die im konkreten Fall geeignet sind [...], einen in Wahrheit Unschuldigen der Gefahr behördlichen Einschreibens auszusetzen.
zia;Tante;Non possono contrarre matrimonio fra loro [...] lo zio e la nipote, la zia e il nipote [...].;
vocazione ereditaria;Delation;I rappori giuridici che si trasmettono a causa di morte presuppongono la chiamata ereditaria.;Neben Testament und Erbvetrag lässt das BGB mit dem Erbverzicht ein weiteres Rechtsgeschäft zu, das zu Lebzeiten des Erblassers abgeschlossen wird und die Berufung zum Erben beeinflusst.
veicolo a motore;Kfz;Gli autoveicoli sono veicoli a motore con almeno quattro ruote, esclusi i motoveicoli, [...].;Kraftfahrzeuge und ihre Anhänger, die auf öffentlichen Straßen in Betrieb gesetzt werden sollen, müssen von der zuständigen Behörde (Zulassungsbehörde) zum Verkehr zugelassen sein. | Die Zulassung erlischt, falls sie nicht ausdrücklich entzogen wird [...], mit der endgültigen Außebetriebsetzung des Kfz [...].
passo carrabile;Grundstücksein und -ausfahrt;La sosta di un veicolo sulla carreggiata è vietata: a) allo sbocco dei passi carrabili [...].;"Freizuhalten ist idR der einer normalen Torausfahrt entspr[echende] Raum, wobei auf die Art des zu erwartenden Ausfahrt[verkehrs] (Pkw oder auch schwere Lastzüge) Rücksicht zu nehmen ist […]. Geschützt ist die geradlinige Ein- und Ausfahrt; der benutzer muß sich nicht auf andere Flächen (wie Gehweg u[nd] Nachbargrundstück) verweisen lassen […]. Das Parkverbot gilt auch für Einstellplätze, jedoch insges[amt] nur vor […] nicht aber neben der Ausfahrt. | Es richtet sich nicht nach Benutzungsgrad oder -art […] u[nd]entfällt gegenüber dem Zufahrtsberechtigten mangels Schutzbedürfnisses vor der Einfahrt in das eigene, allein bewohnte Grundstück […], nicht aber dort auf dem Gehweg […], ferner wenn das Einfahrtstor ersichtlich nicht benutzbar ist […], der Berechtigte das parken gestattet […] oder wenn das Parkende jederzeit in der Lage u[nd] bereit ist, die Einfahrt freizumachen […] u[nd] dort auch kein allg[emeines] Halt- oder Parkverbot besteht […]. | Wird eine Grundstücksausfahrt nach einer Richtung durch einen zum Entladen haltenen Lkw versperrt, so is dessen Fahrer zum Freimachen nicht verpflichtet, wenn dies für ihn erheblich lästiger als für den Ausfahrenden die Fahrt in anderer Richtung ist [...]. | Das Berufungsgericht meint, der Klägerin stehe gegen die Beklagten kein Anspruch auf Unterlassung zu, ein Fahrzeug auf dem Stichweg unter Verstoß gegen das Parkverbot vor Grundstückseinfahrten (§ 12 Abs. 3 Nr. 3 StVO) abzustellen. | Das Parken ist unzulässig [...] 3. vor Grundstücksein- und -ausfahrten, auf schmalen Fahrbahnen auch ihnen gegenüber [...]."
reazione avversa inattesa;bisher nicht bekannt unerwünscht Nebenwirkung;Le reazioni avverse inattese sono quelle non contemplate tra le caratteristiche del prodotto.;Ärzte sind verpflichtet, alle unvorhergesehenen Nebenwirkungen eines Medikaments zu melden.
giudizio di revocazione;Revisionsverfahren;Non può essere impugnata per revocazione la sentenza pronunciata nel giudizio di revocazione.;Das Wiederaufnahmeverfahren soll im Ergebnis zu einer Neuentscheidung des Rechtsstreits führen, der an sich rechtskräftig abgeschlossen sind.
facoltà alternativa;facultas alternativa;Facoltà del debitore di eseguire una prestazione che non è oggetto del rapporto obbligatorio.;Die Ersetzungsbefungnis des Schuldners ist das Recht an Erfüllungs Statt zu leisten, was sonst nur mit Zustimmung des Gläubigers zulässig ist.
pegno;Verpfändung;La differenza tra il pegno e l'ipoteca sta, innanzitutto, nella diversità dell'oggetto [...].;Das Pfand haftet für die Forderung in deren jeweiligem Bestand, insbesondere auch für Zinsen und Vertragsstrafen.
diligenza del buon padre di famiglia;Sorgfalt ein ordentlich Hausvater;Nell'adempiere l'obbligazione il debitore deve usare la diligenza del buon padre di famiglia.;"Der Begriff ""grobe Fahrlässigkeit"" ist ein Rechtsbegriff. Ob der Erwerber aber im Einzelfall gegen die erforderliche Sorgfalt verstoßen hat, ist Tatfrage. | Fahrlässig handelt, wer die im Verkehr erforderliche Sorgfalt außer acht läßt."
azione interamente liberata;zu Gänze eingelöst Aktie;Non si possono emettere nuove azioni fino a che quelle emesse non siano interamente liberate.;Wird eine Aktie vor der kompletten Zahlung des Ausgabebetrags ausgegeben, muss sie als Namensaktie ausgegeben werden. Der bereits gezahlte Anteil am Ausgabebetrag muss in der Aktie festgehalten werden. Dadurch wird verhindert, dass nicht voll bezahlte Aktien als normale Aktien weiterverkauft werden.
caduta;Herabfallen;Analizzare dettagliatamente [...] la possibile caduta di materiali o persone dall'alto [...].;Bei der Montage von Rosten haben sich Auffangnetze als Schutzmaßnahme bewährt. Sie verhindern zwar nicht den Sturz, fangen aber Personen sicher auf, sodass schwerere Verletzungen vermieden werden [...]. | Die Unternehmerinnen und Unternehmer haben durch geeignete organisatorische Maßnahmen dafür zu sorgen und die Anschläger oder Anschlägerinnen haben zu beachten, dass Lastaufnahme- und Anschlagmittel so verwendet werden, dass die Last gegen Herabfallen gesichert ist.
diritto amministrativo;Verwaltungsrecht;La definizione del diritto amministrativo presuppone il concetto di pubblica amministrazione.;
rinuncia all'impugnazione;Rechtsmittelverzicht;Le parti private possono rinunciare all'impugnazione anche per mezzo di procuratore speciale.;
riassicuratore;Rückversicherer;Il contratto di riassicurazione non crea rapporti tra l'assicurato e il riassicuratore [...].;Die Unterscheidung professioneller und nicht-professioneller Rückversicherer hat keine Bedeutung mehr. Früher bezeichnete der Begriff des nicht-professionellen Rückversicherers diejenigen Rückversicherer, deren vordringliches Geschäftsziel es war, (nur) die Rückversicherungskapazität der Muttergesellschaft sicherzustellen.
genero;Schwiegersohn;All'obbligo di prestare gli alimenti sono tenuti nell'ordine [...] i generi e le nuore [...].;
estradizione;Auslieferung;L'estradizione può essere domandata di propria iniziativa dal ministro di grazia e giustizia.;Bei Auslieferung zum Zwecke der Vollstreckung mehrerer Strafen ist die im Ausland erlittene Freiheitsentziehung auf die höchste Strafe, bei Strafen gleicher Höhe auf die Strafe anzurechnen, die nach der Einlieferung des Verurteilten zuerst vollstreckt wird.
giratario per procura;Vollmachtsindossatar;L'emittente può opporre al giratario per procura soltanto le eccezioni opponibili al girante.;Der Prokuraindossatar wird nicht Inhaber der Wechselforderung, doch kann er alle Rechte aus dem Wechsel geltend machen, kann ihn aber nur durch Prokura übertragen.
capitale sottoscritto;unterzeichnet Kapital;L'atto costitutivo deve indicare [...] l'ammontare del capitale sottoscritto e versato [...].;
luogo militare;militärisch Bereich;Introduzione clandestina in luoghi militari e possesso ingiustificato di mezzi di spionaggio.;Militärische Einrichtungen oder Anlagen sind hier nur solche, die unmittelbar dem Zwecke der Bundeswehr dienen und deren Verfügungsgewalt unterworfen sind.
mancanza di interesse;Interessenmangel;La conseguenza alla mancanza di interesse è la nullità dell'intero contratto di assicurazione.;Ein anfänglicher oder nachträglicher Interessenmangel führt dazu, daß die Pflichten der Vertragspartner aus dem Versicherungsvertrag wegfallen.
cantoniere;Strassenwärter;La nomina a cantoniere delle strade statali si consegue mediante pubblico concorso per titoli.;Der Ausbildungsberuf Straßenwärter/Straßenwärterin wird staatlich anerkannt.
indivisibilità;Unteilbarkeit;L'indivisibilità opera anche nei confronti degli eredi del debitore o di quelli del creditore.;
minore età;Unmündigkeit;Nel caso di minore età del figlio, il giudice decide circa l'assunzione del cognome del padre.;Während der Minderjährigkeit des Kindes kann das Vormundschaftsgericht das Annahmeverhältnis von Amts wegen aufheben, wenn dies aus schwerwiegenden Gründen zum Wohl des Kindes erforderlich ist.
famiglia;Familie;La Repubblica riconosce i diritti della famiglia come società naturale fondata sul matrimonio.;Bei unverschuldeter Unfähigkeit der Eltern zur Pflege und Erziehung ihres Kindes kann die Einwilligung in die Adoption nicht ersetzt werden, wenn das Kind auch bei Unterbleiben der Adoption in einer Familie aufwachsen kann.
diritto alla successione;Erbberechtigung;Possono chiedere l'apposizione dei sigilli: coloro che possono avere diritto alla successione.;Es tritt lediglich im Verhältnis zum Annehmenden die wechselseitige gesetzliche Erbberechtigung einschließlich des Pflichtteilsrechts ein [...].
rilevabilità d'ufficio;Berücksichtigung von Amts wegen;Non rilevabilità d'ufficio. Il giudice non può rilevare d'ufficio la prescrizione non opposta.;
credito ceduto;abgetreten Forderung;I crediti ceduti devono attenere a contratti stipulati dal cedente nell'esercizio dell'impresa.;Wird eine abgetretene Forderung von dem bisherigen Gläubiger nochmals an einen Dritten abgetreten, so finden, wenn der Schuldner an den Dritten leistet oder wenn zwischen dem Schuldner und dem Dritten ein Rechtsgeschäft vorgenommen oder ein Rechtsstreit anhängig wird, zugunsten des Schuldners die Vorschriften des § 407 dem früheren Erwerber gegenüber entsprechende Anwendung.
contratto a vita;Arbeitsvertrag auf Lebenszeit;Per ogni corso di laurea, il numero dei docenti provvisti di contratto a vita è molto limitato.;Nike Wagner hat sich gegen einen dynastischen Anspruch der Familie Wagner auf die Leitung der Bayreuther Festspiele ausgesprochen. [...] In diesem Herbst will sich der Stiftungsrat erneut mit der Nachfolge Wolfgang Wagners befassen, der einen Vertrag auf Lebenszeit hat. | Mit dem Landesarbeitsgericht ist auch davon auszugehen, dass bei einem echten Arbeitsvertrag auf Lebenszeit des Arbeitgebers, des Arbeitnehmers oder eines Dritten dem Arbeitnehmer das nicht [..] abdingbare Kündigungsrecht [...] verbleibt, während dieses Kündigungsrecht für den Arbeitgeber nicht gilt.
accettazione dell'opera;Übernahme der Werk;La consegna è un'obbligazione accessoria che nasce in seguito all'accetazione dell'opera [...].;
offerta reale;Realoblation;Quando l'offerta reale e il deposito sono validi, le spese occorse sono a carico del creditore.;"Auch der Gläubiger eines Schuldverhältnisses kann - wie der Schuldner (Schuldnerverzug) - in Verzug geraten, wenn er die ihm ordnungsgemäß angebotene Leistung nicht annimmt (§§ 293 ff. BGB). Voraussetzung ist, dass die Leistung dem Schuldner nicht unmöglich ist (Unmöglichkeit der Leistung) und dem Gläubiger so angeboten wird, wie sie tatsächlich zu bewirken ist (§ 294 BGB, Leistungsort; sog. Realangebot). Ein wörtliches Angebot (Verbalangebot) genügt nur, wenn der Gläubiger bereits erklärt hat, er werde die Leistung nicht annehmen (z. B. Freistellung nach der Kündigung eines Arbeitsverhältnisses) oder wenn die Mitwirkung des Gläubigers erforderlich ist, z. B. der Gläubiger die Sachen abzuholen hat (Holschuld, § 295 BGB). Ist hierfür eine Zeit nach dem Kalender bestimmt, so bedarf es auch des wörtlichen Angebots nur, wenn der Gläubiger die Handlung rechtzeitig vornimmt (§ 296 BGB)."
interprete;Dolmetscher;L'interprete, prima di esercitare le sue funzioni, deve prestare giuramento davanti al giudice.;Wird unter Beteiligung von Personen verhandelt, die der deutschen Sprache nicht mächtig sind, so ist ein Dolmetscher zuzuziehen.
Costituzione;Verfassung;La sovranità appartiene al popolo, che la esercita nelle forme e nei limiti della Costituzione.;
anzianità assoluta;ADA;L'anzianità assoluta decorre dalla data di conferimento della qualifica di aspirante ufficiale.;"Das allgemeine Dienstalter eines Richters bestimmt sich nach dem Tag, an dem ihm sein Richteramt übertragen worden ist. Hat der Richter zuvor ein anderes Richteramt oder ein sonstiges Amt mit mindestens dem gleichen Anfangsgrundgehalt bekleidet, so bestimmt sich das allgemeine Dienstalter nach dem Tag der Übertragung dieses Amtes. | Der Berechnung des höheren Allgemeinen Dienstalters (ADA) der Mitbewerberin K. legte die Beklagte eine Regelung aus einer internen Beförderungsrichtlinie vom 24. Januar 1964 zugrunde: ""Beginn des ADA mit der ersten Verleihung eines Amtes (Anstellung) bzw. mit der Verleihung eines Beförderungsamtes."""
armatore;Reeder;L'armatore nomina il comandante della nave [...] e può in ogni momento dispensarlo dal comando.;Reeder sind die Eigentümer von Seeschiffen. Seeleute sind Kapitäne und Besatzungsmitglieder von Seeschiffen.
garanzia per l'evizione;Gewähleistung der veräussert Recht;La garanzia per evizione può essere aumentata, diminuita o anche del tutto esclusa dalle parti.;
destinazione economica;wirtschaftlich Zweckbestimmung;L'usufruttuario ha diritto di godere della cosa, ma deve rispettarne la destinazione economica.;Der Nießbraucher hat di bisherige wirtschaftliche Bestimmung der Sache aufrechtzuhalten [...].
giratario;Indossatar;La girata deve essere datata e sottoscritta dal girante e contenere l'indicazione del giratario.;
affidamento preadottivo;Überlassung zu adoptionsvorbereitend Betreuung;Il tribunale per i minorenni [...] dispone l'affidamento preadottivo e ne determina le modalità.;Die Durchführung einer Adoptionspflege ist nicht zwingende Voraussetzung der Annahme, ihr Fehlen nicht Aufhebungs- oder Nichtigkeitsgrund. | Pflegezeit vor der Adoption ist freilich nicht Probezeit mit Gewähr der Adoption nach bestandener Probe.
autorità giudiziaria;Justizbehörde;L'autorità giudiziaria può trasmettere copie di atti e di documenti anche di propria iniziativa.;Gerichte, Staatsanwaltschaften und andere Justizbehörden erhalten Akteneinsicht, wenn dies für Zwecke der Rechtspflege erforderlich ist.
autista;Fahrer;La nomina ad autista in prova è [...] subordinata all'esito favorevole di un esame psicotecnico.;Fahrzeuge der Klasse N1 mit einer zulässigen Gesamtmasse von nicht mehr als zwei Tonnen und Fahrzeuge der Klasse M1 müssen fahrbereit sein, d. h. mit Kühlflüssigkeit, Schmiermitteln, Kraftstoff, Werkzeug und Ersatzrad versehen sowie mit dem Fahrer besetzt sein.
mappa catastale;Katastralmappe;In mancanza di altri elementi, il giudice si attiene al confine delineato dalle mappe catastali.;Katasterpläne sind amtliche Lagepläne und für Bauherren und Planer unerlässlich.
riproduzione fonografica;Tonbandaufzeichnung;Quando il verbale è redatto in forma riassuntiva è effettuata anche la riproduzione fonografica.;Allenfalls zur Gedächtnisunterstützung einer Beweisperson dürfen Tonbandaufnahmen im Rahmen der freilich ihrerseits umstrittenen Vorhaltspraxis der Rechtsprechung [...] herangezogen werden. | Gänzlich zu verwerfen ist die Ansicht, der Inhalt einer solchen Aufnahme werde durch Bestätigung zum Bestandteil einer Zeugenaussage [...].
provento;Ertrag;Sono entrate dell'azienda [...] ogni [...] provento o introito connesso alla gestione aziendale.;Einnahmen bezeichnen eine Erhöhung des Geldvermögens. Das Geldvermögen setzt sich aus dem Zahlungsmittelbestand (Kasse und Sichteinlagen bzw. Bankguthaben) sowie den Geldforderungen abzüglich der Geldverbindlichkeiten zusammen. Eine Einnahme ist z.B., wenn eine Ware bar verkauft wird (das wäre gleichzeitig eine Einzahlung) oder auf Rechnung verkauft wird (die in Geld zu begleichenden Forderungen gegenüber den Kunden nehmen zu).
filiazione legittima;ehelich Abstammung;La filiazione legittima si prova con l'atto di nascita iscritto nei registri dello stato civile.;"Das von einer Ehefrau geborene Kind stammt nicht von ihrem Ehemann, sondern von ihrem Liebhaber; aber die eheliche Abstammung wird nicht angefochten."
atto di nascita;Geburtsurkunde;La filiazione legittima si prova con l'atto di nascita iscritto nei registri dello stato civile.;Geburtsname ist der Name, der in die Geburtsurkunde eines Ehegatten zum Zeitpunkt der Erklärung gegenüber dem Standesbeamten einzutragen ist.
giudice collegiale;Kollegialgericht;La sentenza emessa dal giudice collegiale è sottoscritta dal presidente e dal giudice estensore.;"Bei Kollegialgerichten ist der Vorsitzende der ""Richter"" i. S. v. § 126 Abs. 2 Satz 3 StPO."
notorietà;Allgemeinkundigkeit;La reintegrazione deve ordinarsi dal giudice sulla semplice notorietà del fatto senza dilazione.;Die Feststellung der Allgemeinkundigkeit bzw. Offenkundigkeit des Gefahrwissens ist keine Beweiserhebung, weswegen Offenkundigkeit also solche, bzw. ihr Fehlen nicht Gegenstand eines Beweisantrittes sein kann. Das unter Beweis gestellte Vorbringen kann nur dazu dienen, die Überzeugung des Gerichts von der Offenkundigkeit zu erschüttern.
azione nominativa;Namensaktie;L'atto costitutivo può sottoporre a particolari condizioni l'alienazione delle azioni nominative.;Die Aktienurkunden lauten entweder auf den Namen - Namensaktien - oder auf den Inhaber - Inhaberaktien.
bene economico;Wirtschaftsgut;La proprietà è pubblica o privata. I beni economici appartengono allo Stato, ad enti o a privati.;Im Gegensatz freien Gütern unterliegen ökonomische Güter der Knappheit. Nur letztere sind Gegenstand des wirtschaftlichen Handelns von Menschen, wie es die Mikroökonomik untersucht. | Im Gegensatz zu freien Gütern unterliegen ökonomische bzw. wirtschaftliche Güter der Knappheit (knappes Gut). | Steht ein Wirtschaftsgut mehreren Personen zu, so ist sein Wert im ganzen zu ermitteln. Der Wert ist auf die Beteiligten nach dem Verhältnis ihrer Anteile zu verteilen, soweit nicht nach dem maßgebenden Steuergesetz die Gemeinschaft selbständig steuerpflichtig ist.
registro di matrimonio;Heiratsbuch;I registri dello stato civile sono quattro: di cittadinanza, di nascita, di matrimonio, di morte.;Das Standesamt führt für seinen Zuständigkeitsbereich [...] ein Eheregister [...].
qualifica funzionale;Funktionsebene;L'indennità è commisurata allo stipendio iniziale mensile dell'ottava qualifica funzionale [...].;Der Anteil der Beamtinnen und Beamten einer Besoldungsgruppe oder einer Funktionsebene, die beurteilt werden, soll bei der höchsten Note zehn Prozent und bei der zweithöchsten Note zwanzig Prozent nicht überschreiten.
azione edilizia;Klage der Käufer;L'esercizio delle azioni edilizie è sottoposto a termini rigorosi di decadenza e di prescrizione.;
capo;Rädelsführer;I capi o i sovventori della banda armata soggiacciono alla stessa pena stabilita per i promotori.;
procedimento;Verfahren;Il difetto di giurisdizione è rilevato, anche di ufficio, in ogni stato e grado del procedimento.;"Eine Vereinbarung, die die Ehegatten während eines Verfahrens, das auf die Auflösung der Ehe gerichtet ist, für den Fall der Auflösung der Ehe über den Ausgleich des Zugewinns treffen, bedarf der notariellen Beurkundung; […]."
contratto di divisione;Auseinandersetzungsvertrag;Se il contratto di divisione riguarda beni immobili, é richiesta ad substantiam la forma scritta.;Wie die Auseinadersetzung im einzelnen durchgeführt werden soll wird [...] durch die Miterben selbst bestimmt, indem sie einen Auseinandersetzungsvertrag schließen.
assegno sbarrato;gekreuzt Scheck;Un banchiere non può acquistare un assegno sbarrato che da un suo cliente o da un altro banchiere.;Ein allgemein gekreuzter Scheck darf vom Bezogenen nur an einen Bankier oder an einen Kunden des Bezogenen bezahlt werden.
obbligazione di custodire;Verwahrungspflicht;L'obbligazione di consegnare una cosa determinata include quella di custodirla fino alla consegna.;Kein Verwahrungsvertrag ist dann gegeben, wenn im Rahmen eines anderen Rechtsverhältnisses als Nebenpflicht eine Verwahrungspflicht besteht (zum Beispiel des Anwalts, der von dem Mandanten Urkunden ausgehändigt bekommen hat).
condizionato;bedingt;L'uso della giubba, del cappotto e dell'impermeabile è condizionato dall'andamento delle stagioni.;Die Eintragung einer Vormerkung ist auch zur Sicherung eines künftigen oder eines bedingten Anspruchs zulässig.
revoca del testamento;Widerruf ein Testament;"Tradizionalmente si distinguono tre modalità di revoca del testamento: Espressa; Tacita; Presunta.";
presunzione legale;Rechtsvermutung;Le presunzioni legali dispensano da qualunque prova coloro a favore dei quali esse sono stabilite.;
misura alternativa alla detenzione;gelinder Mittel;La sospensione non opera quando la pena è espiata in regime di misure alternative alla detenzione.;
beneficiario;Empfänger;La rendita vitalizia può costituirsi per la durata della vita del beneficiario o di altra persona.;Ist kein Begünstigter bezeichnet, so ist die Entschädigung vom Träger der Aufgabe zu leisten.
coniugi;Eheleute;Il matrimonio si scioglie con la morte di uno dei coniugi e negli altri casi previsti dalla legge.;Beide Ehegatten sind berechtigt, erwerbstätig zu sein [...]. | Ein Mietverhältnis über Wohnraum, den Eheleute gemeinschaftlich gemietet haben und in dem sie den gemeinsamen Hausstand führen, wird beim Tode eines Ehegatten mit dem überlebenden Ehegatten fortgesetzt [...].
linea di confine;Grenzlinie;Gli alberi sorgenti sulla linea di confine si presumono comuni, salvo titolo o prova in contrario.;Der Regellichtraum setzt sich zusammen aus dem von der jeweiligen Grenzlinie umschlossenen Raum und zusätzlichen Räumen für bauliche und betriebliche Zwecke.
risultato del lavoro;Arbeitsergebnis;Il risultato del lavoro può essere preso in considerazione, secondo varie tecniche di misurazione.;Ist das Arbeitsergebnis eine neue bewegliche Sache, die der Arbeitnehmer durch Verarbeitung oder Umbildung von Halb- oder Fertigprodukten herstellt, gilt der Arbeitgeber als Hersteller und wird damit Eigentümer.
interdizione da una professione o da un'arte;Verbot der Ausübung ein Beruf oder ein Gewerbe;L'interdizione da una professione o da un'arte non può avere una durata inferiore a un mese [...].;
decadenza;Verfall;Nei casi più gravi può essere disposta anche la decadenza dall'autorizzazione della scuola di sci.;Das öffentliche Interesse an der Rücknahme eines VA (Verwaltungsaktes) besteht darin, einen gesetzmäßigen Zustand wiederherzustellen und für eine zweckentsprechende Mittelverwendung zu sorgen.
condizione sospensiva;suspensiv Bedingung;In pendenza della condizione sospensiva l'acquirente di un diritto può compiere atti conservativi.;Wird ein Rechtsgeschäft unter einer aufschiebenden Bedingung vorgenommen, so tritt die von der Bedingung abhängig gemachte Wirkung mit dem Eintritte der Bedingung ein. | Innerhalb der Bedingung unterscheidet § 158 BGB zwischen der aufschiebenden (suspensiven) Bedingung und der auflösenden (resolutiven) Bedingung.
violenza;Gewalt;La violenza può esercitarsi sulle persone (violenza personale) oppure sulle cose (violenza reale).;
commercio al minuto;Einzelhandel;È vietato esercitare il commercio al minuto in base ad autorizzazioni diverse nello stesso locale.;Empfehlungen über Ladenöffnungszeiten nach § 38 Abs. 2 Nr. 1 des Gesetzes gegen Wettbewerbsbeschränkungen sind auch unter Einbeziehung der Großbetriebsformen des Einzelhandels zulässig.
ipoteca;Grundpfandverschreibung;L'ipoteca deve essere iscritta su beni specialmente indicati e per una somma determinata in danaro.;Die Verjährung eines Anspruchs, für den eine Hypothek, eine Schiffshypothek oder ein Pfandrecht besteht, hindert den Gläubiger nicht, seine Befriedigung aus dem belasteten Gegenstand zu suchen.
attività di intermediazione assicurativa e riassicurativa;Maklertätigkeit;L’attività di intermediazione assicurativa e riassicurativa è riservata agli iscritti nel registro.;
factor;Factor;Non necessariamente i crediti affidati in amministrazione al factor gli devono essere ceduti [...].;Da der Factor [...] wirtschaftlich gesehen die Forderungen seines Kunden bevorschußt, hat das Factoring Finanzierungsfunktion.
custodia cautelare in luogo di cura;vorläufig Anhaltung in ein Anstalt für geistig abnorm Rechtsbrecher;La custodia in luogo di cura differisce dagli analoghi arresti domiciliari in luogo di cura, [...].;Nur Richter dürfen Haftbefehle erlassen, [...], zur Beobachtung oder einstweiligen Unterbringung in ein psychiatrisches Krankenhaus einweisen, [...], oder ein vorläufiges Berufsverbot verhängen [...].
giudice del registro;Registergericht;[Il richiedente] può ricorrere entro otto giorni al giudice del registro, che provvede con decreto.;Sind Willenserklärungen beurkundet worden, die beim Grundbuchamt oder Registergericht einzureichen sind, so soll der Notar dies veranlassen, sobald die Urkunde eingereicht werden kann [...].
far valere in giudizio;gerichtlich Geltendmachung;Chi vuol far valere un diritto in giudizio deve provare i fatti che ne costituiscono il fondamento.;
grembiule antitaglio;Schnittschutzschürze;I grembiuli antitaglio sono da indossare durante i lavori di disossatura, scuoiatura e squartatura.;
coercizione fisica;körperlich wirkend Zwang;La coercizione fisica [...] si effettua con l'uso di fasce di contenzione ai polsi e alle caviglie.;Gewalt ist jede körperliche Tätigkeit, durch die körperlich wirkender Zwang ausgeübt wird, um geleisteten oder erwarteten Widerstand zu überwinden.
nazione italiana;italienisch Nation;Chiunque pubblicamente vilipende la nazione italiana e' punito con la reclusione da uno a tre anni.;"Anerkannte Minderheiten sind nur Sprachminderheiten; dies ist auf die italienische Verfassungstradition zurückzuführen, die den Begriff der Volksgruppen scheut und sich auf die französisch geprägte Staatsbürgerschaft stützt. Die italienische Nation ist daher im Sinne des Demos und nicht des Ethnos zu verstehen."
difetto di forma;Formmangel;Il possesso di stato, conforme all'atto di celebrazione del matrimonio, sana ogni difetto di forma.;
testamento olografo;privatschriftlich Testament;Il testamento olografo deve essere scritto per intero, datato e sottoscritto di mano del testatore.;Die Zulässigkeit des eigenhändigen Testaments (auch privatschriftliches Testament im Gegensatz zum öffentlichen Testament genannt) erleichtert es dem Erblasser, von der Testierfreiheit Gebrauch zu machen.
licenziamento;Kündigung;Il licenziamento intimato senza l'osservanza delle disposizioni di cui ai commi 1 e 2 è inefficace.;"Die Entlassung ist für den beantragten Zeitpunkt auszusprechen; sie kann jedoch so lange hinausgeschoben werden, bis der Beamte seine Amtsgeschäfte ordnungsgemäß erledigt hat, längstens drei Monate. | Die Kündigung des Arbeitsverhältnisses gegenüber einem Arbeitnehmer, dessen Arbeitsverhältnis in demselben Betrieb oder Unternehmen ohne Unterbrechung länger als sechs Monate bestanden hat, ist rechtsunwirksam, wenn sie sozial ungerechtfertigt ist."
eccezioni personali;an der Person gebunden Einwendung;Uno dei debitori in solido non può opporre al creditore le eccezioni personali agli altri debitori.;Bei einer Klage, die wegen einer Gesellschaftsschuld sowohl gegen die Gesellschaft als auch gegen den persönlich haftenden Gesellschafter gerichtet ist, besteht zwischen den Beklagten auch dann keine notwendige Streitgenossenschaft, wenn der Gesellschafter sich nicht lediglich mit in seiner Person begründeten Einwendungen verteidigt.
alimentato;Unterhaltsempfänger;Gli alimenti possono pure essere ridotti per la condotta disordinata o riprovevole dell'alimentato.;Nach § 22 Nr. 1a EStG [Einkommensteuergesetz] hat der Unterhaltsempfänger Einkünfte aus Unterhaltsleistungen zu versteuern, soweit sie nach § 10 Abs. 1 Nr. 1 EStG vom Geber abgezogen werden können.
giratario in garanzia;Pfandindossatar;Il giratario in garanzia non può trasmettere ad altri il titolo se non mediante girata per procura.;
prestazione di servizi;Leistung der Dienst;[L']appalto può avere ad oggetto, oltre che l'esecuzione di opere, la prestazione di servizi [...].;Gegenstand des Werkvertrags kann sowohl die Herstellung oder Veränderung einer Sache als ein anderer durch Arbeit oder Dienstleistung herbeizuführender Erfolg sein.
mancanza della causa;Rechtsgrundlosigkeit;La mancanza della causa comporta anch'essa secondo l'art. 1418 cod. civ., la nullità del contratto.;
termine di resa;Übergabefrist;Il termine di resa, quando sono indicati più termini parziali, è determinato dalla somma di questi.;Der Frachtführer ist verpflichtet, das Gut innerhalb der vereinbarten, sonst der nach den Umständen vernünftigerweise zuzubilligenden Lieferfrist abzuliefern (§ 423 HGB).
cooperativa sociale;Sozialgenossenschaft;"La denominazione  sociale, comunque  formata, deve contenere l'indicazione di ""cooperativa sociale"".";Sozialgenossenschaften bieten auf unterschiedliche Art und Weise die Möglichkeit, sich auf solidarischer Basis gegenseitig zu  unterstützen.
principio del contraddittorio;Grundsatz der beiderseitig rechtlich Gehör;Il principio del contraddittorio comporta la partecipazione delle parti alla formazione della prova.;
lettera di vettura;Frachtbrief;Se dal mittente è stata rilasciata una lettera di vettura, il vettore deve esibirla al destinatario.;Der von beiden Parteien unterzeichnete Frachtbrief dient bis zum Beweis des Gegenteils als Nachweis für Abschluß und Inhalt des Frachtvertrages sowie für die Übernahme des Gutes durch den Frachtführer.
appello nominale;Namensaufruf;Ciascuna Camera accorda o revoca la fiducia mediante mozione motivata e votata per appello nominale.;An jedem Sitzungstag wird eine Anwesenheitsliste ausgelegt.[...] Die Eintragung in die Anwesenheitsliste wird vom Zeitpunkt der Auslegung an ersetzt durch Amtieren als Präsident oder als Schriftführer, durch protokollierte Wortmeldung in einer Sitzung des Bundestages, durch Teilnahme an einer namentlichen Abstimmung oder einer Wahl mit Namensaufruf [...].
autografia;Eigenhändigkeit;Il testamento è nullo quando manca l'autografia o la sottoscrizione nel caso di testamento olografo.;Ist Eigenhändigkeit gewahrt, kommt es nicht mehr auf die äußere Form des Schreibens, das Material, Schreibmittel, die verwendete Schrift an [...].
affine;Verschwägerter;Nella linea e nel grado in cui taluno è parente d'uno dei coniugi, egli è affine dell'altro coniuge.;Das Vormundschaftsgericht soll bei der Auswahl des Vormunds Verwandte oder Verschwägerte des Mündels hören [...].
seggio elettorale;Wahlbehörde;Ogni seggio elettorale è composto da tre scrutatori di cui uno con funzioni di presidente di seggio.;Die Beisitzer des Wahlvorstandes sollen möglichst aus den Wahlberechtigten der Gemeinde, nach Möglichkeit aus den Wahlberechtigten des Wahlbezirks berufen werden.
sottoscrizione delle azioni;Zeichnung von Aktie;Le sottoscrizioni delle azioni devono risultare da atto pubblico o da scrittura privata autenticata.;"Die Übernahme der Aktien bedarf ebenfalls der notariellen Beurkundung; sie erfolgt zusammen mit der Feststellung der Satzung [...]."
mutuante;Darleiher;Salvo diversa volontà delle parti, il mutuatario deve corrispondere gli interessi al mutuante [...].;
atto di ultima volontà;letztwillig Verfügung;L'enfiteuta può disporre del proprio diritto, sia per atto tra vivi, sia per atto di ultima volontà.;Eine letztwillige Verfügung kann angefochten werden, wenn der Erblasser einen zur Zeit des Erbfalls vorhandenen Pflichtteilsberechtigten übergangen hat [...].
sentenza di rito;Prozessurteil;La sentenza di rito [...], risolvendo una questione procedurale, spiega i suoi effetti nel processo.;Ein Prozeßurteil [...] stellt lediglich das Bestehen eines Prozeßhindernisses fest, dessen Art sich aus den Urteilsgründen ergibt.
azione di nullità;Nichtigkeitsklage;L'azione di nullità non può essere promossa dal pubblico ministero dopo la morte di uno dei coniugi.;
otoprotettore;Gehörschützer;Gli otoprotettori da utilizzare possono essere tappi o inserti auricolari, cuffie protettive, caschi.;Bei Personen mit besonders empfindlichem Gehör sind lärmbedingte Hörverluste schon unterhalb von 85 dB(A) nicht ausgeschlossen. Deshalb soll auf die Benutzung der bereitgestellten Gehörschützer schon ab Überschreitung der unteren Auslöswerte hingewirkt werden.
forma di governo;Regierungsform;Le principali forme di governo storicamente affermatesi sono quella monarchica e quella repubblicana.;Durch die Artikel 20 und 79III GG [Grundgesetz] wird die Staatsform - und die Regierungsform Deutschlands unabänderlich festgelegt.
indegno a succedere;Erbunwürdiger;L'indegno è obbligato a restituire i frutti che gli sono pervenuti dopo l'apertura della successione.;Die Erbschaft fällt demjenigen an, welcher berufen sein würde, wenn der Erbunwürdige zur Zeit des Erbfalls nicht gelebt hätte [...].
cedente;Zedent;Il cedente deve consegnare al cessionario i documenti probatori del credito che sono in suo possesso.;
abuso di informazioni privilegiate;Missbrauch von Insiderinformation;Gli abusi di mercato comprendono l'abuso di informazioni privilegiate e la manipolazione del mercato.;Die Börsenaufsichtsbehörden werden im Wege der Organleihe für die Bundesanstalt bei der Durchführung von eilbedürftigen Maßnahmen im Rahmen der Überwachung der Verbote von Insidergeschäften nach § 14 [WpHG] und des Verbots der Marktmanipulation nach § 20a [WpHG] an den ihrer Aufsicht unterliegenden Börsen tätig.
liquidazione delle spese;Kostenfestzsetzung;La liquidazione delle spese del procedimento comprende: a) gli onorari e le spese dell'arbitro [...].;Zuständig zur Kostenfestsetzung ist gemäß § 104 ZPO der Rechtspfleger des Gerichts des ersten Rechtszuges, auch für die in den höheren Instanzen entstandenen Kosten.
incendio di cosa altrui;Brandstiftung an ein fremd Sache;Il dolo consiste nella volontà di appiccare il fuoco, con l'intenzione di danneggiare la cosa altrui.;Gemäß § 306 f III wird bestraft, wer fahrlässig entweder fremde Sachen i.S.d. § 306 f I konkret gefährdet oder wer eigene Sachen konkret gefährdet und dadurch gleichzeitig auch einen anderen Menschen oder wertvolle fremde Sachen in Gefahr bringt.
società apparente;Scheingesellschaft;La società apparente, dunque, viene posta sullo stesso piano della società effettivamente costituita.;Wird der Anschein erweckt, es bestehe eine Handelsgesellschaft, obwohl sie in Wirklichkeit nicht besteht, so werden gutgläubige Dritte, die mit der Gesellschaft in Rechtsverkehr treten, dadurch geschützt, daß die Gesellschafter der Scheingesellschaft sich so behandeln lassen müssen, als bestünde die Gesellschaft wirklich.
piccolo imprenditore;Kleinunternehmer;Non sono soggetti all'obbligo dell'iscrizione nel registro delle imprese i piccoli imprenditori [...].;Zur geschäftsmäßigen Hilfeleistung in Steuersachen sind [...] befugt: [...] Speditionsunternehmen, [...] sonstige gewerbliche Unternehmen, [...] die [...] genannten Unternehmen, soweit sie für Unternehmer [...] Hilfe in Steuersachen [...] leisten und im Geltungsbereich dieses Gesetzes ansässig sind, nicht Kleinunternehmer [...] und nicht von der Fiskalvertretung [...] ausgeschlossen sind [...].
mandato congiuntivo;Auftrag an mehrere beauftragter zu gemeinsam Geschäftsbesorgung;Il mandato congiuntivo genera la responsabilità solidale di tutti i mandatari verso il mandante [...].;
litisconsorte;Streitgenosse;Il presunto padre, la madre ed il figlio sono litisconsorti necessari nel giudizio di disconoscimento.;Mehrere Personen können als Streitgenossen gemeinschaftlich klagen oder verklagt werden, wenn sie hinsichtlich des Streitgegenstandes in Rechtsgemeinschaft stehen oder wenn sie aus demselben tatsächlichen und rechtlichen Grund berechtigt oder verpflichtet sind.
obbligo dei conferimenti;Pflicht zu Leistung der Einlage;I soci non sono liberati dall'obbligo dei conferimenti fino a quando non sono soddisfatti i creditori.;Der Aktionär hat im allgemeinen nur eine einzige primäre Pflicht, nämlich die Pflicht zur Leistung der übernommen Einlage [...].
scritture contabili;Geschäftsbücher;Gli amministratori devono tenere i libri e le altre scritture contabili prescritti dall'articolo 2214.;Die zuständigen Behörden der Mitgliedstaaten treffen die erforderlichen Maßnahmen zur Anwendung dieses Titels, insbesondere der Bestimmungen über die Zusammenstellung der statistischen Angaben und der Rechnungsunterlagen. | Die Handelsbücher und die sonst erforderlichen Aufzeichnungen können auch in der geordneten Ablage von Belegen bestehen oder auf Datenträgern geführt werden [...]. | Trotz ihres Auskunftsverweigerungsrechts sind die Angehörigen der steuerberatenden Berufe verpflichtet, alle Urkunden und Wertsachen, insbesondere Geschäftsbücher und sonstige Aufzeichnungen, die sie für den Steuerpflichtigen aufbewahren oder führen, auf Verlangen der Finanzbehörde unter den gleichen Voraussetzungen vorzulegen wie der Steuerpflichtige selbst.
aerosol;Aerosol;I fumi sono formati da piccolissime particelle solide (aerosol), liquide (nebbie o vapori condensati).;Am Arbeitsplatz können Stäube, Rauche oder Nebel als Aerosole vorkommen.
tolleranza;Duldung;Gli atti compiuti con l'altrui tolleranza non possono servire di fondamento all'acquisto del possesso.;Die Verpflichtung zur Duldung des Notwegs tritt nicht ein, wenn die bisherige Verbindung des Grundstücks mit dem öffentlichen Weg durch eine willkürliche Handlung des Eigentümers aufgehoben wird.
testamento ordinario;ordentlich Testament;Le forme ordinarie di testamento sono il testamento olografo [...] e il testamento per atto di notaio.;Ein ordentliches Testament kann der Erblasser entweder eigenhändig oder als öffentliches Testament unter Mitwirkung eines Notars errichten.
litisconsorte necessario;notwendig Streitgenosse;Il presunto padre, la madre ed il figlio sono litisconsorti necessari nel giudizio di disconoscimento.;
falsificazione;Fälschung;Falsificazione di monete, spendita e introduzione nello Stato, previo concerto, di monete falsificate.;Vorbereitung der Fälschung von Geld und Wertzeichen.
manipolazione del mercato;Marktmanipulation;Il piano d'azione evidenzia l'esigenza di elaborare una direttiva contro la manipolazione del mercato.;Wurde bereits ein Verfahren wegen des Verdachts auf Marktmanipulation eingeleitet, so kann die Bundesanstalt für den Einzelfall bei besonderer Eilbedürftigkeit ohne die in § 9 [MaKonV] vorgesehene Beteiligung von Marktteilnehmern, anderen Behörden und zuständigen ausländischen Stellen nur nach Maßgabe des § 8 Abs. 1 [MaKonV] entscheiden.
falsificazione di monete;Geldfälschung;Falsificazione di monete, spendita e introduzione nello Stato, previo concerto, di monete falsificate.;Handelt der Täter gewerbsmäßig oder als Mitglied einer Bande, die sich zur fortgesetzten Begehung einer Geldfälschung verbunden hat, so ist die Strafe Freheitsstrafe nicht unter zwei Jahren.
padre presunto;vermutet Vater;Il padre presunto e la madre ed il figlio sono litisconsorti necessari nel giudizio di disconoscimento.;So kann z.B. der Scheinvater des Kindes, d.h. der Ehemann der Mutter, die das Kind im Ehebruch empfangen hat, die an das Kind gezahlten Unterhaltsbeiträge vom Erzeuger solange nicht ersetzt verlangen, als die Ehelichkeit noch nicht angefochten und die Nichtehelichkeit noch nicht rechtskräftig festgestellt ist. | Frühere Unterhaltsleistungen des vermeintlichen Vaters an das Kind entbehren des rechtlichen Grundes.
esecuzione provvisoria;vorläufig Vollstreckung;Il tempo dell'esecuzione provvisoria della misura di sicurezza è computato nella durata minima di essa.;"Das Gericht kann die Entscheidung für vorläufig vollstreckbar erklärten. Es kann die voräufige Vollstreckung von einer Sicherheitsleistung abhängigi machen; es kann auch dem Angeklagten gestatten, sie durch Sicherheitsleisutng abzuwenden."
avviso indicativo;nicht verbindlich Bekanntmachung;L'avviso indicativo annuale può essere utilizzato in luogo del bando ai fini dell'indizione della gara.;Veröffentlichen Auftraggeber eine regelmäßige nicht verbindliche Bekanntmachung in ihrem Beschafferprofil, so melden sie der Kommission auf elektronischem Weg die Veröffentlichung in ihrem Beschafferprofil.
designazione;Bestellung;La designazione può essere fatta per testamento, per atto pubblico o per scrittura privata autenticata.;Haben der Vater und die Mutter verschiedene Personen benannt, so gilt die Benennung durch den zuletzt verstorbenen Elternteil.
bonus/malus;BMS;Insieme al bonus/malus un ulteriore elemento che caratterizza la polizza R.C. auto è la franchigia[...];Die systematische Grundlage der deutschen Kraft-fahrzeugversicherung ist das sogenannte Bonus-Malus-System [...] | Kritiker sehen im Bonus-Malus eine Gefahr der Fahrerflucht. | [D]as BMS basiert auf der Erfahrung,dass der beste Prädiktor zukünftiger Unfälle die bisherigen Unfälle sind.
indagine;Ermittlung;[La polizia giudiziaria] svolge ogni indagine e attività disposta o delegata dall'autorità giudiziaria.;Erwägt die Staatsanwaltschaft, die öffentliche Klage zu erheben, so vermerkt sie den Abschluss der Ermittlungen.
impossessamento;Aneignung;L'impossessamento si verifica appena il ladro toglie al derubato la materiale disponibilità della cosa.;Das bloß eigenmächtige Verfügen ist nicht Zueignung, da Zueignungsabsicht fehlt, hieran fehlt es auch bei bloßer Preisgabe oder Zerstörung der Sache, es sei denn der Zueignungswille wäre zuvor betätigt worden.
esame;Prüfung;Qualora la persona risulti ancora pericolosa, il giudice fissa un nuovo termine per un esame ulteriore.;Die Fristen für die Dauer der Unterbringung und die Überprüfung richten sich nach den Vorschriften, die für die im Urteil angeordnete Unterbringung gelten.
segretezza della corrispondenza;Briefgeheimnis;La libertà e la segretezza della corrispondenza e di ogni altra forma di comunicazione sono inviolabili.;Das Briefgeheimnis sowie das Post- und Fernmeldegeheimnis sind unverletzlich.
abuso di foglio firmato in bianco;Blankettmissbrauch;Il codice distingue due figure di abuso di foglio firmato in bianco, delineandole negli artt. 486 e 487.;
concreditore;Mitgläubiger;L'obbligazione divisibile è quella che consente al singolo concreditore di richiedere solo la sua parte.;Nach allgemeinen schuldrechtlichen Grundsätzen sind mehrere aus einem Schuldverhältnis Berechtigte in der Regel Mitgläubiger im Sinne des § 432 Abs. 1 BGB (vgl. Palandt/Heinrichs, 60. Aufl., § 432, Rn. 1). Dies gilt nach der Kommentierung von Voelskow (in: Münchner Kommentar Band 3, 3. Aufl., §§ 535, 536, Rn. 12) auch für Mitmieter hinsichtlich der Ansprüche aus dem Mietverhältnis. Als Mitgläubiger können sie nach der ausdrücklichen Regelung in § 432 Abs. 1 BGB vom Schuldner nicht Leistung an sich allein, sondern nur an alle Berechtigten verlangen (vgl. Palandt/Heinrichs, 60. Aufl., § 432, Rn. 8).
riposo;Arbeitsruhe;"È ammessa la collocabilità del riposo di 24 ore consecutive ""in un giorno diverso dalla domenica"" [...].";Zweck des [Arbeitszeitg]esetzes ist es, [...] den Sonntag und die staatlich anerkannten Feiertage als Tage der Arbeitsruhe und der seelischen Erhebung der Arbeitnehmer zu schützen.
appalto a regia;Werkvertrag mit Regiepreis;"L'appaltatore è esonerato da responsabilità per errori di progettazione nel cosidetto ""appalto a regia"".";
valutazione della prova;Beweiswürdigung;Il giudice valuta la prova dando conto nella motivazione dei risultati acquisiti e dei criteri adottati.;Grundlage der Beweiswürdigung ist der gesamte Inhalt der Verhandlung, also nicht nur der Beweisaufnahme. Dazu gehören Handlungen und Unetrlassungen der Prozessbeteiligten, der persönliche Eindruck, den das Gericht von den Beteiligten gewonnen hat etc.
rapporto di discendenza;Abstammungsverhältnis;La filiazione, che è rapporto di discendenza, quindi di parentela, si configura come rapporto giuridico.;Während der Stamm das Abstammungsverhältnis von Stammeltern zu ihren Abkömmlingen erfasst (abwärts), ergreift die Linie das Verhältnis der Abkömmlinge zu ihren Vorfahren (aufwärts).
accordo;Übereinkunft;La competenza non può essere derogata per accordo delle parti, salvo che nei casi stabiliti dalla legge.;Kommt eine Einigung über die Höhe der Miete nicht zustande, kann der Vermieter eine angemessene Miete, im Zweifel die ortsübliche Vergleichsmiete, verlangen. | Die Eltern haben die elterliche Sorge in eigener Verantwortung und in gegenseitigem Einvernehmen zum Wohl des Kindes auszuüben. | Solange nicht die Parteien sich über alle Punkte eines Vertrags geeinigt haben, über die nach der Erklärung auch nur einer Partei eine Vereinbarung getroffen werden soll, ist im Zweifel der Vertrag nicht geschlossen. | Wird eine Willenserklärung, die einem anderen gegenüber abzugeben ist, mit dessen Einverständnis nur zum Schein abgegeben, so ist sie nichtig. | Beschlüsse des Deutschen Marktüberwachungsforums sollen im Konsens gefasst werden. | Gelten für eine Reiseleistung internationale Übereinkünfte oder auf solchen beruhende gesetzliche Vorschriften, nach denen ein Anspruch auf Schadensersatz gegen den Leistungserbringer nur unter bestimmten Voraussetzungen oder Beschränkungen entsteht oder geltend gemacht werden kann oder unter bestimmten Voraussetzungen ausgeschlossen ist, so kann sich auch der Reiseveranstalter gegenüber dem Reisenden hierauf berufen.
contraddittorio;Widerstreit;I provvedimenti sull'ammissione della prova possono essere revocati sentite le parti in contraddittorio.;Die Anhörung der Beteiligten ist ein wesentlicher Teil der Parteienöffentlichkeit des Verfahrens und stellt das wichtigste Recht der Beteiligten im Verfahren dar.
ordine del giorno;Tagesordnung;L'ordine del giorno trova esplicito rilievo normativo soprattutto in materia di società e di condominio.;Im Rahmen der Förmlichkeiten bei der abhaltung von Gesellscahfterversammlungen oder Sitzungen von Gesellscahftsgremien wie den Aufsichtsrat einer AG oder GmbH kann die vorherige Mitteilung und spätere Einhaltung einer Tagesordnung vorgesehen sein.
oggetto sociale;Unternehmensgegenstand;L'oggetto sociale deve essere possibile, lecito, determinato e deve consistere in un'attività economica.;Im einzelnen pflegt man zwischen Gesellschaftszweck und Gegenstand des Unternehmens zu unterscheiden.
confisca;Einziehung;È sempre ordinata la confisca del denaro esposto nel giuoco e degli arnesi od oggetti ad esso destinati.;
subprocura;Untervollmacht;In via generale non è ammissibile la subprocura, poiché la rappresentanza è un istituto intuitu personae.;"Der Unterbevollmächtigte hat den Vollmachtsnachweis also in der Weise zu führen, daß seine Vertretungsmacht bis auf die Partei zurückgeführt werden kann; er muß nicht nur die Untervollmacht nachweisen, sondern auch die Vertretungsmacht der Person, von der er die Untervollmacht ableitet."
fatto dannoso;schädigend Ereignis;Se il fatto dannoso è imputabile a più persone, tutte sono obbligate in solido al risarcimento del danno.;Wer das 18. Lebensjahr noch nicht vollendet hat, ist, sofern seine Verantwortlichkeit nicht [...] ausgeschlossen ist, für den Schaden, den er einem anderen zufügt, nicht verantwortlich, wenn er bei der Begehung der schädigenden Handlung nicht die zur Erkenntnis der Verantwortlichkeit erforderliche Einsicht hat. | Für Klagen, die auf Grund dieses Gesetzes [Straßenverkehrsgesetz] erhoben werden, ist auch das Gericht zuständig, in dessen Bezirk das schädigende Ereignis stattgefunden hat.
ineleggibilità;Ausschluss von der Wählbarkeit;La legge determina i casi di ineleggibilità e di incompatibilità con l'ufficio di deputato o di senatore.;Nur scheinbar in Gegensatz zur Allgemeinheit der Wahl steht die Ermächtigung des Art. 137 Abs. 1 GG, wonach die Wählbarkeit von Angehörigen des öffentlichen Dienstes u.a. zum Bundestag gesetzlich beschränkt werden kann. Entgegen dem Wortlaut soll diese Bestimmung nicht den Ausschluß der Wählbarkeit (Ineligibilität) rechtfertigen können, sondern lediglich Regelungen über die Unvereinbarkeit des erworbenen Mandats mit der gleichzeitigen Wahrnehmung von Ämtern der zweiten und dritten Gewalt.
convalida;Heilung;La convalida non ha effetto, se chi la esegue non è in condizione di concludere validamente il contratto.;Bestätigung des anfechtbaren Rechtsgeschäfts
pegno irregolare;unregelmäßig Pfand;È pegno irregolare, perchè il creditore non è tenuto a conservare e a restituire la stessa cosa ricevuta.;
serie vaccinale;Impfserie;La serie vaccinale o vaccini aggiuntivi verranno somministrati nel luogo di residenza/lunga permanenza[.];Die Leistungserbringer […] haben täglich folgende Angaben […] an das Robert Koch-Institut zu übermitteln: […] 7. Beginn oder Abschluss der Impfserie (Erst-, Folge- oder Auffrischimpfung), […].
girata per procura;Vollmachtsindossament;L'efficacia della girata per procura non cessa per la morte o per la sopravvenuta incapacità del girante.;
separazione di processi;Trennung von Strafsache;La riunione e la separazione di processi sono disposte con ordinanza, anche di ufficio, sentite le parti.;Aus Gründen der Zweckmäßigkeit kann durch Beschluß dieses Gerichts die Trennung der verbundenen Strafsachen angeordnet werden.
riunione di processi;Vereinigung von Verfahren;La riunione e la separazione di processi sono disposte con ordinanza, anche di ufficio, sentite le parti.;
obbligazione contrattuale;Vertragsverhältnis;Le obbligazioni contrattuali sono in ogni caso regolate dalla Convenzione di Roma del 19 giugno 1980 [..];Auf rechtsgeschäftlicher Grundlage beruhen vor allem solche Schuldverhältnisse, die durch Abschluß eines schuldrechtlichen Vertrags entstehen (Vertragsverhältnis).
conciliazione stragiudiziale;aussergerichtlich Streitbeilegung;La conciliazione stragiudiziale può formare oggetto di tentativo in sede amministrativa oppure sindacale.;
borsa valori;Wertpapierbörse;Dal 19-2-1996 nelle borse valori nazionali tutti i titoli di listino devono essere trattati per contanti.;An Börsen werden Waren und Wertpapiere, Devisen, u.a. Objekte gehandelt.
ex nunc;ex nunc;In caso di atti recettizi, gli effetti decorrono ex nunc dal momento della notificazione o comunicazione.;Verzichtet der Markeninhaber während eines laufenden Löschungsverfahrens wegen Nichtigkeit der Marke auf diese, wird das Löschungsverfahren durch das ex nunc wirkende Erlöschen der Marke nicht in vollem Umfang in der Hauptsache erledigt.
diritto di opposizione;Widerspruchsrecht;Il diritto di opposizione compete anche al coniuge della persona che vuole contrarre un altro matrimonio.;Durch Landesgesetze können die Rechtsträger des öffentlichen Dienstes umstrukturiert werden. Solche Gesetze können grundsätzlich auch vorsehen, dass die Arbeitsverhältnisse der in den umstrukturierten Bereichen Beschäftigten auf einen neuen Rechtsträger übergeleitet werden, ohne dass den Arbeitnehmern ein Recht zum Widerspruch gegen den Übergang ihres Arbeitsverhältnisses eingeräumt wird. Ein solches Widerspruchsrecht ergibt sich nicht aus dem Bürgerlichen Gesetzbuch, da es sich bei Umstrukturierungen kraft Gesetzes nicht um einen rechtsgeschäftlichen Betriebsübergang handelt.
assegnazione;Zuweisung;Per l’assegnazione e il rilascio degli alloggi per il personale si applica la procedura semplificata […].;Für einen alleinstehenden Antragsteller / eine alleinstehende Antragstellerin kann zusätzlicher Raumbedarf auch durch die Zuweisung einer 1 ½-Zimmer-Wohnung erfüllt werden.
polizza a tempo;laufend Schadensversicherung;"Nei trasporti sono in uso due tipi-base di forme contrattuali: [1.] Speciale ""a viaggio"", [2.] ""a tempo"".";Der Versicherungsnehmer ist verpflichtet, dem Versicherer sämtliche unter die laufende Versicherung fallende Transporte und Lagerungen einzeln mit Angabe des Versicherungswertes unverzüglich anzumelden.
figlio adottivo;Wahlkind;L'adottante deve gli alimenti al figlio adottivo con precedenza sui genitori legittimi o naturali di lui.;Als Voraussetzung für die Versicherung des Neugeborenen oder des Adoptivkindes kann eine Mindestversicherungsdauer des Elternteils vereinbart werden.
segretezza;Geheimhaltung;Gli atti e i documenti acquisiti sono custoditi secondo modalità tali da assicurarne la segretezza [...].;Die Mitglieder des Vertrauensgremiums sind zur Geheimhaltung aller Angelegenheiten verpflichtet, die ihnen bei ihrer Tätigkeit bekanntgeworden sind.
negozio efficace;gültig Rechtsgeschäft;[N]on necessariamente unnegozio efficace è anche valido. Validità ed efficacia non vanno confuse tra loro.;Geschäftsunfähige können keine wirksamen Rechtsgeschäfte vornehmen.
errore sulla natura del negozio;Irrtum über der Art der Rechtsgeschäft;[C]redevo di dare in locazione, e invece ho sottoscritto un contratto di vendita (error in negotio) [...].;
incompatibilità;Inkompatibilität;Decorsi quindici giorni dalla diffida, senza che l'incompatibilità cessi, il militare decade dall'impiego.;Beruht die Unvereinbarkeit lediglich auf der ausgeübten Funktion, so ist der Dienstherr verpflichtet, der Beamtin oder dem Beamten auf ihren oder seinen Antrag eine andere, gleichwertige Funktion zu übertragen.
acquisto;Erwerbung;L'acquisto si opera di diritto senza bisogno di accettazione [...] e non può farsi luogo a rinunzia [...].;Der Erwerb des Eigentums [...] tritt nicht ein, wenn die Sache dem Eigentümer gestohlen worden, verloren gegangen oder sonst abhanden gekommen war.
nuovo matrimonio;neu Ehe;Divenuta eseguibile la sentenza che dichiara la morte presunta, il coniuge può contrarre nuovo matrimonio.;Geht ein Ehegatte, nachdem der andere Ehegatte für tot erklärt wurde, eine neue Ehe ein, so kann [...] die neue Ehe nur dann [...] aufgehoben werden, wenn beide Ehegatten bei der Eheschließung wussten, dass der für tot erklärte Ehegatte im Zeitpunkt der Todeserklärung noch lebte.
memoria difensiva;Klageerwiderung;La costituzione del convenuto si effettua mediante deposito in cancelleria di una memoria difensiva [...].;In der Klageerwiderung hat der Beklagte seine Verteidigungsmittel vorzubringen, soweit es nach der Prozesslage einer sorgfältigen und auf Förderung des Verfahrens bedachten Prozessführung entspricht. Die Klageerwiderung soll ferner eine Äußerung dazu enthalten, ob einer Entscheidung der Sache durch den Einzelrichter Gründe entgegenstehen.
legge eccezionale;Ausnahmegesetz;Se si tratta di leggi eccezionali o temporanee, non si applicano le disposizioni dei capoversi presedenti.;
bene ammortizzabile;abschreibungsfähig Wirtschaftsgut;La differenza, per la parte attribuibile a beni ammortizzabili o all'avviamento, deve essere ammortizzata.;
legge ordinaria;einfach Gesetz;Il governo non può, senza delegazione delle Camere, emanare decreti che abbiano valore di legge ordinaria.;"Einschränkungen der Gesetze sind möglich [...]; eine Einschränkung des Freiheitsbereichs ist dann durch einfaches Gesetz möglich, solange das Gesetz nicht in seinem Wesensgehalt angetastet wird [...]."
obbligo di prestazioni accessorie;Nebenleistungspflicht;L'obbligo di prestazioni accessorie non ha carattere personale, ma è inerente alle azioni dal socio [...].;
volontà negoziale;Geschäftswille;La volontà negoziale deve essere tratta fuori dalle espressioni con le quali essa venne manifestata [...].;
legge temporanea;zeitlich beschränkt Gesetz;Se si tratta di leggi eccezionali o temporanee, non si applicano le disposizioni dei capoversi precedenti.;Auf Straftaten, die während seiner Geltungsdauer begangen worden sind, ist das Zeitgesetz auch dann anzuwenden, wenn es zur Zeit der Entscheidung nicht mehr in Kraft ist.
custodia cautelare in carcere;vorbeugend Verwahrungshaft in ein Strafanstalt;La custodia cautelare in carcere può essere disposta soltanto quando ogni altra misura risulti inadeguata.;"Unter den verfahrenssichernden Maßnahmen ist die Untersuchungshaft der einschneidendste Eingriff in die persönliche Freiheit; auf der anderen Seite ist sie für eine wirksame Strafrechtspflege in manchen Fällen unentbehrlich."
riconciliazione;Versöhnung;La riconciliazione tra i coniugi comporta l'abbandono della domanda di separazione personale già proposta.;Ein Zusammenleben über kürzere Zeit, das der Versöhnung der Ehegatten dienen soll, unterbricht oder hemmt die in § 1566 bestimmten Fristen nicht.
passivo;Passivstand;La divisione dei beni della comunione legale si effettua ripartendo in parti eguali l'attivo e il passivo.;
all'unanimità;einstimmig;Le disposizioni approvate all'unanimità dalla commissione sono deliberate dal Consiglio senza discussione.;Sind mehrere Liquidatoren vorhanden, so sind sie nur gemeinschaftlich zur Vertretung befugt und können Beschlüsse nur einstimmig fassen, sofern nicht ein anderes bestimmt ist.
avviamento;Unternehmungswert;La differenza, per la parte attribuibile a beni ammortizzabili o all'avviamento, deve essere ammortizzata.;Die Abschreibung des Geschäfts- oder Firmenwerts kann aber auch planmäßig auf die Geschäftsjahre verteilt werden, in denen er voraussichtlich genutzt werden kann.
pagamento;Zahlung;Il termine usato dal Codice, adempimento, corrisponde a quello che tradizionalmente si chiama il pagamento.;
delega di voto;Bevollmächtigung zu Ausübung der Stimmrecht;Un membro con delega di voto da parte di un altro membro deve esprimere detto voto nelle forme autorizzate.;
comparizione;Erscheinen;In caso di mancata comparizione dell'interessato per giustificati motivi, si provvede a nuova convocazione.;Die Termine werden an der Gerichtsstelle abgehalten, sofern nicht die Einnahme eines Augenscheins an Ort und Stelle, die Verhandlung mit einer am Erscheinen vor Gericht verhinderten Person oder eine sonstige Handlung erforderlich ist, die an der Gerichtsstelle nicht vorgenommen werden kann.
attraversamento pedonale semaforizzato;ampelgesichert Schutzweg;Gli attraversamenti pedonali semaforizzati possono essere dotati di segnalazioni acustiche per non vedenti.;Rechtsfehlerfrei hat das Berufungsgericht der Klägerin entgegen der Auffassung der Revision ferner als Mitverschulden auch angelastet, daß sie für die Überquerung der Straße nicht den Fußgängerüberweg an der ampelgeregelten Kreuzung benutzt hat. Gemäß § 25 Abs. 3 StVO müssen Fußgänger bei der Überquerung von Fahrbahnen ampelgeregelte Fußgängerüberwege an Kreuzungen benutzen, wenn die Verkehrslage dies erfordert. | Zwischen einer Kreuzung oder Einmündung und einem ampelgesicherten Fußgängerüberweg, der nach natürlicher Betrachtung noch zum Bereich der Kreuzung oder Einmündung gehört, dürfen Fußgänger die Fahrbahn nicht überqueren.
fusione eterogenea;Verschmelzung unterschiedlich Rechtsträger;Nella fusione eterogenea è senz'altro concesso al socio assente o dissenziente il diritto di recesso [...].;
obbligo dei soci;Pflicht der Gesellschafter;"Costituiscono obblighi dei soci: l'esecuzione dei conferimenti; l'esecuzio di prestazioni accessorie [...].";Wichtigste Pflicht der Gesellschafter ist die Treuepflicht gegenüber der Gesellschaft zu nennen, d.h. jeder Gesellschafter ist verpflichtet, sich stets loyal gegenüber der Gesellschaft zu verhalten, die gemeinsam vereinbarten Ziele und den Gesellschaftszweck zu fördern und jeglichen Schaden von der Gesellschaft abzuwenden. Aus der Treuepflicht der Gesellschafter ergibt sich in bestimmten Fällen auch ein Wettbewerbsverbot der Gesellschafter.
incapacità a contrattare;Unfähigkeit zu Abschluss von Vertrag;"[L']incapacità a contrattare di una delle parti, [...] può essere incapacità legale o solo naturale; [...].";
brevetto;Patent;Possono costituire oggetto di brevetto le nuove invenzioni atte ad avere una applicazione industriale [...].;Die durch den Patentinhaber bewirkte Einfuhr von Gegenständen, die in dem einen oder anderen Verbandsland hergestellt worden sind, in das Land, in dem das Patent erteilt worden ist, hat den Verfall des Patents nicht zur Folge.
engineer;Engineer;L'engineer può essere una persona fisica, una società, un'associazione temporanea di imprese o un consorzio.;
collazione per imputazione;Idealkollation;La collazione per imputazione si fa avuto riguardo al valore dell'immobile al tempo dell'aperta successione.;Bei der Teilung unter den beteiligten Abkömmlingen wird nach der dispositiven Vorschrift die Ausgleichung nur rechnerisch (Idealkollation) und nicht durch Rückgewähr der Zuwendungen in Natur (Realkollation).
sovventore;Unterstützer;La norma (CP art. 306, banda armata) - unico caso nel codice - prevede anche la figura del sovventore [...].;
crematorio;Anlage zu Feuerbestattung;I crematori devono essere costruiti entro i recinti dei cimiteri e sono soggetti alla vigilanza del sindaco.;Jede Leiche muss bestattet werden, und zwar durch Beisetzung in einer Grabstätte (Erdbestattung) oder durch Einäscherung in einer Feuerbestattungsanlage und Beisetzung der in einer festen Urne verschlossenen Aschenreste in einer Grabstätte (Feuerbestattung) oder durch Einäscherung in einer Feuerbestattungsanlage und Beisetzung der Urne von einem Schiff auf hoher See (Seebestattung).
discussione;Vortrag der Partei;Conclusi gli accertamenti relativi alla costituzione delle parti, il giudice dichiara aperta la discussione.;Vor der Entscheidung über die Beschwerde ist ihnen und der Staatsanwaltschaft Gelegenheit zur mündlichen Begründung ihrer Anträge sowie zur Erörterung über durchgeführte Ermittlungen zu geben.
rimproverabile;vorwerfbar;"""Nulla poena sine culpa"": nessuno può essere assoggettato a pena se il suo fatto non è a lui rimproverabile.";"Schließlich unterliegt das Notwehrrecht auch bei provozierten Notwehrlagen sozialethischen Einschränkungen. Zu unterscheiden sind insoweit die Absichtsprovokation und die sonst vorwerfbar
herbeigeführte Notwehrlage."
condizione impossibile;unmöglich Bedingung;"La condizione impossibile rende nullo il contratto se è sospensiva; se è risolutiva, si ha come non apposta.";
sovventore della banda armata;Unterstützer der bewaffnet Bande;La norma (CP art. 306, banda armata) - unico caso nel codice - prevede anche la figura del sovventore [...].;
ginocchiera;Knieschützer;Per lavorare in queste posizioni [con entrambi o un solo ginocchio appoggiato] è utile usare le ginocchiere.;Der Knieschutz soll so befestigt werden können, dass er während der üblichen Benutzung, z.B. knien, gehen, in seiner Position am Knie verbleibt. Befestigungen dürfen nicht im Bereich der Kniekehlen liegen.
presunzione semplice;tatsächlich Vermutung;La prova della decadenza per non uso può essere fornita con qualsiasi mezzo comprese le presunzioni semplici.;Die tatsächliche Vermutung ist nichts anderes als die Schlussfolgerung, die nach den Gesetzen der Logik aus dem ihr zu Grunde liegenden Erfahrungssatz abzuleiten ist. Den Gesetzen der Logik und dem Erfahrungswissen ist der Richter bei der Würdigung von Beweisen und der Feststellung von Tatsachen verpflichtet.
scala in appoggio scorrevole;verfahrbar Regalleiter;La scala scorrevole può essere provvista del corrimano quale accessorio migliorativo ai fini della sicurezza.;"Regalleitern [...] sind Anlegeleitern zur Beschickung/Entnahme von Ware (Kleiteilen etc.) aus Regalen, die am oberen Ende an Regalen eingehängt werden oder die am oberen Ende mit Fahrwerken (Rollen) auf Führungsschienen laufen. Für Regalleitern mit Fahrwerk ist auch die Bezeichnung ""Rollleiter"" gebräuchlich. | Regalleiter zum Verfahren (""verfahrbare Regalleitern"", auch ""Rollleitern"" genannt) sind am oberen Ende mit Fahrwerken (Rollen) ausgerüstet, welche auf am Regal angebrachten Führungsschienen laufen."
orario di lavoro;Arbeitszeit;L'orario di lavoro è [...] criterio fondamentale di commisurazione dell'obbligo retributivo del datore [...].;Bei Dienstreisen ist die Zeit zur Erledigung von Dienstgeschäften außerhalb der Dienststätte Arbeitszeit.
misura cautelare;Sicherungsmittel;Nessuno può essere sottoposto a misure cautelari se a suo carico non sussistono gravi indizi di colpevolezza.;"Bei einer differenzierten Aufgliederung der Zwangsmittel nach ihrer prozessualen Funktion (wobei ein Zwangsmittel häufig verschiedene Funktionen hat) lassen sich sechs verschiedene Zwecke unterscheiden [...]: Ermittlung, Sicherung der Beweise, Feststellung der Verfahrensvoraussetzungen, Sicherung der Durchführbarkeit des Verfahrens, Sicherung der Urteilsvollstreckung, Verhütung von Straftaten. | Die strafprozessualen Zwangsmaßnahmen dienen der Sicherung des Verfahrensziels und haben keinen Strafcharakter. Demgemäß ist der von ihnen Betroffene im Sinne einer strafrechtlichen Anschuldigung immer ein Unschuldiger. | Die vorbeugende Maßnahme der Sicherungshaft zum Schutz der Allgemeinheit vor weiteren erheblichen Straftaten besonders gefährlicher Täter erlaubt die Vorschrift [§112a StPO]; sie ist präventiv-polizeilicher Natur. | Der Verstoß gegen ambulante Verfahrenssicherungsmaßnahmen macht noch kein strafwürdiges Unrecht und keine rechtlich relevante Schuld aus. Auch ist noch niemanden eingefallen, etwa die Haftverschonungsweisungen [...] mit Strafe zu bewehren.[D]aß eine solche Zwangsvorschrift [die Sanktion der Untersuchungshaft] letztlich auch der Unschuldsvermutung zuwiederliefe, sei am Ende noch hinzugefügt: die verfahrenssichernden Maßnahmen erhielten mittelbar auch Strafcharakter."
indizio di colpevolezza;Tatverdacht;Nessuno può essere sottoposto a misure cautelari se a suo carico non sussistono gravi indizi di colpevolezza.;In dem Haftbefehl sind anzuführen [...] die Tatsachen, aus denen sich der dringende Tatverdacht und der Haftgrund ergibt, soweit nicht dadurch die Staatssicherheit gefährdet wird.
annullamento;Wirksamwerden der Kapitalherabsetzung;In mancanza, deve procedersi senza indugio al loro annullamento e alla corrispondente riduzione del capitale.;Kraftloserklärung von Aktien im Aufgebotsverfahren
debito ereditario;Erblasserschuld;Il curatore può provvedere al pagamento dei debiti ereditari e dei legati, previa autorizzazione del pretore.;Der Erbe hafte für die Nachlassverbindlichkeiten.
debitore ceduto;Drittschuldner;È prassi delle imprese di factoring di chiedere al debitore ceduto conferma dell'esistenza del credito [...].;Die Abtretung erfolgt durch Vertrag zwischen dem bisherigen und dem neuen Gläubiger. Eine Mitwirkung des Schuldners ist nicht erforderlich.
alea;Risiko;La risoluzione non può essere domandata se la sopravvenuta onerosità rientra nell'alea normale del contratto.;
avente diritto;Berechtigter;L'assemblea non può deliberare, se non consta che tutti gli aventi diritto sono stati regolarmente convocati.;Können die Eltern wegen einer schweren Krankheit, Schwerbehinderung oder Todes der Eltern ihr Kind nicht betreuen, haben Verwandte bis zum dritten Grad und ihre Ehegatten oder Ehegattinnen Anspruch auf Elterngeld, wenn sie die übrigen Voraussetzungen [...] erfüllen und von anderen Berechtigten Elterngeld nicht in Anspruch genommen wird.
compromesso;Schiedsabrede;Il compromesso deve, a pena di nullità, essere fatto per iscritto e determinare l'oggetto della controversia.;Eine Schiedsvereinbarung kann in Form einer selbständigen Vereinbarung (Schiedsabrede) oder in Form einer Klausel in einem Vertrag (Schiedsklausel) geschlossen werden.
incaricato;beauftragt Person;Gli incaricati a tempo indeterminato seguono la progressione economica del corrispondente personale di ruolo.;Dem Beauftragten obliegen die Aufstellung der Unterlagen für die Finanzplanung und der Unterlagen für den Entwurf des Haushaltsplans (Voranschläge) sowie die Ausführung des Haushaltsplans.
impianto delle pubbliche comunicazioni;für öffentlich Zweck bestimmt Fernmeldeanlage;Attentati alla sicurezza degli impianti di energia elettrica e del gas, ovvero delle pubbliche comunicazioni.;Wer den Betrieb einer öffentlichen Zwecken dienenden Telekommunikationsanlage verhindert oder gefährdet, daß er eine dem Betrieb dienende Sache zerstört, beschädigt, beseitigt [...] wird mit Freiheitsstrafe bis zu fünf Jahren oder mit Geldstrafe bestraft.
reato di danno;Verletzungsdelikt;"Nel reato di danno di lesioni, l'integrità fisica deve risultare lesionata; nell'omicidio, la vita distrutta.";Gehört der Eintritt eines Schadens zum Tatbestand, so spricht man demgegenüber von Verletzungsdelikten, wie zB bei Mord und Sachbeschädigung.
donazione mortis causa;Schenkung von Tod wegen;[L]a donazione a causa di morte [...] è da considerarsi nulla in quanto integra un patto successorio vietato.;
gravi indizi di colpevolezza;dringend Tatverdacht;Nessuno può essere sottoposto a misure cautelari se a suo carico non sussistono gravi indizi di colpevolezza.;Die Prognose, daß eine Verurteilung wahrscheinlich ist, verlangt der dringende Tatverdacht nicht.
sostituzione fedecommissaria;Nacherbschaft;L'istituito ha il godimento e la libera amministrazione dei beni che formano oggetto della sostituzione [...].;[D]er Erblasser kann [...] anordnen, daß die Verfügung bis zum Eintritt eines bestimmten Ereignisses in der Person eines Miterben oder, falls er eine Nacherbfolge oder ein Vermächtnis anordnet, bis zum Eintritte der Nacherbfolge oder bis zum Anfalle des Vermächtnisses gelten soll [...].
licenza;Kündigung;Quando l'affitto ha per oggetto un fondo rustico, la licenza deve essere data col preavviso di sei mesi [...].;Soweit das Mietverhältnis nicht befristet ist, endet es [...] durch Kündigung einer Vertragspartei.
esposizione dei fatti;Sachverhaltsdarstellung;La denuncia di danno contiene una precisa e documentata esposizione dei fatti e delle violazioni commesse […].;In der Regel kommt es nur in dem Umfang zu einer Beweisaufnahme, in dem eine unterschiedliche Sachverhaltsdarstellung zwischen Klägerseite und Beklagtenseite einen Unterschied für die Fallentscheidung macht.
indizio;Anzeichen;L'esistenza di un fatto non può essere desunta da indizi a meno che questi siano gravi, precisi e concordanti.;Der Indizien- oder Anzeichenbeweis ist ein Beweis, bei dem von einer mittelbar bedeutsamen Tatsache auf eine unmittelbar entscheidungserhebliche Tatsache geschlossen wird. Das Indiz kann durch persönliche oder sachliche Beweismittel festgestellt werden.
punto di accesso;Zugangspunkt zu passiv gebäudeintern Netzkomponente;[G]li operatori di rete hanno il diritto di installare la loro rete a proprie spese, fino al punto di accesso.;
libro dei soci;Mitgliedsbuch;Il trasferimento delle quote ha effetto di fronte alla società dal momento dell'iscrizione nel libro dei soci.;
nome immaginario;Phantasiename;A costituire il reato si è ritenuto sufficiente in giurisprudenza l'attribuzione di un nome anche immaginario.;[S]etzt sich das homöopathische Arzneimittel aus mehreren Ursubstanzen zusammen, kann die wissenschaftliche Bezeichnung in der Etikettierung durch einen Phantasienamen ersetzt werden.
premeditazione;Überlegung;Si applica la pena dell'ergastolo se il fatto preveduto dall'articolo 575 è commesso [...] con premeditazione.;Weder zulässig noch sinnvoll erscheint es auch, das 1941 abgeschaffte Merkmal der Überlegung [...] wieder zum - sei es auch nur kumulativen Abgrenzungsfaktor - zu machen.
bilinguismo;Zweisprachigkeit;Al personale non docente si applica la normativa vigente nella Provincia di Bolzano in materia di bilinguismo.;Zur Mitte des 20. Jahrhunderts erwuchs daraus in der Konsequenz der Übergang von der sorbischen Einsprachigkeit zur sorbisch-deutschen Zweisprachigkeit.
carico di incendio;Brandlast;"Il carico di incendio è espresso in MJ; convenzionalmente 1 MJ è assunto pari a 0,057 kg di legna equivalente.";
esame incrociato;Kreuzverhör;L'esame incrociato si articola nei tre momenti fondamentali dell'esame diretto, del controesame e del riesame.;Kreuzverhör: In der Praxis wird von der Möglichkeit dieser Art des Verhörs, die an den anglo-amerikanischen Strafprozeß anknüpft, so gut wie kein Gebrauch gemacht. [...] Ein informelles Kreuzverhör in der Weise, daß der Vorsitzende unmittelbar oder alsbald nach Entgegennahme des Berichts des Zeugen [...] zunächst den Staatsanwalt und den Verteidiger Fragen stellen läßt (§ 240 II) und seinerseits erst anschließend nochmals fragt, falls das erforderlich ist, kann in geeigneten Fällen zweckmäßig sein und ist jedenfalls nicht unzulässig [...].
cosa venduta;verkauft Sache;Il venditore deve pure consegnare i titoli e i documenti relativi alla proprietà e all'uso della cosa venduta.;Versendet der Verkäufer auf Verlangen des Käufers die verkaufte Sache nach einem anderen Orte als dem Erfüllungsort, so geht die Gefahr auf den Käufer über, sobald der Verkäufer die Sache dem Spediteur, dem Frachtführer oder der sonst zur Ausführung der Versendung bestimmten Person oder Anstalt ausgeliefert hat.
infortunio in missione e/o trasferta;Dienstwegeunfall;L'infortunio in missione e/o trasferta è indennizzabile come evento in attualità di lavoro e non in itinere[.];In Deutschland werden Wege- und Dienstwegeunfälle wie Arbeitsunfälle behandelt und sind [...] den Arbeitsunfällen gleichgestellt.
acquisto a non domino;Erwerb von Nichteigentümer;Il principio possesso vale titolo si applica anche in caso di acquisto a non domino di usufrutto, uso e pegno.;Erwerb vom Nichteigentümer ist zunächst möglich, wenn der Eigentümer der Verfügung eines Nichtberechtigten zustimmt (§185).
revoca della procura;Widerruf der Vollmacht;Le modificazioni e la revoca della procura devono essere portate a conoscenza dei terzi con mezzi idonei [...].;
linea;Linie;Se però gli ascendenti non sono di eguale grado, l'eredità è devoluta al più vicino senza distinzione di linea.;Die Linie und die Grade der Schwägerschaft bestimmen sich nach der Linie und dem Grad der sie vermittelnden Verwandtschaft.
linea della parentela;Linie;Se però gli ascendenti non sono di eguale grado, l'eredità è devoluta al più vicino senza distinzione di linea.;Die Linie und die Grade der Schwägerschaft bestimmen sich nach der Linie und dem Grad der sie vermittelnden Verwandtschaft.
patto sociale di limitazione della responsabilità;Haftungsbeschränkung durch Gesellschaftervereinbarung;[È] ammesso il patto sociale di limitazione della responsabilità o [...] di esclusione della solidarietà [...].;
prenome;Vorname;Ogni persona ha diritto al nome che le è per legge attribuito. Nel nome si comprendono il prenome e il cognome.;Das Familiengericht kann auf Antrag des Annehmenden mit Einwilligung des Kindes mit dem Ausspruch der Annahme [...] Vornamen des Kindes ändern oder ihm einen oder mehrere neue Vornamen beigeben, wenn dies dem Wohl des Kindes entspricht [...].
vaccino inattivato;Totimpfstoff;Il vaccino antinfluenzale non interferisce con la risposta immune ad altri vaccini inattivati o vivi attenuati.;Seit Mai 2018 steht ein neuartiger, inaktivierter Impfstoff (Shingrix, GlaxoSmithKline Biologicals SA) zur Vorbeugung von Herpes Zoster (HZ, Gürtelrose) und postherpetischer Neuralgie bei Personen ab 50 Jahren auf dem deutschen Markt zur Verfügung. | Gemäß Empfehlung der STIKO [Ständige Impfkommission] muss zwischen COVID-19-Impfungen und der Verabreichung anderer Totimpfstoffe kein Impfabstand mehr eingehalten werden.
emissione sopra la pari;Überpari-Emission;Se il prezzo è 102 (a causa della forte domanda o di altri fattori) parleremo di emissione sopra la pari [...].;
sponsor;Sponsor;Il termine sponsor designa ogni singolo soggetto che abbia sponsorizzato il programma radiofonico o televisivo.;Bei Sendungen, die ganz oder teilweise gesponsert werden, muß zu Beginn und am Ende auf die Finanzierung durch den Sponsor in vertretbarer Kürze deutlich hingewiesen werden [...].
accertamento della verità;Wahrheitserforschung;Il fine del processo è sempre e comunque l'accertamento della verità (sostanziale e non meramente processuale).;Das Gericht hat zur Erforschung der Wahrheit die Beweisaufnahme von Amts wegen auf alle Tatsachen und Beweismittel zu erstrecken, die für die Entscheidung von Bedeutung sind. | Zwar hat der Bundesgerichtshof bei einer lediglich mangelhaften Begründung für die Entfernung des Angeklagten aus dem Sitzungssaal eine Revisionsrüge [..] nicht durchgreifen lassen, [..]. Aber zum einen liegt hier weder eine Gefährdung der Wahrheitsfindung noch eine Gesundheitsgefahr für die Zeugin klar auf der Hand. | Der Anspruch des Angeklagten auf ein faires Verfahren kann durch verfahrensrechtliche Gestaltungen berührt werden, die der Ermittlung der Wahrheit und somit einem gerechten Urteil entgegenstehen [..]. | Die wegen der Kollision grundrechtlich geschützter Interessen erforderliche Abwägung ergibt, daß das Gebot der Wahrheitserforschung gegenüber dem durch Art. 6 des Grundgesetzes geschützten Anwesenheitsrecht des Beistands den Vorrang hat.
progetto di bilancio;Jahresabschlussentwurf;[G]li amministratori delle società redigono un progetto di bilancio e lo comunicano al collegio sindacale [...].;
legge di bilancio;Bundesfinanzgesetz;Peraltro, insieme alla legge di bilancio, viene discusso un altro documento, chiamato «legge finanziaria» [...].;Der Entwurf des Haushaltsplans und Haushaltsgesetzes wird vom Finanzministerium erstellt und von der Bundesregierung beraten und beschlossen. Danach muss er den Bundestag und Bundesrat durchlaufen, um in Kraft treten zu können. Im Bundestag wird der Entwurf debattiert und in der Regel überarbeitet. Da der Bundestag laut Grundgesetz das Budgetrecht hat, kann der Entwurf nur mit der Mehrheit des Parlaments zum Gesetz werden.
obbligo di salvataggio;Schadenminderungspflicht;L'assicurato che dolosamente non adempie l'obbligo dell'avviso o del salvataggio perde il diritto all'indennità.;
azionista di minoranza;Minderheitsaktionär;Oltre che agli amministratori, l'iniziativa della convocazione è riconosciuta agli azionisti di minoranza [...].;Dagegen sucht der Anlageaktionär eine - möglicherweise langfristige - Kapitalanlage, die regelmäßig Gewinn abwirft und zudem Wertbeständigkeit oder Wertsteigerungen mit sich bringt. | [...] Abfindungs- und Umtauschangebote an Minderheitsaktionäre von Tochtergesellschaften können den Wert des Umtauschrechts einer Wandelanleihe mindern [...].
adottando;zukünftig Adoptivkind;L’età degli adottanti deve superare di almeno diciotto e di non più di quarantacinque anni l’età dell’adottando.;Die Annahme darf nicht ausgesprochen werden, wenn ihr überwiegende Interessen der Kinder des Annehmenden oder des Anzunehmenden entgegenstehen. | Ist das anzunehmende Kind verheiratet, so wird auch die Einwilligung seines Ehegatten erfordert.
condizioni aggiuntive;Zusatzbedingung;A seconda della professione sono previste condizioni aggiuntive specifiche e personalizzate all'attività svolta.;
libretto nominativo;Sparbuch als Namenspapier;Se il libretto è nominativo, il solo soggetto che vi è intestato può compiere operazioni di esazioni di credito.;
consultazione pubblica;öffentlich Konsultation;Lo schema di provvedimento è sottoposto a consultazione pubblica per un periodo non inferiore a sessanta giorni.;Die Europäische Kommission führt derzeit eine öffentliche Konsultation zu den Rechtsvorschriften der Europäischen Union über die legale Migration von Nicht-EU-Bürgern durch.
estensione analogica;Ausdehnung der Norm in Weg der Analogie;L'estensione analogica di una norma che ridondi a danno dell'imputato [...] non è consentita nel nostro diritto.;
attività di controllo;Überprüfung;L'attività di consulenza non può essere prestata dai soggetti che svolgono attività di controllo e di vigilanza.;Alle Personen, die im Rahmen des für Versicherungsvermittler und Versicherungsberater geltenden Registrierungsverfahrens oder der Überprüfung der Einhaltung der Voraussetzungen für die Tätigkeit als Versicherungsvermittler oder Versicherungsberater zur Entgegennahme oder Erteilung von Informationen verpflichtet sind, unterliegen dem Berufsgeheimnis.
matrimonio del cittadino all'estero;Heirat in Ausland;[I]l matrimonio all'estero può essere inoltre celebrato innanzi all'autorità diplomatica o consolare competente.;Hat eine Hinterbliebene ihren Wohnsitz zum Zwecke der Eheschließung im Ausland begründet, so wird für die Gewährung der Abfindung nach § 44 des Bundesversorgungsgesetzes eine Zuständigkeit nach § 1 nur begründet, wenn zugleich der Wohnsitz versorgungsberechtigter Waisen in den gleichen Staat verlegt worden ist.
adozione;Annahme an Kind Statt;L'adozione è consentita a favore dei minori dichiarati in stato di adottabilità ai sensi degli articoli seguenti.;Die soziale Bedeutung der Adoption [...] liegt heute vor allem in der Fürsorge für Kinder, deren Eltern sich nicht um sie kümmern können oder wollen. Sie sollen durch die Annahme als Kind [...] in einer lebenstüchtigen Familie aufwachsen.
conduttore di protezione;Schutzleiter;Un’interruzione del conduttore di protezione fa permanere in tensione la massa del componente elettrico guasto[.];Für Schweißstromquellen ist eine Ausführung in der Schutzklasse I (mit Schutzleiter) oder in Schutzklasse II (Schutzisolierung ohne Schutzleiter) geeignet.
presidente del consiglio di amministrazione;Vorstandsvorsitzender;Il consiglio di amministrazione sceglie tra i suoi membri il presidente, se questi non è nominato dall'assemblea.;Werden mehrere Personen zu Vorstandmitgliedern bestellt, so kann der Aufsichtsrat ein Mitglied zum Vorsitzenden des Vorstands ernennen.
querela;Strafantrag;Se si tratta di delitto punibile a querela della persona offesa, occorre, oltre tale richiesta, anche la querela.;Handelt es sich bei einer Anzeige (im engen Sinne) lediglich um eine Anregung an die Strafverfolgungsorgane, die ggf. den Verfolgungszwang auslöst, wird mit dem Strafantrag darüber hinaus ein Interesse an der Strafverfolgung geäußert.
anticipato;Begünstigt ein Zwischenkredit;[L']anticipato fornisce alla banca finanziatrice (anticipante) una garanzia reale con pegno su merci o su titoli.;
personalità del reo;Persönlichkeit der Täter;La personalità del reo acquista notevole importanza anche per quanto riguarda la misura della pena (graduazione).;Eine Freiheitsstrafe unter sechs Monaten verhängt das Gericht nur, wenn besondere Umstände, die in der Tat oder der Persönlichkeit des Täters liegen, die Verhängung einer Freiheitsstrafe zur Einwirkung auf den Täter oder zur Verteidigung der Rechtsordnung unerläßlich machen.
radiazione corpuscolare;Teilchenstrahlung;Le radiazioni corpuscolari (Alfa e Beta) sono poco penetranti e vengono assorbite da strati sottili di materiale.;Zu den ionisierenden Strahlen zählt man sowohl elektromagnetische Strahlen - wie Röntgen- und Gammastrahlung – als auch Teilchenstrahlung - wie Alpha-, Beta- und Neutronenstrahlung.
rettifica di valore;Wertberichtigung;È consentito effettuare rettifiche di valore e accantonamenti esclusivamente in applicazione di norme tributarie.;Seit Inkrafttreten des HGB 1985 dürfen Wertberichtigungen zumindest bei Kapitalgesellschaften nicht mehr in der Bilanz ausgewiesen werden [...]. Allerdings können Abwertungen auf den niedriegeren Wert, der auf einer nur steuerrechtlich zulässigen Abschreibung beruht (§ 254 HGB), wahlweise in der Form der passivischen Wertberichtigung vorgenommen werden.
quota di conferimento;Anteil an der Einlage;Se la quota di conferimento è superiore al minimo, deve essere costituita da un ammontare multiplo di lire mille.;
fede di deposito;Lagerempfanggschein;I magazzini generali, a richiesta del depositante, devono rilasciare una fede di deposito delle merci depositate.;"Über die Verpflichtung zur Auslieferung des Gutes kann von dem Lagerhalter [...] ein Lagerschein ausgestellt werden, der die folgenden Angaben enthalten soll: Ort und Tag der Ausstellung des Lagerscheins; Name und Anschrift des Einlagerers; Name und Anschrift des Lagerhalters [...]."
prescrizione;Verjährung;Ogni diritto si estingue per prescrizione quando il titolare non lo esercita per il tempo determinato dalla legge.;Das Recht, von einem anderen ein Tun oder Unterlassen zu verlangen (Anspruch), unterliegt der Verjährung.
atto di concorrenza;Wettbewerbshandlung;E' previsto un aggravamento di pena se gli atti di concorrenza concernono attività finanziate con pubblico denaro.;Das Verhalten der Beklagten ist nicht lediglich eine Vertragsverletzung im Verhältnis zu den betroffenen Kunden, sondern zugleich eine Wettbewerbshandlung.
materiale non infiammabile;nicht brennbar Material;[Le scale di sicurezza o antincendio v]engono realizzate con materiali non infiammabili come il ferro o l’acciaio.;Ziel des baulichen Brandschutzes ist es, die Entflammbarkeit, Ausbreitung und Rauchentwicklung zu verhindern. […] Sinnvoll ist es natürlich, nicht brennbares Material, wie etwa Beton oder Ziegel zu verwenden.
confine;Grenze;Quando il confine tra due fondi è incerto, ciascuno dei proprietari può chiedere che sia stabilito giudizialmente.;Soweit eine diesen Vorschriften entsprechende Bestimmung der Grenze zu einem Ergebnis führt, das mit den ermittelten Umständen [...] nicht übereinstimmt, ist die Grenze so zu ziehen, wie es unter Berücksichtigung dieser Umstände der Billigkeit entspricht.
acquisto del possesso;Erwerb der Besitz;In ogni caso non possono costituire la base per l'acquisto del possesso gli atti compiuti con l'altrui tolleranza.;Gehört eine nach § 931 [BGB] veräußerte Sache nicht dem Veräußerer, so wird der Veräußerer [...] dann Eigentümer, wenn er den Besitz der Sache von dem Dritten erlangt, es sei denn, dass er zur Zeit [...] des Besitzerwerbs nicht in gutem Glauben war.
gas di combustione;Verbrennungsgas;I prodotti della combustione sono suddivisibili in quattro categorie: gas di combustione, fiamme, fumo [e] calore.;
possesso ad usucapionem;Ersitzungsbesitz;Le associazioni non riconosciute possono efficacemente esercitare sugli immobili il possesso ad usucapionem [...].;In der Zeit zwischen Beginn und Vollendung der Ersitzung ist der Ersitzende zwar noch Eigentümer, wohl aber steht ihm das ein dingliches Recht zu (Ersitzungsbesitz) das gegen jedermann wirkt, den Eigentümer ausgenommen.
bassa tensione;Niederspannung;Le macchine ed apparecchi elettrici mobili o portatili devono essere alimentati solo da circuiti a bassa tensione.;
proroga;Fortsetzung;Le garanzie prestate da terzi non si estendono alle obbligazioni derivanti da proroghe della durata del contratto.;Im Falle der Verlängerung einer Frist wird die neue Frist von dem Ablauf der vorigen Frist an berechnet. | Ist die Gesellschaft durch die Eröffnung des Insolvenzverfahrens über ihr Vermögen aufgelöst, das Verfahren aber auf Antrag des Schuldners eingestellt oder nach der Bestätigung eines Insolvenzplans, der den Fortbestand der Gesellschaft vorsieht, aufgehoben, so können die Gesellschafter die Fortsetzung der Gesellschaft beschließen.
nullità;Nichtigkeit;La nullità di un atto non comporta quella degli atti precedenti, né di quelli successivi che ne sono indipendenti.;An der sich hieraus ergebenden Nichtigkeit eines gleichwohl gegen die andere Person (etwa den oben erwähnten Zuschauer) ergehenden Urteils wäre sogar dann festzuhalten, wenn die Schuld dieser anderen Person mit an Sicherheit grenzender Wahrscheinlichkeit feststünde.
raggiro;Täuschungshandlung;Il dolo consiste in artifici e raggiri posti in essere per coartare o alterare la volontà negoziale della vittima.;Die Täuschungshandlung kann auch in einem bloßen Unterlassen (Verschweigen) liegen.
travisamento;Vermummung;È irrilevante il mezzo (maschera, alterazione di connotati ecc.) attraverso il quale il travisamento è realizzato.;
Parlamento;Parlament;Il Parlamento si riunisce in seduta comune dei membri delle due Camere nei soli casi stabiliti dalla Costituzione.;Mit Parlament wird die Volksvertretung bezeichnet. Für Gesamtdeutschland ist das der Bundestag, in den Ländern sind es entsprechend die Landtage (= Länderparlamente).
notificazione col mezzo della posta;Zustellung durch der Post;Se non ne è fatto espresso divieto dalla legge, la notificazione può eseguirsi anche a mezzo del servizio postale.;Zwischen der persönlichen Zustellung und der Zustellung durch die Post hat der Gerichtsvollzieher unbeschadet der folgenden Bestimmungen nach pflichtgemäßem Er-messen die Wahl.
rimborso delle spese;Spesenvergütung;Il possessore che è tenuto a restituire i frutti indebitamente percepiti ha diritto al rimborso delle spese [...].;Anstelle des Schadensersatzes statt der Leistung kann der Gläubiger Ersatz der Aufwendungen verlangen, die er im Vertrauen auf den Erhalt der Leistung gemacht hat und billigerweise machen durfte, es sei denn, deren Zweck wäre auch ohne die Pflichtverletzung des Schuldners nicht erreicht worden. | Der Versicherer bleibt zum Ersatz der Kosten verpflichtet, die zur Abwendung oder Minderung des Schadens oder zur Wiederherstellung oder Ausbesserung der versicherten Sache aufgewendet worden sind, bevor seine Erklärung, dass er sich durch Zahlung der Versicherungssumme befreien wolle, dem Versicherungsnehmer zugegangen ist. | Jede Person mit Wohnsitz im Inland ist verpflichtet, bei einem in Deutschland zum Geschäftsbetrieb zugelassenen Versicherungsunternehmen für sich selbst und für die von ihr gesetzlich vertretenen Personen, […] eine Krankheitskostenversicherung, die mindestens eine Kostenerstattung für ambulante und stationäre Heilbehandlung umfasst […].
confusione;Vereinigung;La confusione non opera in pregiudizio dei terzi che hanno acquistato diritti di usufrutto o di pegno sul credito.;
deposizione del testimone;Zeugenaussage;È inutilizzabile la deposizione del testimone il quale non abbia preventivamente pronunciato la formula d'impegno.;Die Aussage eines vor der Hauptverhandlung vernommenen Zeugen, der erst in der Hauptverhandlung von seinem Recht, das Zeugnis zu verweigern, Gebrauch macht, darf nicht verlesen werden.
telefono per salvataggio e pronto soccorso;Notruftelefon;In prossimità del telefono di emergenza sono esposti i numeri di telefono utili per contattare i soccorsi esterni.;
responsabilità penale;Verantwortlichkeit;Il testimone non può essere obbligato a deporre su fatti dai quali potrebbe emergere una sua responsabilità penale.;Mit dem vollendeten 18. Lebensjahr beginnt die volle strafrechtliche Verantwortlichkeit für die danach begangenen Straftaten [...].
programma di formazione;Ausbildungsprogramm;I lavoratori devono […] partecipare ai programmi di formazione e di addestramento organizzati dal datore di lavoro.;Notwendige Kosten für Studienfahrten - auch in das Ausland - aus Anlass der Maßnahme der beruflichen Bildung sind zu übernehmen, wenn solche Reisen in den Ausbildungs- und Prüfungsordnungen oder Studienordnungen vorgesehen sind oder die zuständigen Ausbilderinnen oder Ausbilder bescheinigen, dass die Studienfahrt im konkreten Ausbildungsprogramm für alle Teilnehmenden vorgegeben ist und in dem Zeitraum der Studienfahrt eine anderweitige Unterweisung Zurückbleibender nicht angeboten wird.
azione reale;actio in Rem;La giurisdizione italiana non sussiste rispetto ad azioni reali aventi ad oggetto beni immobili situati all'estero.;Die mit Ausschließlichkeitsanspruch ausgestattete Zuständigkeit der Gerichte im Belegenheitsstaat oder am Belegenheitsort unbeweglicher Sachen für Klagen wegen dinglicher Rechte (§ 24 ZPO/Art. 16 Nr. 1 GVÜ) ist international allgemein geläufig.
piolo;Leitersprosse;I pioli devono distare almeno 15 centimetri dalla parete alla quale sono applicati o alla quale la scala è fissata.;Teleskopanlegeleitern bestehen aus ineinander geführten Holmsegmenten mit dazwischen liegenden Sprossen oder Stufen. | Der Abstand zwischen den Leitersprossen und der Wand des Schachtes sowie die Breite der Leitern sind so zu bemessen, daß beide Füße nebeneinander sicheren Halt finden.
comodatario;Entleiher;Il comodatario è tenuto a custodire [...] e a conservare la cosa con la diligenza del buon padre di famiglia [...].;Der Entleiher hat die gewöhnlichen Kosten der Erhaltung der geliehenen Sache [...] zu tragen.
bene immateriale;unkörperlich Sache;"Alla categoria dei ""beni immateriali"" potrebbero ricondursi, oggi, anche i cosiddetti ""strumenti finanziari"" [...].";Abgrenzungsprobleme gibt es zu (nach einer natürlichen Betrachtung) unkörperlichen Gegenständen.
appello principale;Hauptberufung;L'appello incidentale perde efficacia in caso di inammissibilità dell'appello principale o di rinuncia allo stesso.;Ist ein Rechtsmittel sowohl als Hauptberufung wie als Anschließung an die Berufung der Gegenseite zulässig, so bestimmt sich die Frist, innerhalb der die Begründung einzureichen ist, nur dann nach § 522 a Abs. 2 ZPO, wenn sich im Zeitpunkt der Einlegung des Rechtsmittels feststellen läßt, daß eine Anschließung gewollt ist.
legittimo impedimento;unabwendbar Verhinderung;L'udienza è rinviata se sussiste un legittimo impedimento dell'imputato che ha manifestato la volontà di comparire.;War jemand ohne Verschulden verhindert, eine Frist einzuhalten, so ist ihm auf Antrag Wiedereinsetzung in den vorigen Stand zu gewähren.
socio unico;Einmanngesellschafter;In caso di inadempimento dell'integrale versamento il socio unico perde il beneficio delle responsabilità limitate.;
emancipazione;Entlassung aus der elterlich Verantwortung;L'emancipazione conferisce al minore la capacità di compiere gli atti che non eccedono l'ordinaria amministrazione.;Ehemündigkeit und Volljährigkeit entsprechen einander. Beide treten mit Vollendigung des 18. Lebensjahres [...] ein. Bei der Ehemündigkeit lässt II [§ 1303, Abs, 2] aber für Minderjährige, die das 16. Lebensjahr vollendet haben, eine Befreiung vom Alterserfordernis zu, eine Möglichkeit, die es seit Aufhebung der Volljährigkeitserklärung [...] bei der Volljährigkeit nich mehr gibt. | Beantragt ein Minderjähriger Befreiung vom Erfordernis des Volljährigkeitsalters, so kann der gesetzliche Vertreter oder ein sonstiger Inhaber des Personensorgerechts diesem Antrag widersprechen.
fotoretinite;Photoretinitis;La fotoretinite è di natura fotochimica e si manifesta tipicamente con uno scotoma all’interno dell’aria irradiata.;Bei zu langer Exposition bzw. zu intensiver Strahlung kann die Netzhaut (Retina) photochemisch geschädigt werden. [...] Eine solche „Blaulichtgefährdung“ [...] kann zu einer Entzündung der Netzhaut (Photoretinitis) führen und die Lichtrezeptoren im „Gelben Fleck“ und der „Sehgrube“ irreparabel schädigen (Makuladegeneration).
proprietario;Eigentümer;Il proprietario non può fare atti i quali non abbiano altro scopo che quello di nuocere o recare molestia ad altri.;Der Eigentümer eines Tieres hat bei der Ausübung seiner Befugnisse die besonderen Vorschriften zum Schutz der Tiere zu beachten.
usura;Wucher;La prescrizione del reato di usura decorre dal giorno dell'ultima riscossione sia degli interessi che del capitale.;Im bürgerlichen Recht zählen wucherische Rechtsgeschäfte zu den sittenwidrigen (§ 138 II BGB)[...]
scioglimento della società;Auflösung der Gesellschaft;La quota deve essere liquidata entro tre mesi dalla domanda, salvo che sia deliberato lo scioglimento della società.;Der Vorstand hat die Auflösung der Gesellschaft zur Eintragung in das Handelsregister anzumelden.
giurisdizione amministrativa;Verwaltungsgerichtsbarkeit;La giurisdizione amministrativa si articola in giurisdizione generale di legittimità, esclusiva ed estesa al merito.;Das zuständige Gericht innerhalb der Verwaltungsgerichtsbarkeit wird durch das nächsthöhere Gericht bestimmt, 1. wenn das an sich zuständige Gericht in einem einzelnen Fall an der Ausübung der Gerichtsbarkeit rechtlich oder tatsächlich verhindert ist, […].
accollo cumulativo;Schuldmitübernahme;Nell'accollo cumulativo l'effetto per il creditore è [...] simile a quello che gli deriva da una garanzia personale.;Bei der im Gesetz nicht geregelten kumulativen Schuldübernahme tirtt durch Vertrag mit dem Gläubiger oder dem schuldner oder kraft Gesetzes nur neben den alten Schuldner ein neuer Schuldner, ohne daß der alte Schuldner befreit wird, so daß sie ohne Mitwirkung des Gläubigers vereinbart werden kann. | Der vertragliche Schuldbeitritt erfolgt entweder durch Vereinbarung zwischen Gläubiger und Neuschuldner oder als echter Vertrag zugunsten Dritter zwischen Alt- und Neuschuldner. | Bei der kumulativen Schuldübernahme (auch Schuldübernahme oder Schuldbeitritt genannt) tritt der Übernehmer dem Schuldner dergestalt an die Seite, dass der Gläubiger seiner Forderung sowohl von dem Altschuldner als auch von de hinzutretenden Neuschuldner verlangen kann.
affare;Geschäft;Se l'affare è concluso per l'intervento di più mediatori, ciascuno di essi ha diritto a una quota della provvigione.;
oggetto di prova;Gegenstand der Beweis;[S]ono oggetto di prova i fatti che si riferiscono all'imputazione, alla punibilità, alla determinazione della pena.;Der Beweis durch Augenschein wird durch Bezeichnung des Gegenstandes des Augenscheins und durch die Angabe der zu beweisenden Tatsachen angetreten. Ist ein elektronisches Dokument Gegenstand des Beweises, wird der Beweis durch Vorlegung oder Übermittlung der Datei angetreten.
pedata;Aufrittstiefe;I gradini devono avere pedata e alzata dimensionate a regola d’arte e larghezza adeguata alle esigenze del transito.;Das Istmaß von Treppensteigung s und Treppenauftritt a innerhalb eines (fertigen) Treppenlaufes darf gegenüber dem Nennmaß (Sollmaß) und nicht mehr als 0,5 cm abweichen [...]. | Das Maß s [Treppensteigung] wird lotrecht von der Vorderkante der Trittfläche einer Stufe zur Vorderkante der Trittfläche der folgenden Stufe im Gehbereich gemessen. | Innerhalb von Gebäuden sollte die Auftrittsfläche [von Treppen] mindestens eine Rutschhemmung der Bewertungsgruppe R 9 aufweisen.
nota di copertura;vorläufig Deckungzusage;Per il tempo necessario all'assicuratore per la verifica della proposta, è prevista la c.d. nota di copertura [...].;Eine Deckungszusage erteilt der Versicherer, wenn zwischen ihm und dem Versicherungsnehmer über den Abschluß eines Versicherungsvertrages soweit Einigung erzielt ist, daß der künftige Abschluß in Aussicht genommen werden kann, während der endgültige Absschluß, namentlich die Ausfertigung der Versicherungspapiere, vielleicht auch die Besprechung minder wesentlicher Einzelheiten mutmaßlich noch eine gewisse Zeit in Anspruch nehmen werden. | Von der vorläufigen Deckungszusage zu unterscheiden ist die formolse oder schriftliche Bestätigung, dass ein Antrag angenommen worden ist: sie ist ein endgültiger Vertragsschluss.
marciapiede;Trottoir;I pedoni devono circolare sui marciapiedi, sulle banchine, sui viali e sugli altri spazi per essi predisposti [...].;Wird ein Radweg zum Bürgersteig hin durch Bordsteine abgetrennt, darf der Radfahrer [...] nicht auf ein gleich hohes Niveau zwischen den beiden Bereichen vertrauen. | Kinder bis zum vollendeten 8. Lebensjahr müssen, ältere Kinder bis zum vollendeten 10. Lebensjahr dürfen mit Fahrrädern Gehwege benutzen.
diritto di veto;Vetorecht;È esatto affermare che il diritto di veto costituisce un particolare atteggiamento del potere di amministrare [...].;Ein Gesellschafter darf das Widerspruchsrecht nur im Interesse der OHG, nicht in seinem - widerstreitenden - eigenen Interesse ausüben.
certificatore accreditato;akkreditiert ZDA;Il certificatore accreditato può qualificarsi come tale nei rapporti commerciali e con le pubbliche amministrazioni.;Akkreditierte Zertifizierungsdiensteanbieter erhalten ein Gütezeichen der zuständigen Behörde. […]. Sie dürfen sich als akkreditierte Zertifizierungsdiensteanbieter bezeichnen und sich im Rechts- und Geschäftsverkehr auf die nachgewiesene Sicherheit berufen.
alzata;Tritthöhe;I gradini devono avere pedata e alzata dimensionate a regola d’arte e larghezza adeguata alle esigenze del transito.;Das Istmaß von Treppensteigung s und Treppenauftritt a innerhalb eines (fertigen) Treppenlaufes darf gegenüber dem Nennmaß (Sollmaß) und nicht mehr als 0,5 cm abweichen [...]. | Baulich ungleiche Stufenmaße kommen insbesondere am Treppenanfang und Treppenende zustande, wenn vorgefertigte Treppen eingebaut wurden, die in ihrer Höhe nicht ausreichend auf den vorhandenen Baukörper abgestimmt sind oder durch Aufbringen von Fußbodenbelägen die ursprüngliche Stufenhöhe verändert wird, besonders auf Podesten.
vitalità;Lebensfähigkeit;[Ai fini del diritto penale] il requisito della vita è sufficiente, non essendo richiesta la vitalità dell'individuo.;Für die Menschqualität nach Beginn der Geburt kommt es nicht auf die Lebensfähigkeit an.
maggiore età;Mündigkeit;Con la maggiore età si acquista la capacità di compiere tutti gli atti per i quali non sia stabilita una età diversa.;
n/c;Kreditanzeige;Note di credito e note di addebito permettono di rettificare le fatture attive e passive già emesse e contabilizzate.;Sofern ein Kreditnehmer bereits im Datenbestand der Deutschen Bundesbank gespeichert ist, kann die derzeitige Zuordnung zu einer Kreditnehmereinheit über die Stammdatensuchmaschine (SDSM) in Erfahrung gebracht werden. Eine Änderung dieser Zuordnung ist entsprechend zu begründen. Allein der Hinweis „konzernfrei“ reicht nicht aus. In diesem Zusammenhang weisen wir daraufhin, dass insbesondere die Übernahme einer Zuordnung zu einer Kreditnehmereinheit aus der SDSM von einem Kreditgeber vor Erstattung der Kreditanzeige stets zu prüfen ist.
possessore attuale;jetzig Besitzer;Il possessore attuale che ha posseduto in tempo più remoto si presume che abbia posseduto anche nel tempo intermedio.;Die Vorschrift [§ 1007 BGB] gibt dem ehemaligen Besitzer, der sich nicht auf die §§ 985, 861, 823 [BGB] oder auf vertragliche Ansprüche stützen kann, gegen den jetzigen Besitzer einen Herausgabeanspruch, wenn dieser eine ihm gegenüber schlechtere Besitzposition innehat.
comitato;Subkommission;Le Commissioni possono istituire nel proprio interno comitati permanenti per l'esame degli affari di loro competenza.;Zur Vorbereitung seiner Arbeiten kann jeder Ausschuß aus seiner Mitte Unterausschüsse mit bestimmten Aufträgen einsetzen, es sei denn, daß ein Drittel seiner Mitglieder widerspricht.
ND;Belastungsanzeige;Note di credito e note di addebito permettono di rettificare le fatture attive e passive già emesse e contabilizzate.;
delitto contro l'amministrazione della giustizia;Rechtspflegedelikt;I delitti contro l'amministrazione della giustizia sono contenuti nel titolo III del secondo libro del codice penale.;Auch bei Rechtspflegedelikten, zum Beispiel falsche Aussage (§ 230 StGB-DDR) und Rechtsbeugung (§ 244 StGB-DDR), stehen die unterschiedlichen Rechtssysteme einer Unrechtskontinuität nicht etwa von vornherein entgegen [...]. Denn es ist beim Normenvergleich weniger auf die fundamentalen Differenzen der Rechtssysteme abzustellen, sondern mehr darauf, ob es in casu nach dem alten und dem neuen Recht (auch) um den Schutz der Funktion der Unparteilichkeit der Rechtspflege und der Wahrheitspflicht vor Gericht geht.
garante;Promittent;Se la garanzia diviene insufficiente, la banca può chiedere un supplemento di garanzia o la sostituzione del garante.;
determinazione del prezzo;Preisbestimmung;Le parti possono affidare la determinazione del prezzo a un terzo, eletto nel contratto o da eleggere posteriormente.;Wird bei den Verhandlungen über den Abschluss eines Kaufvertrages keine Einigung über die Höhe des Kaufpreises erzielt, so kommt vorbehaltlich eines einseitigen Leistungsbestimmungsrechts ein Kaufvertrag wegen dieses Einigungsmangels nicht wirksam zustande. Für eine Bestimmung des Kaufpreises durch ergänzende Vertragsauslegung ist dann kein Raum.
utensile manuale vibrante;vibrierend Handwerkzeug;Tutti i lavoratori che usano macchinari o utensili manuali vibranti rischiano di contrarre la sindrome da vibrazioni.;
patrimonio ereditario;Verlassenschaftsvermögen;[I] creditori dell'eredità e i legatari hanno preferenza sul patrimonio ereditario di fronte ai creditori dell'erede.;Eine Lebensversicherung gehört nur dann zum Erbschaftsvermögen, wenn keine anderweitige Bezugsberechtigung besteht.
cosa depositata;verwahrt Sache;Il depositario non può servirsi della cosa depositata né darla in deposito ad altri senza il consenso del depositante.;Der Verwahrer ist im Zweifel nicht berechtigt, die hinterlegte Sache bei einem Dritten zu hinterlegen [...].
progetto di scissione;Spaltungsplan;Dal progetto di scissione devono risultare i criteri di distribuzione delle azioni o quote delle società beneficiarie.;Der Spaltungsplan tritt an die Stelle des Spaltungs- und Übernahmevertrags.
obbligo di fare buon uso del bene;Verpflichtung zu sorgfältig Gebrauch der Leasinggut;Nell'obbligo del fare buon uso del bene, è compreso l'obbligo di custodirlo e di evitare che esso rechi danni a terzi.;Die Auferlegung der Verpflichtung zum sorgfältigen Gebrauch des Leasinggutes [...] steht nicht im Widerspruch zur Hauptpflicht des Leasinggebers, dem Leasingnehmer den Gebrauch des Leasinggutes zu überlassen.
titolo;Rechtsgrund;Il gestore deve trasmettere tutti i dati necessari per determinare le effettive entrate, percepite a qualsiasi titolo.;Eine Ausgleichung kann nicht verlangt werden, wenn für die Leistungen ein angemessenes Entgelt gewährt oder vereinbart worden ist oder soweit dem Abkömmling wegen seiner Leistungen ein Anspruch aus anderem Rechtsgrund zusteht.
rischio di caduta;Sturz und Absturzgefährdung;Parapetti e arresti al piede dovrebbero essere utilizzati se esiste un rischio di caduta da un’altezza ≥ 500 mm [...].;"Transportbänder für Flaschen und Kästen müssen häufig gereinigt werden. Meist erledigen Beschäftigte das zwischendurch manuell. Gefährlich kann es werden, wenn die Bänder über mehrere Ebenen verlaufen. Mitarbeiter steigen dann zum Reinigen auf die hoch gelegenen Bänder. Wer das macht, geht ein hohes Sturz- und Absturzrisiko ein. | Mechanische Gefährdungen können durch die Anlagentechnik, durch das Arbeitsmaterial und durch die Arbeitsabläufe entstehen. Es wird unterschieden nach - Gefährdungen durch ungeschützt und unkontrolliert bewegte Maschinenteile[;] - Gefährdungen durch Teile mit gefährlicher Oberfläche[;] - Sturz- und Absturzgefährdung[;] - Gefährdungen durch Transport und bewegte Arbeitsmittel."
scissione;Spaltung;Dal progetto di scissione devono risultare i criteri di distribuzione delle azioni o quote delle società beneficiarie.;Die Spaltung kann auch durch gleichzeitige Übertragung auf bestehende und neue Rechtsträger erfolgen.
associato;Mitglied;I contributi degli associati e i beni acquistati conquesti contributi costituiscono il fondo comune dell'associazione.;Der Vorstand hat dem Amtsgericht auf dessen Verlangen jederzeit eine von ihm vollzogene Bescheinigung über die Zahl der Vereinsmitglieder einzureichen. | Besteht der Vorstand aus mehreren Personen, so erfolgt die Beschlußfassung nach den für die Beschlüsse der Mitglieder des Vereins geltenden Vorschriften der §§ 32, 34.
ustione di quarto grado;Verbrennung 4. Grad;[L]e ustioni di quarto grado distruggono tutti gli strati cutanei e si estendono a muscoli, tendini, ossa sottostanti.;"Bei Verbrennungen vierten Grades sind neben tieferen Hautschichten auch die darunter liegenden Muskeln, Sehnen, Knochen und Gelenke betroffen; die Haut ist verkohlt. | Die Wärmewirkung des elektrischen Stromes führt bei großer Stromstärke an der Ein- und Austrittsstelle zu Verbrennungen. Dort entstehen die sogenannten Strommarken. Bei Lichtbögen kann es bis zum Verkohlen von Körperteilen kommen (Verbrennungen 4. Grades)."
maggioranza;Mehrheit;La maggioranza dei soci, determinata secondo la parte attribuita a ciascun socio negli utili, decide sull'opposizione.;Besteht der Vorstand aus mehreren Personen, so wird der Verein durch die Mehrheit der Vorstandsmitglieder vertreten.
fondo dominante;herrschend Grundstück;Il proprietario del fondo dominante non può fare innovazioni che rendano più gravosa la condizione del fondo servente.;Die Grunddienstbarkeit ist Bestandteil des herrschenden Grundstücks und geht mit diesem auf einen Rechtsnachfolger über [...], gleichgültig ob sie bei dem herrschenden Grundstück vermerkt ist oder nicht.
terzo acquirente;Dritterwerber;Il terzo acquirente può liberarsi dall'obbligo di restituire in nautra le cose donate pagando l'equivalente in danaro.;In den Fällen, in denen ein gutgläubiger Erwerb in Frage kommt, kann der Dritterwerber sich auf gutgläubigen Erwerb berufen.
depositario;Aufbewahrer;Il depositario non può servirsi della cosa depositata né darla in deposito ad altri senza il consenso del depositante.;Die Rückgabe hat nur der Gattung nach zu erfolgen, wobei der Verwahrer das Eigentum an den hinterlegten Stücken erwirbt [...].
rigetto;Verwerfung;Il rigetto dell'istanza non impedisce alla parte di proporre domanda di dichiarazione d'inefficacia nei modi ordinari.;"Wird einer Klage auf Räumung von Wohnraum mit Rücksicht darauf stattgegeben, dass ein Verlangen des Beklagten auf Fortsetzung des Mietverhältnisses auf Grund der §§ 574 bis 574b des Bürgerlichen Gesetzbuchs wegen der berechtigten Interessen des Klägers nicht gerechtfertigt ist, so kann das Gericht die Kosten ganz oder teilweise dem Kläger auferlegen, wenn der Beklagte die Fortsetzung des Mietverhältnisses unter Angabe von Gründen verlangt hatte und der Kläger aus Gründen obsiegt, die erst nachträglich entstanden sind (§ 574 Abs. 3 des Bürgerlichen Gesetzbuchs). Dies gilt in einem Rechtsstreit wegen Fortsetzung des Mietverhältnisses bei Abweisung der Klage entsprechend. | Sollte durch die Zustellung des Mahnbescheids eine Frist gewahrt werden oder die Verjährung neu beginnen oder nach § 204 des Bürgerlichen Gesetzbuchs gehemmt werden, so tritt die Wirkung mit der Einreichung oder Anbringung des Antrags auf Erlass des Mahnbescheids ein, wenn innerhalb eines Monats seit der Zustellung der Zurückweisung des Antrags Klage eingereicht und diese demnächst zugestellt wird. | Die Bestimmung des Termins zur mündlichen Verhandlung muss unverzüglich erfolgen. § 522 Abs. 1 der Zivilprozessordnung bleibt unberührt; die Verwerfung der Berufung ohne mündliche Verhandlung ergeht durch Beschluss des Vorsitzenden. § 522 Abs. 2 und 3 der Zivilprozessordnung findet keine Anwendung."
tutela;umfassend Beistandschaft;Se uno degli sposi è soggetto a tutela o a cura, il diritto di fare opposizione compete anche al tutore o al curatore.;Nach der Abschaffung der Entmündigung durch das Betreuungsgesetz von 1992 beschränkt sich das Rechtsisntitut der Vormundschaft im deutschen Recht auf die Sorge für minderjährige Personen.
pegno di titoli di credito;Verpfändung von Wertpapier;Nel pegno di titoli di credito la garanzia non si estende ai premi e alle altre utilità aleatorie prodotte dal titolo.;Das Pfandrecht an einem Wertpapier erstreckt sich auf die zu dem Papier gehörenden Zins-, Renten- oder Gewinnanteilscheine nur dann, wenn sie dem Pfandgläubiger übergeben sind.
lettera;Buchstabe;All'udienza di cui alla lettera a) del comma 2, il giudice [...] conferma, modifica o revoca il decreto presidenziale.;Inhaber von Fahrerlaubnissen auf Probe, die wegen Zuwiderhandlungen nach § 315c Absatz 1 Nummer 1 Buchstabe a, […] an einem Aufbauseminar teilzunehmen haben, sind […] einem besonderen Aufbauseminar zuzuweisen.
promittente;Versprechend;Il promittente può opporre al terzo le eccezioni fondate sul contratto dal quale il terzo deriva il suo diritto [...].;Der Vertrag zugunsten Dritter begründet eine Dreiecksbeziehung zwischen Versprechendem, Versprechensempfänger und Drittem.
collegio delle ostetriche;Hebammengremium;Il Ministero della sanità dà comunicazione delle prestazioni al collegio delle ostetriche della provincia interessata.;Seit Oktober 2008 heißt der ehemalige Bund Deutscher Hebammen nun Deutscher Hebammenverband e.V.
computo del tempo;Zeitberechnung;In particolare nel computo del tempo non viene contato il giorno iniziale, mentre invece è computato il giorno finale.;Grundlage der Zeitberechnung ist der 1582 eingeführte  Gregorianische Kalender. Die gesetzliche Zeit ist die mitteleuropäische Zeit.
quota;Anteil;Ciascun partecipante può disporre del suo diritto e cedere ad altri il godimento della cosa nei limiti della sua quota.;Im Zweifelsfall ist anzunehmen, dass den Teilhabern gleiche Anteile zustehen.
bibliotecario;Bibliothekar;Presso il conservatorio di Bolzano prestano servizio due docenti di madre lingua diversa con funzioni di bibliotecario.;
biosfera;Biosphäre;Lo smaltimento definitivo dei rifiuti in depositi sotterranei deve garantire l'isolamento dei i rifiuti dalla biosfera.;Der Begriff des Ökosystems entstammt einem primär wissenschaftlich-ökologischen Konzept und meint einen definierbaren Ausschnitt aus der Biosphäre [...].
contratto preliminare;Vorvertrag;Il contratto preliminare è nullo, se non è fatto nella stessa forma che la legge prescrive per il contratto definitivo.;Voraussetzung für die Wirksamkeit eines Vorvertrags ist es, daß der Inhalt des zugesagten Hauptvertrages hinreichend bestimmt ist.
contratto definitivo;Hauptvertrag;Il contratto preliminare è nullo, se non è fatto nella stessa forma che la legge prescrive per il contratto definitivo.;Der Vorvertrag will den Hauptvertrag, sowohl was seinen Abschluß als auch was seinen Inhalt anlangt, vorbereiten.
a titolo oneroso;entgeltlich;Quando la cessione è a titolo oneroso, il cedente è tenuto a garantire l'esistenza del credito al tempo della cessione.;[I]st das Kind bei einem Dritten entgeltlich in Pflege, so ist der Beistand berechtigt, aus dem vom Unterhaltspflichtigen Geleisteten den Dritten zu befriedigen.
flacone lavaocchi;Augenspülflasche;[I]l laboratorio chimico è dotato [... di] docce di emergenza, di lavandini lavaocchi o perlomeno di flaconi lavaocchi.;Augenspülflaschen müssen an den Arbeitsplätzen vorhanden sein, bei denen kein Trinkwasser vorhanden ist. Die Augenspülflaschen verfügen nur über einen begrenzten Flüssigkeitsvorrat und können i. d. R. nur ein Auge ausspülen.
formalità;Formalität;La parte a favore della quale è stata eseguita la formalità con riserva deve proporre reclamo all'autorità giudiziaria.;Ordnungswidrig […] handelt, wer als Pflichtiger oder bei der Wahrnehmung der Angelegenheiten eines Pflichtigen der Verordnung (EWG) Nr. 2913/92 des Rates vom 12. Oktober 1992 zur Festlegung des Zollkodex der Gemeinschaften […] zuwiderhandelt, indem er vorsätzlich oder fahrlässig […] 6. entgegen Artikel 49 Abs. 1 in Verbindung mit Abs. 2 eine Förmlichkeit, die erfüllt sein muß, damit eine Ware eine zollrechtliche Bestimmung erhält […] nicht oder nicht innerhalb der […] festgesetzten Frist erfüllt, […]. | Im Bestattungsgewerbe sind zum Zwecke der Meisterprüfung folgende Fertigkeiten und Kenntnisse als Qualifikationen zu berücksichtigen: […] Formalitäten mit Behörden sowie privaten und öffentlich-rechtlichen Dienstleistungseinrichtungen abwickeln, Presse- und Öffentlichkeitsarbeit planen und veranlassen, […].
condebitore;Mitschuldner;Il debitore in solido che ha pagato l'intero debito può ripetere dai condebitori soltanto la parte di ciascuno di essi.;
conservazione del paesaggio;Landschaftspflege;Il Ministero e le regioni definiscono d'intesa le politiche per la conservazione e la valorizzazione del paesaggio […].;Die Landschaftsplanung hat die Aufgabe, die Ziele des Naturschutzes und der Landschaftspflege für den jeweiligen Planungsraum zu konkretisieren […].
eredità;Verlassenschaft;In mancanza di figli legittimi o naturali, di ascendenti, di fratelli o sorelle, al coniuge si devolve tutta l'eredità.;Wer durch Verfügung von Todes wegen als Erbe berufen ist, kann, [...] die Erbschaft als eingesetzter Erbe ausschlagen und als gesetzlicher Erbe annehmen. | Die Erbschaft wird im Gesetz auch Nachlass genannt.
unità dello Stato;staatlich Einheit;Alla stessa [pena dell'ergastolo] soggiace chiunque commette un fatto diretto a disciogliere l'unità dello Stato [...].;Im Sinne dieses Gesetzes [dStGB] beeinträchtigt den Bestand der Bundesrepublik Deutschland, wer ihre Freiheit von fremder Botmäßigkeit aufhebt, ihre staatliche Einheit beseitigt oder ein zu ihr gehörendes Gebiet abtrennt.
ordinanza di archiviazione;Einstellungsbeschluss;L' ordinanza di archiviazione è ricorribile per cassazione solo nei casi di nullità previsti dall'articolo 127 comma 5.;Das Grundbuchamt kann jederzeit das Verfahren einstellen, wenn es sich von seiner Fortsetzung keinen Erfolg verspricht. Der Einstellungsbeschluß ist unanfechtbar.
debitore in solido;Solidarschuldner;Il debitore in solido che ha pagato l'intero debito può ripetere dai condebitori soltanto la parte di ciascuno di essi.;Kann von einem Gesamtschuldner der auf ihn entfallende Beitrag nicht erlangt werden, so ist der Ausfall von den übrigen zur Ausgleichung verpflichteten Schuldnern zu tragen.
collocamento;Stellenvermittlung;Originariamente, il collocamento costituiva una pubblica funzione esercitata direttamente e esclusivamente dallo Stato.;Die Erlaubnis zur Arbeitsvermittlung wird von der Bundesanstalt für Arbeit (Bundesanstalt) auf Antrag erteilt. | Deutsche und ihnen gleichgestellte ausländische Arbeitnehmer seien bei der Stellenvermittlung bevorrechtigt.
forma;Form;Il contratto preliminare è nullo, se non è fatto nella stessa forma che la legge prescrive per il contratto definitivo.;Einer besonderen Form bedarf der Vertrag nur, wenn Gesetz oder Parteiwille sie verlangt.
diritto al silenzio;Aussageverweigerungsrecht;Generalmente il difensore consiglia all'imputato di avvalersi del diritto al silenzio piuttosto che affermare il falso.;Außer über sein Schweigerecht ist der Beschuldigte nach § 136 Abs. 1 S. 2 über seine Befugnis zu belehren, schon vor seiner ersten Vernehmung zur Sache einen Verteidiger zu befragen.
legato alternativo;Wahlvermächtnis;Nel legato alternativo la scelta spetta all'onerato, a meno che il testatore l'abbia lasciata al legatario o a un terzo.;
impossibilità;Unmöglichkeit;Se l'impossibilità è solo temporanea, il debitore, finché essa perdura, non è responsabile del ritardo nell'adempimento.;
rappresentante comune;gemeinsam Vertreter;Nel caso di comproprietà di un'azione i diritti dei comproprietari devono essere esercitati da un rappresentante comune.;Steht eine Aktie mehreren Berechtigten zu, so können sie die Rechte aus der Aktie nur durch einen gemeinschaftlichen Vertreter ausüben
versamento;Einzahlung;Se la banca rilascia un libretto di deposito a risparmio, i versamenti e i prelevamenti si devono annotare sul libretto.;Mit der Einzahlung geht das Eigentum an den eingezahlten Noten und Münzen auf das Kreditinstitut über.
prova della filiazione;Beweis der Abstammung;Quando mancano l'atto di nascita e il possesso di stato, la prova della filiazione può darsi in giudizio con ogni mezzo.;
detonazione;Detonation;Le deflagrazioni possono trasformarsi in detonazioni, in presenza di turbolenza o di ostacoli sul percorso della fiamma.;Der Unterschied zwischen Deflagration und Detonation liegt in der Ausbreitungsgeschwindigkeit (Deflagration unter, Detonation über Schallgeschwindigkeit).
strada senza uscita;Sackgasse;Il segnale STRADA SENZA USCITA [...], posto all'inizio di una strada, indica che la stessa è senza uscita per i veicoli.;Mündet ein Radweg am Wendekopf über einen abgesenkten Bordstein in die Sackgasse ein, handelt es sich um die Zufahrt aus einem anderen Straßenteil, nicht um eine Einmündung. Infolgedessen muss der Radfahrer den Vorrang des Verkehrs in der Sackgasse beachten. Er kann sich nicht auf die besonderen Sorgfaltspflichten beim Wenden berufen, weil bei der Umrundung des Wendekopfes einer Sackgasse weder Mit- noch Gegenverkehr durchquert wird [...].
piantagione;Anpflanzung;Qualunque piantagione, costruzione od opera esistente sopra o sotto il suolo appartiene al proprietario di questo [...].;Für bauliche Anlagen, Anpflanzungen und für sonstige Einrichtungen ist nur eine Geldabfindung zu gewähren und im Falle der Zuteilung ein Ausgleich in Geld festzusetzen, soweit das Grundstück wegen dieser Einrichtungen einen über den Bodenwert hinausgehenden Verkehrswert hat.
negozio a titolo oneroso;entgeltlich Rechtsgeschäft;Nei negozi a titolo oneroso arricchimento e diminuzione patrimoniale sono collegati e simmetrici (es. vendita, permuta).;Neben entgeltlichen Rechtsgeschäfte (zB Kauf, Miete) gibt es unentgeltliche Rechtsgeschäfte (zB Schenkung, Leihe, Auftrag).
estinzione della società;Erlöschen der Gesellschaft;[L]a dichiarazione di fallimento della società [...] determina lo scioglimento, ma non l'estinzione della società [...].;"Nach der Beendigung der Liquidation ist das Erlöschen der Firma von den Liquidatoren zur Eintragung in das ""Firmenbuch"" anzumelden."
pericolo di inciampo;Stolpergefahr;I grigliati utilizzati per i calpestii, devono essere a maglie fitte per non costituire ostacolo o pericolo di inciampo.;Im Gehbereich umherliegende Versorgungsleitungen, die eine Stolpergefahr darstellen, sollten in einer Höhe ≥ 2,0 m verlegt oder mit sicheren Kabelbrücken [...] überdeckt werden.
espromissario;Gläubiger;[L']espromittente si obbliga spontaneamente nei confronti [dell']espromissario ad adempiere il debito [dell']espromesso.;Der vertragliche Schuldbeitritt erfolgt entweder durch Vereinbarung zwischen Gläubiger und Neuschuldner [...] oder als echter Vertrag zugunsten Dritter zwischen Alt- und Neuschuldner.
colpevolezza;Schuld;"La ""colpevolezza"", quale requisito del reato, è categoria dottrinale che non trova riscontro nel codice penale italiano.";
titolo esecutivo;Exekutionstitel;L'esecuzione forzata non può avere luogo che in virtù di un titolo esecutivo per un diritto certo, liquido ed esigibile.;Entscheidungen, die einen Vollstreckungstitel bilden oder die der sofortigen Beschwerde oder der Erinnerung [...] unterliegen, sind zuzustellen.
mediatore;Mäkler;Il mediatore ha diritto alla provvigione da ciascuna delle parti, se l'affare è concluso per effetto del suo intervento.;"Der Auftraggeber [...] kann den Auftrag jederzeit widerrufen, kündigen; er kann auch die Dienste weiterer Makler in Anspruch nehmen oder sich selbst um den Abschluß bemühen. | Aufwendungen sind dem Mäkler nur zu ersetzen, wenn es vereinbart ist. 2Dies gilt auch dann, wenn ein Vertrag nicht zustande kommt."
diritto personalissimo;höchst persönlich Recht;I diritti soggettivi della personalità sono personalissimi in quanto hanno come oggetto un modo di essere della persona.;
società con titoli quotati in borsa;börsennotiert Unternehmen;Per le società con titoli quotati in borsa, vi è l'obbligo imposto dalla Consob della certificazione del bilancio [...].;
esecuzione forzata;Zwangsvollstreckung;L'esecuzione forzata non può avere luogo che in virtù di un titolo esecutivo per un diritto certo, liquido ed esigibile.;Die Zwangsvollstreckung findet statt aus Endurteilen, die rechtskräftig oder für vorläufig vollstreckbar erklärt sind.
diritto reale;Sachenrecht;La destinazione può essere effettuata dal proprietario della cosa principale o da chi ha un diritto reale sulla medesima.;In 30 Jahren verjähren, soweit nicht ein anderes bestimmt ist, [...] Herausgabeansprüche aus Eigentum und anderen dinglichen Rechten, [...]. | Diese [Immobilienkredite] sind durch eine im Grundbuch eingetragene Hypothek oder Grundschuld gesichert, ein sogenanntes Realrecht. | Das Sachenrecht im subjektiven Sinne oder das dingliche Recht gehört [...] in den Bereich der absoluten Rechte, wie sie sich auch in anderen Rechtsgebieten [...] finden.
archivio corrente;laufend Archiv;Lo spostamento degli archivi correnti dello Stato e degli enti ed istituti pubblici non è soggetto ad autorizzazione […].;Bei Privatisierung durch Abstoßung an den Markt werden die Archive der Behörden auch privatisiert, mit Ausnahme der laufenden Archive.
unito civilmente;in eingetragen Partnerschaft;"Nei certificati e negli atti che contengono lo stato civile è possibile scrivere ""unito civilmente"" o ""unita civilmente"".";
procuratore generale;mit allgemein Vollmacht ausgestattet Person;Tale potere si presume conferito al procuratore generale di chi non ha residenza o domicilio nello Stato e all'institore.;
bancarotta fraudolenta;betrügerisch Konkurs;Mentre la bancarotta fraudolenta è punibile esclusivamente a titolo di dolo, quella semplice può essere dolosa o colposa.;Ist der Gemeinschuldner rechtskräftig wegen betrügerischen Bankrotts verurteilt, so leben dadurch ohne weiteres die Forderungen sämtlicher Gläubiger in ihrer ursprünglichen Höhe wieder auf [...].
accordo delle parti;Willenseinigung;"I requisiti del contratto sono: 1) l'accordo delle parti [...]; 2) la causa [...]; 3) l'oggetto [...]; 4) la forma [...].";"[D]ie Annahme [ist] mit dem Antrag zu vergleichen. Sie bringt nämlich [...] den Vertrag nur zustande, wenn sie gegenüber dem Antrag keine Erweiterungen, Einschränkungen oder sonstige Änderungen enthält [...]: Nur dann kommt es ja zu einer Einigung der Parteien, wie sie für den Vertrag nötig ist. Diese Einigung heißt auch Konsens. | Der Vertrag setzt eine Willenseinigung voraus. Diese braucht zwar nicht sämtliche Rechtsfolgen abschließend zu regeln; erforderlich ist aber, daß der wesentliche Inhalt des Vertrages zumindest bestimmbar ist."
legato;Legat;I creditori del defunto possono esercitare la separazione anche rispetto ai beni che formano oggetto di legato di specie.;[I]st dem Ehegatten, der das Gesamtgut nicht verwaltet, eine Erbschaft oder ein Vermächtnis angefallen, so ist nur er berechtigt, die Erbschaft oder das Vermächtnis anzunehmen oder auszuschlagen [...].
Ufficio di Presidenza;Präsidium;Nell'Ufficio di Presidenza devono essere rappresentati tutti i Gruppi parlamentari esistenti all'atto della sua elezione.;Jede Fraktion des Deutschen Bundestages ist durch mindestens einen Vizepräsidenten oder eine Vizepräsidentin im Präsidium vertreten.
debitore principale;Hauptschuldner;Le parti però possono convenire che il fideiussore non sia tenuto a pagare prima dell'escussione del debitore principale.;Da sie [die Bürgschaft] eine Forderung des Gläubigers gegen einen Dritten sichern soll, ist im einem weiteren Sinn auch dieser Dritte an der Bürgschaft beteiligt: er heißt der Hauptschuldner.
evento di danno;Verletzungserfolg;Nei casi di concorso nello stesso evento di danno, ciascuno risponde nei limiti della propria responsabilità individuale.;"Die Verjährung beginnt mit dem Zeitpunkt, mit dem die Verjährung des Schadenersatzanspruchs gegen den ersatzpflichtigen Versichrungsnehmer beginnt; sie endet jedoch spätestens in zehn Jahren von dem Schadensereignis an."
testimone;Zeuge;Il giudice, quando lo ritiene opportuno, nel riportare le dichiarazioni descrive il contegno della parte e del testimone.;Der Zeugenbeweis wird durch die Benennung der Zeugen und die Bezeichnung der Tatsachen, über welche die Vernehmung der Zeugen stattfinden soll, angetreten.
rettificazione;Richtigstellung;Nel caso di altre omissioni o inesattezze, si può ordinare la rettificazione a istanza e a spese della parte interessata.;Offensichtliche Unrichtigkeiten kann der Notar auch nach Abschluß der Niederschrift durch einen von ihm zu unterschreibenden Nachtragsvermerk richtigstellen. Der Nachtragsvermerk ist am Schluß nach den Unterschriften oder auf einem besonderen, mit der Urkunde zu verbindenden Blatt niederzulegen  mit dem Datum der Richtigstellung zu versehen.
firma autografa;eigenhändig Unterschrift;All'atto della richiesta l'imprenditore deve depositare la sua firma autografa e quelle dei suoi institori e procuratori.;Zur Feststellung der Urheberschaft des Erblassers und zur Klarstellung, dass es sich um eine abgeschlossene Erklärung handelt, ist die eigenhändige Unterschrift des Erblassers unbedingt erforderlich.
legato di specie;Stückvermächtnis;I creditori del defunto possono esercitare la separazione anche rispetto ai beni che formano oggetto di legato di specie.;Das Vermächtnis eines bestimmten Gegenstandes ist unwirksam, soweit der Gegenstand zur Zeit des Erbfalls nicht zur Erbschaft gehört. | Ein Stückvermächtnis ist grundsätzlich nur wirksam, wenn der vermachte Gegenstand zur Zeit des Erbfalls zum Vermögen des Erblassers gehört.
mandato di credito;Kreditauftrag;Il mandato di credito assolve ad una funzione di credito o, più esattamente, di preparazione ed agevolazione del credito.;Maßgebend für den Kreditauftrag ist das nach dem übereinstimmenden Willen der Vertragsparteien bestehende eigene Interesse des Auftraggebers an der Gewährung von Geld- oder Warenkredit.
regime patrimoniale della famiglia;Güterstand;Merita anzitutto sottolineare che la riforma del 1975 ha profondamente innovato anche il regime patrimoniale tra coniugi.;
dichiarazione di guerra;Kriegserklärung;La dichiarazione di guerra è un atto dovuto da parte del Presidente e la sostanza di tale atto è determinata dal Governo.;"Mit der Ersetzung des Begriffs der Kriegserklärung durch die ""Feststellung, daß der Verteidigungsfall eingetreten ist"", wurde berücksichtigt, daß nach den neueren geschichtlichen Erfahrungen und den nunmehr geltenden völkerrechtlichen Regeln [...] nicht mehr mit einer förmlichen Kriegserklärung gerechnet werden konnte."
anno civile;Kalenderjahr;La Regione, le Province ed i Comuni hanno un proprio bilancio per l'esercizio finanziario che coincide con l'anno solare.;Die Musikproduktion, zu der sich der Beklagte verpflichtet hatte - also die Aufnahme und Veröffentlichung einer für eine Langspielplatte ausreichenden Zahl von Titeln in jedem Kalenderjahr -, stellt keine Leistung dar, die dem Vertrag hinsichtlich dieser Verpflichtung den Charakter eines absoluten Fixgeschäftes gibt.
avvocato;Rechtsanwalt;L'atto di rinuncia è notificato alle parti costituite o comunicato agli avvocati delle stesse, che vi appongono il visto.;Als RA wird nur zugelassen, wer die Befähigung zum Richteramt erlangen hat.
interpretazione dottrinale;doktrinell Interpretation;L'interpretazione viene detta dottrinale, giurisprudenziale, forense, autentica, ecc. a seconda di chi la pone in essere.;[v. Savigny ] [unterscheidet] zwischen dem Ziel der Interpretation, entweder der Rechtssetzung durch berufene Rechtsorgane (authentische Interpretation) oder zum eigenen Verständnis der Subjizierten oder Rechtswissenschaftler (doktrinelle Interpretation). Diese Unterscheidung spielt hinsichtlich der Wirkung des Interpretationsergebnisses eine Rolle, da das doktrinelle Ergebnis nur Privatinteressen dient und das authentische Ergebnis als formell bindend anzuerkennen ist.
intervento;Parteibeitritt;Agli effetti di cui all'articolo 526 l'intervento non deve avere luogo oltre la prima udienza di comparizione delle parti.;Nach Rücknahme des Beitritts kann der Nebenintervenient auch ohne Einverständnis der Parteien dem Gegner der bisher unterstützen Partei beitreten.
stato di necessità;Notstand;"Lo stato di necessità esclude la colpa dell'agente nella misura in cui reso ""inevitabile"" il compimento dell'atto dannoso.";
autorità di notifica;notifizierend Behörde;L'autorità di notifica assicura che l'esercizio delle sue attività sia improntato a criteri di obiettività e imparzialità.;Die Benennende Behörde ist zuständig für die Einrichtung und Durchführung der erforderlichen Verfahren für die Bewertung, Benennung und anschließende Überwachung Benannter Stellen.
personale di cancelleria;Personal der Gerichtskanzlei;La comunicazione di atti del giudice ad altro giudice si esegue [...] mediante consegna al personale di cancelleria [...].;[Die] Haftung des Anwalts, der nicht jede Tätigkeit selbst ausführen kann, erstreckt sich auch auf Gehilfen, juristische Mitarbeiter und sonstiges Kanzleipersonal.
perizia psicologica;psychologisch Gutachten;Inammissiblie, invece, è la perizia psicologica o cirminologica [...], tranne che sia correlata a cause patologiche [...].;
conseguimento dell'oggetto sociale;Erreichung der Gesellschaftszweck;La società si scioglie [...] per il conseguimento dell'oggetto sociale o per la sopravvenuta impossibilità a raggiungerlo.;
subaffitto;Subpacht;Se il locatore consente il subaffitto, questo è considerato come locazione diretta tra il locatore e il nuovo affittuario.;
pericolo di vita;Lebensgefahr;L'ufficiale dello stato civile dichiara nell'atto di matrimonio il modo con cui ha accertato l'imminente pericolo di vita.;Die Vollstreckung einer Freiheitsstrafe ist aufzuschieben, wenn der Verurteilte in Geisteskrankheit verfällt. Dasselbe gilt bei anderen Krankheiten, wenn von der Vollstreckung eine nahe Lebensgefahr für den Verurteilten zu besorgen ist.
perizia criminologica;kriminologisch Gutachten;Inammissibile, invece, è la perizia psicologica o cirminologica [...], tranne che sia correlata a cause patologiche [...].;
offerta di opzione;Bezugsangebot;L'offerta di opzione deve essere pubblicata nel Bollettino ufficiale delle società per azioni e a responsabilità limitata.;
sentenza cassata;aufgehoben Urteil;Le parti conservano la stessa posizione processuale che avevano nel procedimento in cui fu pronunciata la sentenza cassata.;Wird in einem Wiederaufnahmeverfahren das angefochtene Urteil zugunsten des Beamten aufgehoben, erhält dieser von dem Eintritt der Rechtskraft des aufgehobenen Urteils an die Rechtsstellung, die er erhalten hätte, wenn das aufgehobene Urteil der Entscheidung entsprochen hätte, die im Wiederaufnahmeverfahren ergangen ist. [...]
rimozione del veicolo;abschleppen ein Motorfahrzeug;Avverso la sanzione amministrativa accessoria della rimozione o del blocco del veicolo è ammesso ricorso al prefetto [...].;[D]as Abschleppen des Fahrzeugs des Klägers [war] geeignet und erforderlich, um die Störung der öffentlichen Sicherheit zu beseitigen.
maggioranza assoluta;absolut Stimmenmehrheit;[L'assemblea ordinaria] delibera a maggioranza assoluta, salvo che l'atto costitutivo richieda una maggioranza più elevata.;"Durchweg ist im ersten Wahlgang die absolute Mehrheit erforderlich; wenn kein Kandidat diese Mehrheit erreicht, findet zwei Wochen später entweder eine Stichwahl (zwischen den beiden bestplazierten Kandidaten) oder eine Neuwahl (mit möglicherweise neuen Kandidaten) statt. | Der Präsident wird von der Vollversammlung mit absoluter Stimmenmehrheit der anwesenden Mitglieder gewählt."
vincolo di parentela;Verwandtschaftsband;La legge non riconosce il vincolo di parentela oltre il sesto grado, salvo che per alcuni effetti specialmente determinati.;Mit der Adoption würde das natürliche Verwandtschaftsband zwischen Vater und Sohn rechtlich unwiderruflich zerschnitten. Gegen den Willen des Vaters ist dieser völlige Verlust der verfassungsrechtlich geschützten Vaterstellung (Art. 6 Abs. 2 S. 1 GG) nur in eindeutigen Fällen elterlichen Versagens gerechtfertigt.
colore di contrasto;Kontrastfarbe;[Un] colore di contrasto [è] un colore che si distingue da un colore di sicurezza e trasmette così ulteriori indicazioni[.];Das Warnzeichen deutet auf potentielle Gefahren und mögliche Risiken hin. Bei diesen dreieckigen Piktogrammen muss die Sicherheitsfarbe “signalgelb” mindestens 50% der Gesamtfläche des Zeichens bedecken. Das Symbol muss in schwarzer Kontrastfarbe aufgedruckt werden.
assemblea;Vereinsversammlung;L'assemblea delle associazioni deve essere convocata dagli amministratori una volta l'anno per l'approvazione del bilancio.;Die Mitgliederversammlung ist in den durch die Satzung bestimmten Fällen sowie dann zu berufen, wenn das Interesse des Vereins es erfordert. | Auch ohne Versammlung der Mitglieder ist ein Beschluss gültig, wenn alle Mitglieder ihre Zustimmung zu dem Beschluss schriftlich erklären.
trasferimento dell'azienda;Übertragung ein Betrieb;Nel trasferimento dell'azienda per atto tra vivi (2556) la ditta non passa all'acquirente senza il consenso dell'alienante.;Es bestehen Bedenken gegen die Annahme, daß bei Übertragung eines Betriebes die Arbeitsverhältnisse des Betriebes notwendig und ohne Rücksicht auf den Willen des alten und neuen Betriebsinhabers und der Arbeitnehmer auf den Erwerber übergehen.
competenza;Organkompetenz;La competenza dell'autorità governativa nell'esercizio dei poteri ad essa demandati […] è determinata dalle leggi speciali.;"Zuständigkeit und Ermächtigungsgrundlage sind streng voneinander zu trennen. Die Zuständigkeit der Behörde besagt, nur, dass sie sich mit einer bestimmten Aufgabe befassen darf; erst die Ermächtigung bildet die Grundlage für eine Maßnahme gegenüber dem Bürger."
contributo variabile;veränderlich Beitrag;I soci sono tenuti al pagamento di contributi fissi o variabili, entro il limite massimo determinato dall'atto costitutivo.;"Veränderliche Beiträge entrichten Mitgliedsverbände und Mitgliedsfirmen, die Erdöl
und/oder Erdgas fördern, speichern oder transportieren bzw. Rohöl, Rohteer oder andere Raffinerieeinsatzprodukte verarbeiten oder daraus hergestellte Produkte vertreiben. Der veränderliche Beitrag wird zusätzlich zum festen Beitrag gezahlt."
permuta;Tauschvertrag;Salvo patto contrario, le spese della permuta e le altre accessorie sono a carico di entrambi i contraenti in parti uguali.;Jeder Vermögensgegenstand, der nach der Verkehrsauffassung als Kaufobjekt in Betracht kommt, kann Gegenstand eines Tauschvertrages werden [...].
fuoco di gas;Gasbrand;Nella classe B vi sono i fuochi di sostanze liquide infiammabili mentre i fuochi di gas sono classificati con la lettera C.;[Es] sind [z. B.] Gasbrände nicht mit Löschmitteln, sondern durch Absperren der Gaszuleitung zu löschen.
sposi;Eheschließende;La richiesta della pubblicazione deve farsi da ambedue gli sposi o da persona che ne ha da essi ricevuto speciale incarico.;Die Ehe wird nur dadurch geschlossen, dass die Eheschließenden vor dem Standesbeamten erklären, die Ehe miteinander eingehen zu wollen.
garanzia di buon funzionamento;Gewährleistung der Gebrauchsfähigkeit;Sono salvi gli usi i quali stabiliscono che la garanzia di buon funzionamento è dovuta anche in mancanza di patto espresso.;
ipotermia;Unterkühlung;Le patologie da basse temperature si distinguono in sindromi di ordine generale (ipotermia) ed in lesioni locali da freddo.;Kältebelastung infolge niedriger Lufttemperaturen wird in einer kalten Umgebung durch erhöhte Luftbewegung verstärkt. Der Körper reagiert thermoregulatorisch mit einer verringerten Hautdurchblutung und sinkender Hauttemperatur, um den Wärmeverlust zu senken. In der Folge sinken Temperatur von Körperschale und -kern (Hypothermie). | Bei niedrigen Temperaturen gibt der Körper zunehmend Wärme ab. Die Folgen davon können Unterkühlung bis hin zu Erfrierungen sowie rheumatische Erkrankungen sein. Durch Abnahme der Beweglichkeit, insbesondere der Hände, nimmt dabei das Unfallrisiko zu.
amministrazione di sostegno;Beistandschaft;Il ricorso per l'istituzione dell'amministrazione di sostegno può essere proposto dallo stesso soggetto beneficiario [...].;
adolescente;jugendlich Arbeitnehmer;Sono fatti salvi i divieti e le limitazioni previsti dalla legge sulla tutela del lavoro dei fanciulli e degli adolescenti.;Jugendliche dürfen nicht mehr als acht Stunden täglich und nicht mehr als 40 Stunden wöchentlich beschäftigt werden. | In Betrieben mit in der Regel mindestens fünf Arbeitnehmern, die das 18. Lebensjahr noch nicht vollendet haben (jugendliche Arbeitnehmer) oder die zu ihrer Berufsausbildung beschäftigt sind und das 25. Lebensjahr noch nicht vollendet haben, werden Jugend- und Auszubildendenvertretungen gewählt.
ione;Ion;Nei tessuti biologici gli ioni generati dalle radiazioni ionizzanti possono avere influenza sui normali processi biologici.;Bei [Ionisationsrauchmeldern] kommen geringe Mengen von Alphastrahlern zum Einsatz. Die Alphastrahlung erzeugt in sauberer klarer Luft Ionen, also elektrisch geladene Teilchen, die über eine angelegte Spannung abgesaugt werden, es fließt ein kontinuierlicher Ionenstrom. Dringt nun Rauch in die Messkammer ein, so verändert sich der Ionenstrom gegenüber einer Referenzkammer und die nachfolgende Elektronik löst einen Rauchalarm aus.
obbligo informativo;Auskunftspflicht;Sicurezza, composizione e qualità dei prodotti e dei servizi costituiscono contenuto essenziale degli obblighi informativi.;Die Informationspflicht hinsichtlich der Netzdaten […] kann in der Weise erfüllt werden, dass diese einem sachverständigen Dritten übergeben werden (Gutachter).
capitale azionario;Aktienkapital;La Giunta provinciale è autorizzata a partecipare al capitale azionario della società in misura non superiore al 33% [...].;
mutuatario;Darlehensnehmer;Se il mutuatario non adempie l'obbligo del pagamento degli interessi, il mutuante può chiedere la risoluzione del contratto.;
mediazione familiare;Familienmediation;Obiettivo della mediazione familiare è assistere le coppie che sono entrate in crisi e attenuare gli effetti di un divorzio.;
società civile;societas;Nella società semplice il contratto non è soggetto a forme speciali, salve quelle richieste dalla natura dei beni conferiti.;
autorità competente;zuständig Behörde;Per le violazioni […] l'autorità competente è il sindaco del comune nel cui territorio le medesime sono state accertate […].;Die zuständige Behörde ist berechtigt, zu überprüfen, ob die auf dem Gebiet der Bundesrepublik Deutschland tätigen Triebfahrzeugführer, Unternehmer, Ausbilder und Prüfer die Vorschriften dieser Verordnung [Triebfahrzeugführerscheinverordnung] einhalten.
cambio;Devisenkurs;L'ammontare del reddito indicato in moneta straniera è convertito in moneta italiana, sulla base del cambio ufficiale [...].;
macchina agricola;land und forstwirtschaftlich Fahrzeug;I convogli formati da macchine agricole semoventi e macchine agricole trainate non possono superare la lunghezza di 16,50 m.;Land- oder forstwirtschaftliche Fahrzeuge weisen einige Besonderheiten auf, die im Straßenverkehr oft zu einer Gefahrenquelle werden können. Ein Merkmal ist die Sperrigkeit und die Breite von solchen Fahrzeugen. Erschwert  wird die Sicht des Fahrers nach hinten durch zum Teil sehr sperrige Ladungen wie z. B. große Stroh- oder Heuballen und durch die Bauhöhe der Fahrzeuge.
spoglio delle schede;Stimmenzählung;Lo spoglio delle schede per la elezione del Presidente è compiuto in seduta pubblica dall'Ufficio provvisorio di Presidenza.;
assemblea dei sottoscrittori;Versammlung der Zeichner;L'assemblea dei sottoscrittori [...] accerta l'esistenza delle condizioni richieste per la costituzione della società [...].;
mutualità;Gegenseitigkeit;La Repubblica riconosce la funzione sociale della cooperazione a carattere di mutualità e senza fini di speculazione privata.;
contratto aleatorio;Zufallsvertrag;Qualora le parti non abbiano voluto concludere un contratto aleatorio, la vendita è nulla, se la cosa non viene ad esistenza.;
confessione stragiudiziale;aussergerichtlich Geständnis;La confessione stragiudiziale fatta alla parte o a chi la rappresenta ha la stessa efficacia probatoria di quella giudiziale.;Das außergerichtliche Geständnis ist lediglich eine Erkenntnisquelle der Beweiswürdigung und wird erst dann zum prozessualen Geständnis, wenn es der Gestehende (nicht der Gegner) in der mündlichen Verhandlung ausdrücklich oder durch schlüssiges Verhalten in den Prozess einführt.
protezione contro i contatti diretti;Schutz gegen direkt Berühren;La protezione contro i contatti diretti viene ottenuta tramite isolamento delle parti attive o mediante involucri o barriere.;Der Basisschutz soll sicher stellen, dass Personen und Nutztiere aktive Teile unter normalen Betriebsbedingungen nicht berühren können, wenn die Nennspannungen über 25 [Effektivwert] Wechselspannung bzw. 60 V Gleichspannung betragen.
utile distribuibile;Bilanzgewinn;[P]uò essere utile di bilancio, e perciò utile distribuibile, anche se nelle casse della società mancano somme liquide [...].;
votazione nominale;namentlich Abstimmung;La votazione nominale può aver luogo per appello nominale ovvero mediante procedimento elettronico con registrazione di nomi.;Werden viele namentliche Abstimmungen zum selben Tagesordnungspunkt abgehalten, können die Voten auf einem Stimmzettel statt durch Stimmkarten abgegeben werden.
occhiali di protezione UV;UV-Schutzbrille;Gli occhiali di protezione UV sono efficaci per ridurre l'esposizione degli occhi ai raggi UV oculari da riflessi della neve.;
contratto di diritto pubblico;Verwaltungsvertrag;I contratti a oggetto pubblico, o contratti di diritto pubblico, hanno un oggetto di cui solo l’amministrazione può disporre.;Ein Rechtsverhältnis auf dem Gebiet des öffentlichen Rechts kann durch Vertrag begründet, geändert oder aufgehoben werden (öffentlich-rechtlicher Vertrag) [...]. Insbesondere kann die Behörde, anstatt einen Verwaltungsakt zu erlassen, einen öffentlich-rechtlichen Vertrag mit demjenigen schließen, an den sie sonst den Verwaltungsakt richten würde. | Der Verwaltungsvertrag unterscheidet sich durch seinen Gegenstand von den übrigen Verträgen.
efficacia di giudicato;Wirksamkeit ein rechtskräftig Entscheidung;Il decreto penale di condanna anche se divenuto esecutivo non ha efficacia di giudicato nel giudizio civile o amministrativo.;
debito ipotecario;Hypothekenschuld;In caso d'insolvenza di un coerede, la sua quota di debito ipotecario è ripartita in proporzione tra tutti gli altri coeredi.;
operazione peritale;Tätigkeit der Sachverständige;Il perito indica il giorno, l'ora e il luogo in cui inizierà le operazioni peritali e il giudice ne fa dare atto nel verbale.;Der Richter hat, soweit ihm das erforderlich erscheint, die Tätigkeit der Sachverständigen zu leiten.
testamento reciproco;wechselseitig Testament;Non si può fare testamento da due o più persone nel medesimo atto, né a vantaggio di un terzo, né con disposizioni reciproca.;Ein gemeinschaftliches Testament kann nur von Ehegatten errichtet werden .
fusione;Verschmelzung von Gesellschaft;La fusione deve essere deliberata da ciascuna delle società che vi partecipano mediante l'approvazione del relativo progetto.;Die Verschmelzung kann erfolgen durch Aufnahme einer Gesellschaft in eine andere oder durch Neubildung einer Gesellschaft aus den bisherigen.
testamento congiuntivo;gemeinschaftlich Testament;Non si può fare testamento da due o più persone nel medesimo atto, né a vantaggio di un terzo, né con disposizioni reciproca.;Ein gemeinschaftliches Testament kann nur von Ehegatten errichtet werden .
successione legittima;Intestaterbfolge;Nelle successioni legittime la parte di colui che rinunzia si accresce a coloro che avrebbero concorso col rinunziante [...].;Hat der Erblasser nur einen Erben eingesetzt und die Einsetzung auf einen Bruchteil der Erbschaft beschränkt, so tritt in Ansehung des übrigen Teiles die gesetzliche Erbfolge ein.
contratto di ingegneria;Engineering-Vertrag;In assenza di una disciplina legale specifica, si ritiene che qualunque soggetto possa stipulare un contratto di engineering.;
incostituzionale;verfassungswidrig;Le norme dichiarate incostituzionali non possono avere applicazione dal giorno successivo alla pubblicazione della decisione.;Wird der Verfassungsbeschwerde gegen ein Gesetz stattgegeben, so ist das Gesetz für nichtig zu erklären. Das gleiche gilt, wenn der Verfassungsbeschwerde gemäß Absatz 2 stattgegeben wird, weil die aufgehobene Entscheidung auf einem verfassungswidrigen Gesetz beruht.
obbligo di comunicazione;Mitteilungspflicht;L'inottemperanza all'obbligo di comunicazione […] è punita con la sanzione amministrativa da euro 2.000,00 ad euro 10.000,00.;Die Finanzbehörden können Ausnahmen von der Mitteilungspflicht zulassen, wenn die Zahlungen geringe oder keine steuerliche Bedeutung haben.
bassissima tensione;ELV;L’impiego della bassissima tensione […] consente una protezione combinata contro i contatti diretti e contro quelli indiretti.;Erhöhte elektrische Gefährdung besteht immer dann, wenn Räume feucht und nass, eng und leitfähig sind[.] In diesen Bereichen dürfen elektrische Betriebsmittel nur mit Kleinspannung bzw. Schutztrennung betrieben werden.
latitanza;Verbergen sein Aufenthalt;Gli effetti processuali conseguenti alla latitanza operano soltanto nel procedimento penale nel quale essa è stata dichiarata.;Wird jemand auf frischer Tat betroffen oder verfolgt, so ist, wenn er der Flucht verdächtigt ist oder seine Identität nicht sofort festgestellt werden kann, jedermann befugt, ihn auch ohne richterliche Anordnung vorläufig festzunehmen. | Wie bei dem Sichentziehen muß sich beim Sichverborgenhalten die Unerreichbarkeit nicht unbedingt auf das anhängige Ermittlungsverfahren beziehen.
libertà dell'arte;Kunstfreiheit;L'articolo 33 [della Costituzione] afferma il principio della libertà dell'arte e della scienza e del loro insegnamento [...].;"Hinsichltich des von ihr geschützten Personenkreises erstreckt sich die Kunstfreiheit zuvörderst auf die sich künstlerisch betätigenden natürlichen Personen, darüber hinaus auf diejenigen, die hierfür eine ""unentbehrliche Mitttlerfunktion"" wahrnehmen (z.B. Verleger, Aussteller, Galerist)."
prospetto informativo;Gesellschaftsblatt;La società cessionaria o la società emittente i titoli, se diversa dalla società cessionaria, redige il prospetto informativo.;Die Auflösung ist von den Liquidatoren zu drei verschiedenen Malen in den Gesellschaftsblättern bekanntzumachen.
rapporto giuridico patrimoniale;vermögensrechtlich Verhältnis;Il contratto è l'accordo di due o piú parti per costituire, regolare o estinguere tra loro un rapporto giuridico patrimoniale.;Die Revision ist zulässig und wegen grundsätzlicher Bedeutung der Sache anzunehmen (§§ 554 a, 554 b ZPO). Eine Zulassung durch das Berufungsgericht (§ 546 ZPO) kam nicht in Betracht, da der Beschwerdewert 40.000 DM übersteigt und über vermögensrechtliche Ansprüche gestritten wird. Vermögensrechtlich sind nicht nur Geld- oder geldwerte Ansprüche, sondern auch solche, die auf vermögensrechtlichen Beziehungen beruhen. Das ist bei aktienrechtlichen Nichtigkeits- und Anfechtungsklagen, jedenfalls wenn der Unternehmensgegenstand geschäftlicher Art ist, stets der Fall. | [A]lle Satzungs- und Geschäftsordnungsbestimmungen einer Aktiengesellschaft beziehen sich unmittelbar oder mittelbar auf die Verwaltung und den Einsatz von Vermögenswerten. Wer ihre Wirksamkeit mit einer Klage anzweifelt, stellt daher auch dann, wenn für ihn persönlich vielleicht andere Beweggründe als die Wahrnehmung eigener Vermögensinteressen im Vordergrund stehen, immer auch ein vermögensrechtliches Verhältnis zur Entscheidung.
museo;Museum;Sono beni inalienabili i beni del demanio culturale […] [quali] le raccolte di musei, pinacoteche, gallerie e biblioteche […].;Das neue Kulturgutschutzgesetz (KGSG) sieht […] zahlreiche Neuregelungen vor, die die Interessen der Museen und anderer Kulturgut bewahrender Einrichtungen […] unterstützen […].
temerarietà;Mutwille;Se una delle parti era consapevole della temerarietà della sua pretesa, l'altra può chiedere l'annullamento della transazione.;Prozesskostenhilfe kann einer klagenden Partei nicht schon deshalb versagt werden, weil sie vorgerichtlich die Begutachtung durch einen von der beklagten Haftpflichtversicherung des Unfallgegners beauftragten medizinischen Sachverständigen abgelehnt hat. Darin liegt kein Mutwille im Sinne des § 114 ZPO.
guanto a manopola;Fäustling;I guanti a manopola sono adatti per i lavori pesanti (“presa grossa”). Possono essere facilmente sfilati in caso di necessità.;Im Umfeld von und für Tätigkeiten an Salzbädern: [...] [m]ehrlagige leicht abwerfbare Fausthandschuhe aus dichtem Baumwollgewebe mit Stulpe [tragen], deren äußere Lage bei Kontakt mit heißer Schmelze wegbrennt und abfällt[.] | Von der Bauform unterscheidet man: Fäustlinge, bei welchen die Finger außer den Daumen in einem Innenraum zusammen umschlossen werden. Fingerhandschuhe mit einem Futteral pro Finger, Kurzfingerhandschuhe als Fingerhandschuhe mit offenen Fingerenden, Stutzen, die nur den Unterarm, Daumen und die Hand selbst umschließen, die Finger aber frei lassen.
coattività;Verbindlichkeit;La norma giuridica ha cioè il carattere della coattività perché in caso di violazione può essere realizzata anche colla forza.;"Man kann vielleicht folgendermaßen differenzieren: Die Rechtsnorm beansprucht Verbindlichkeit; wenn sie gilt, ist sie verbindlich (und solange sie noch nicht gilt, ist sie auch nicht verbindlich)."
frutti naturali;unmittelbar Sachfrucht;I frutti naturali appartengono al proprietario della cosa che li produce, salvo che la loro proprietà sia attribuita ad altri.;
funzione giurisdizionale;Rechtsprechung;La funzione giurisdizionale è esercitata da magistrati ordinari istituiti e regolati dalle norme sull'ordinamento giudiziario.;Die Gesetzgebung ist an die verfassungsmäßige Ordnung, die vollziehende Gewalt und die Rechtsprechung sind an Gesetz und Recht gebunden.
acquisto di un diritto;Rechtserwerb;[L]'acquisto del diritto del nuovo titolare dipende, di regola, dalla effettiva esistenza del diritto del precedente titolare.;Der Erwerb eines Rechts kann auf Grund des Willens der Beteiligten [...] oder unmittelbar kraft gesetzlicher Vorschrift [...] eintreten. | Der Rechtserwerb kann [...] von einem Rechtsvorgänger abgeleitet sein [abgeleiteter, derivativer Rechtserwerb ...] oder unabhängig hiervon kraft eines besonderen Erwerbsgrundes stattfinden [ursprünglicher, originärer Rechtserwerb...].
esclusione di diritto;gesetzlich Ausschluss;L'esclusione opera di diritto riguardo al coniuge interdetto e permane sino a quando non sia cessato lo stato di interdizione.;In den Fällen, in denen die gesetzlich geforderte Unparteilichkeit von ehrenamtlichen Richterinnen oder Richtern bei einem Rechtsstreit in Frage steht, dürfen sie weder an der Verhandlung noch an der Entscheidung dieses Rechtsstreits mitwirken. Das Gesetz unterscheidet hierbei zwischen dem Ausschluss kraft Gesetzes und der Ablehnung durch die Prozessparteien. | Der gesetzliche Ausschluss von Ton- und Fernseh-Rundfunkaufnahmen in Gerichtsverhandlungen durch § 169 Satz 2 GVG ist verfassungsgemäß.
esercizio sociale;Geschäftsjahr;L'assemblea ordinaria dev'essere convocata almeno una volta all'anno entro quattro mesi dalla chiusura dell'esercizio sociale.;
scoperto;Selbstbehalt;Gli scoperti non possono, sotto pena di decadenza dalla garanzia, essere assicurati e devono restare a carico dell'assicurato.;"Ein privater Krankenversicherer darf sich auf eine vereinbarte prozentuale Selbstbeteiligung des Versicherungsnehmers für den Fall der Krankenhausbehandlung in den alten Bundesländern auch dann berufen, wenn der Versicherungsnehmer unfreiwillig in einem dort gelegenen Krankenhaus behandelt wird. | Selbstbehalt wird berechnet (als Prozentsatz) und abgezogen nicht von dem ""Schaden"", also von der Summe aller durch den Versicherungsfall bedingten Kosten, sondern von der Entschädigung, die ohne den Selbstbehalt zu leisten wäre."
decreto;prozessleitend Verfügung;La legge stabilisce i casi nei quali il provvedimento del giudice assume la forma della sentenza, dell'ordinanza o del decreto.;"Bei maschineller Bearbeitung werden Beschlüsse, Verfügungen, Ausfertigungen und Vollstreckungsklauseln mit dem Gerichtssiegel versehen; einer Unterschrift bedarf es nicht."
atto di conferimento;Ausgliederungsvertrag;[L]'atto di conferimento deve necessariamente riguardare il complesso di beni funzionalmente idoneo all'esercizio dell'impresa.;
calore di innesco;Entzündungswärme;[L’a]ccensione indiretta [si verifica] quando il calore di innesco proviene per convezione, conduzione e irraggiamento termico.;
matrimonio religioso;religiös Trauung;L'atto fondamentale perché il matrimonio religioso consegua effetti civili è la sua trascrizione negli atti dello stato civile.;Die neue Rechtslage sieht vor, dass kirchliche oder andere religiöse Eheschließungen zukünftig auch dann durchgeführt werden dürfen, wenn das Paar nicht standesamtlich verheiratet ist | Wird nach dem Heimatrecht der Ehegatten die Eheschliessung erst mit einer religiösen Trauung wirksam, so ist, solange diese nicht erfolgt ist, die Wirksamkeit der vor dem Standesbeamten geschlossenen Ehe auf das Inland beschränkt (hinkende Ehe).
appello principale;Hauptberufung;Avendo il giudice di appello accolto l'appello principale, lo stesso aveva omesso qualsiasi pronunzia sull'appello incidentale.;Ist ein Rechtsmittel sowohl als Hauptberufung wie als Anschließung an die Berufung der Gegenseite zulässig, so bestimmt sich die Frist, innerhalb der die Begründung einzureichen ist, nur dann nach § 522 a Abs. 2 ZPO, wenn sich im Zeitpunkt der Einlegung des Rechtsmittels feststellen läßt, daß eine Anschließung gewollt ist.
sentenza passata in giudicato;rechtskräftig Urteil;L'accertamento contenuto nella sentenza passata in giudicato fa stato a ogni effetto tra le parti, i loro eredi o aventi causa.;Das rechtskräftige Urteil wirkt für und gegen die Parteien und die Personen, die nach dem Eintritt der Rechtshängigkeit Rechtsnachfolger der Parteien geworden sind oder den Besitz der in Streit befangenen Sache in solcher Weise erlangt haben, dass eine der Parteien oder ihr Rechtsnachfolger mittelbarer Besitzer geworden ist.
autonomia statutaria;Satzungsautonomie;La riforma della disciplina della società a responsabilità limitata è ispirata a [...] prevedere un’ampia autonomia statutaria.;Die Verleihung von Satzungsautonomie an die Anstalt findet ihren Sinn darin, die in ihr zusammengefassten Mitglieder der körperschaftlich organisierten Notarkammern zu aktivieren und ihnen gemeinsam die Regelung solcher Angelegenheiten eigenverantwortlich zu überlassen, die sie selbst betreffen und die sie in überschaubaren Bereichen am Sachkundigsten beurteilen können [...].
comproprietario;Miteigentümer;Il comproprietario di un muro comune può esimersi dall'obbligo di contribuire nelle spese di riparazione e ricostruzione [...].;Die gemeinschaftliche Sache kann auch zugunsten eines Miteigentümers belastet werden.
processo di cognizione;Erkenntnisverfahren;Il processo di cognizione è diretto ad un accertamento volto ad individuare il comando da applicarsi alla fattispecie concreta.;Wie der Zivilprozeß, so zerfällt auch der Strafprozeß in zwei Hauptteile: das Erkenntnisverfahren [...] und das Vollstreckungsverfahren [...].
libro mastro;Hauptbuch;Ciascun consegnatario deve tenere un libro mastro per le categorie dei mobili ed un giornale degli aumenti e delle diminuzioni.;
corrimano laterale;Seitenhandlauf;Le scale retrattili possono essere a pioli o a gradini, e devono essere dotate di corrimani laterali e di maniglioni di sbarco.;Als zusätzliche Haltemöglichkeit beim Begehen der Leiter dient der ein- oder beidseitig angebrachte Seitenhandlauf.
destinatario;Empfänger;Il destinatario ha diritto di fare accertare a sue spese, prima della riconsegna, l'identità e lo stato delle cose trasportate.;Der Empfänger [...] hat die noch geschuldete Fracht bis zu dem Betrag zu zahlen, der aus dem Frachtbrief hervorgeht.
capo penale della sentenza;strafrechtlich Teil der Urteil;L'impugnazione contro la sola disposizione che riguarda la confisca è proposta con gli stessi mezzi previsti per i capi penali.;Soweit das Gericht dem Antrag stattgibt, kann der Angeklagte die Entscheidung auch ohne den strafrechtlichen Teil des Urteils mit dem sonst zulässigen Rechtsmittel anfechten. In diesem Falle kann über das Rechtsmittel durch Beschluß in nichtöffentlicher Sitzung entschieden werden.
termine giudiziario;gerichtlich Frist;Nell'ambito dei termini processuali si è soliti anzizuzzo distinguere: [...] i termini legali [...] da quelli giudiziali [...].;Eine gerichtliche Frist liegt [...] vor, wenn das Gericht die Dauer der Frist in jedem Einzelfall selbst bestimmen kann.
stirpe;Stamm;La rappresentazione ha luogo in infinito, siano uguali o disuguali il grado dei discendenti e il loro numero in ciascuna stirpe.;Zu einem Stamm fasst das Gesetz jeweils diejenigen Abkömmlinge des Erblassers zusammen, die durch ein und denselben Abkömmling mit dem Erblasser verwandt sind.
riparazione;Repararatur;Quando la cosa locata abbisogna di riparazioni che non sono a carico del conduttore, questi è tenuto a darne avviso al locatore.;Ausbesserungen und Erneuerungen liegen ihm [dem Nießbraucher] nur insoweit ob, als sie zu der gewöhnlichen Unterhaltung der Sache gehören. | Übersteigen die unabweisbaren Aufwendungen für Instandhaltung und Reparatur den Bedarf für die Unterkunft [...], kann zur Deckung dieses Teils der Aufwendungen ein Darlehen erbracht werden, das dinglich gesichert werden soll.
scomparsa;Vermisstsein;[L]a sentenza determina il giorno e possibilmente l'ora a cui risale la scomparsa nell'operazione bellica o nell'infortunio […].;[Es] werden bereits im Vorfeld des Vermisstseins persönliche Daten dokumentiert, die der Polizei im Vermisstenfall schnell und unbürokratisch zur Verfügung gestellt werden können.
intestazione;Urteilseingang;"La sentenza contiene: a) l'intestazione «in nome del popolo italiano» e l'indicazione dell'autorità che l'ha pronunciata; [...].";"Rubrum ist der Urteilskopf. Er wurde früher rot geschrieben und daher lat rubrum genannt. Das Rubrum ist einer der Bestandteile eines Urteils. | Die Bestandteile des Urteils sind gemäß 3 313 I: Urteilseingangs, auch Urteilskopf oder ""Rubrum"" genannt (weil früher mit roter Tinte geschrieben)."
corso legale;von Staat anerkannt Zahlungsmittel;I debiti pecuniari si estinguono con moneta avente corso legale nello Stato al tempo del pagamento e per il suo valore nominale.;
disposizione;Verfügung;Quando il processo è sospeso, nessun atto esecutivo può essere compiuto, salvo diversa disposizione del giudice dell'esecuzione.;Die Anordnung ergeht schriftlich. | In den Fällen der §§ 165 und 166 [StPO] gebührt die Staatsanwaltschaft die weitere Verfügung.
marchio;Warenzeichen;Il rivenditore può apporre il proprio marchio ai prodotti che mette in vendita, ma non può sopprimere il marchio del produttore.;Das Marken[gesetz] von 25.10.1994 [...] hat nicht nur die Vorgaben der EG-Markenrechtsrichtlinie in nationales Recht umgesetzt, sondern gleichzeitig die bisherigen Vorschriften über den Schutz von Warenzeichen (Handels-, Fabrik- und Dienstleistungs[marken]) und sonstigen Kennzeichen vereinheitlicht.
banca depositaria;Einlagenkreditinstitut;Le somme depositate, anche se confluite nel patrimonio della banca depositaria, restano tuttavia a disposizione del depositante.;
chiusura dell'esercizio sociale;Schluss der Geschäftsjahr;L'assemblea ordinaria deve essere convocata almeno una volta all'anno, entro quattro mesi dalla chiusura dell'esercizio sociale.;[Dem persönlich haftenden Gesellschafter] ist es erlaubt, die Gesellschaft jederzeit zum Ende des Geschäftsjahres zu kündigen und die Kommanditistinnen gegen eine Abfindung zum Buchwert aus dem Unternehmen zu verdrängen. | Der Kaufmann hat zu Beginn des Handelsgewerbes und für den Schluss eines jeden Geschäftsjahrs einen das Verhältnis seines Vermögens und seiner Schulden darstellenden Abschluss (Eröffnungsbilanz, Bilanz) aufzustellen.
disposizione testamentaria;Verfügung von Tod wegen;Nella successione nell'azienda per causa di morte la ditta si trasmette al successore, salvo diversa disposizione testamentaria.;Von testamentarischen Verfügungen kann sich der Erblasser ohne weiteres lösen. | Die testamentarischen Verfügungen werden auch als letztwillige Verfügungen bezeichnet. | Ein Vertrag, durch den sich jemand verpflichtet, eine Verfügung von Todes wegen zu errichten oder nicht zu errichten, aufzuheben oder nicht aufzuheben, ist nichtig.
addebito;Vorwurf;Negli uffici in cui vi è un solo cancelliere l'atto contenente l'addebito è comunicato a lui direttamente dal capo dell'ufficio.;Für die Anschuldigung und die Durchführung des gerichtlichen Verfahrens gilt ebenfalls das bisherige Recht.
curva;Kurve;È vietato il sorpasso in prossimità o in corrispondenza delle curve o dei dossi e in ogni altro caso di scarsa visibilità [...].;Es ist möglichst weit rechts zu fahren, nicht nur bei Gegenverkehr, beim Überholtwerden, an Kuppen, in Kurven oder bei Unübersichtlichkeit.
contratto di factoring;Factoring-Vertrag;Nella prassi operativa italiana, il contratto di factoring è stato strutturato utilizzando l'istituto della cessione di credito.;Im Finanzierungsbereich sichert ein Factoringvertrag dem Forderungsverkäufer unabhängig von der Lage auf den Finanzmärkten ein mittelfristiges Finanzierungsvolumen [...].
atto esecutivo;Vollzugsakt;Quando il processo è sospeso, nessun atto esecutivo può essere compiuto, salvo diversa disposizione del giudice dell'esecuzione.;Die Ersitzung wird durch Vornahme oder Beantragung einer gerichtlichen oder behördlichen Vollstreckungshandlung unterbrochen.[...] | In einigen Fällen verlangt das Gesetz neben den Willenserklärungen noch weitere Vollzugsakte als Bestandteile des Rechtsgeschäfts.
moneta;Geld;I debiti pecuniari si estinguono con moneta avente corso legale nello Stato al tempo del pagamento e per il suo valore nominale.;
cosa locata;Mietsache;Quando la cosa locata abbisogna di riparazioni che non sono a carico del conduttore, questi è tenuto a darne avviso al locatore.;Der Mieter hat Maßnahmen zu dulden, die zur Erhaltung der Mietsache erforderlich sind.
norma imperativa;zwingend Vorschrift;Si reputa altresì illecita la causa quando il contratto costituisce il mezzo per eludere l'applicazione di una norma imperativa.;
ricerca di mercato;Marktforschung;Le ricerche di mercato possono essere classificate in due macro-classi: ricerche qualitative [...] e ricerche qualitative [...].;
perdita;Verlust;L'enfiteuta non può pretendere remissione o riduzione del canone per qualunque insolita sterilità del fondo o perdita di frutti.;
interponente;wirklich Geschäftsherr;[N]el contratto simulato appare come contraente un soggetto (detto interposto) che è persona diversa dal reale contraente [...].;Allgemein kommt die Anwendung von § 117 in Betracht, wenn ausnahmsweise die Nichthaftung und Nichtberechtigung des Strohmanns verabredet wird [...]: Dann ist das Geschäft zwischen dem Dritten und dem Strohmann ein nichtiges Scheingeschäft, das aber ein nach § 117 II zu beurteilendes Geschäft zwischen dem Dritten und dem Hintermann verdecken kann. | Der Strohmann ist eine vom wirklichen Geschäftsherrn vorgeschobene Person, die nach außen im eigenen Namen, tatsächlich jedoch in dessen Interesse, insbesondere bei Vertragsabschluß, tätig wird.
domanda di divorzio;Scheidungsbegehren;La domanda di divorzio per separazione giudiziale è improponibile prima del passaggio in giudicato della sentenza di separazione.;Ein bereits erhobener Scheidungsantrag eines Ehegatten steht  der Antragsstellung durch den anderen in einem besonderen Verfahren entgegen.
condizioni particolari;besonderer Bedingung;Valgono inoltre le specifiche esclusioni eventualmente previste nelle condizioni particolari che regolano le singole prestazioni.;Besondere Bedingungen gehen den allgemeinen vor, geschriebene den gedruckten, gedruckte, auf die in geschriebenen Bedingungen verwiesen wird, solchen gedruckten, auf die nur in gedruckten Bedingungen verwiesen wird.
quietanza;schriftlich Empfangsbekenntnis;Per l'accertamento della data nelle quietanze il giudice, tenuto conto delle circostanze, può ammettere qualsiasi mezzo di prova.;
legittimazione per susseguente matrimonio;Legitimation durch nachfolgend Eheschließung;La legittimazione per provvedimento del giudice produce gli stessi effetti della legittimazione per susseguente matrimonio [...].;
adempimento del legato;Vermächtniserfüllung;Il legatario è tenuto all’adempimento del legato e di ogni altro onere a lui imposto entro i limiti del valore della cosa legata.;Das Vermächtnis wirkt nur schuldrechtlich, der Beschwerte ist aber häufig nur widerwillig bereit, nach Anfall und Fälligkeit der Erfüllung des Vermächtnisses nachzukommen. | Die Beschränkung des Testamentsvollstreckers auf die Vermächtniserfüllung ist nach § 2208 [BGB] möglich.
giudizio di legittimità costituzionale;Normenkontrollverfahren;"Il mutamento del quadro normativo non incide, però, sulla definizione del presente giudizio di legittimità costituzionale; [...].";
estinzione del diritto;Erlöschen der Recht;L'estinzione del diritto di superficie per scadenza del termine importa l'estinzione dei diritti reali imposti dal superficiario.;Das Erlöschen des Rechts eines Dritten kann auch dann angeordnet werden, wenn diesem eine Entschädigung nach § 28 Abs. 2 Nr. 1 oder 2 nicht zu gewähren ist.
garanzia giurisdizionale;gerichtlich Rechtsschutz;Nell'estradizione passiva, l'Italia consegna l'estradando solo dopo che questi ha usufruito della garanzia giurisdizionale [...].;Eine Verarbeitung oder Nutzung für andere Zwecke liegt nicht vor, soweit sie dem gerichtlichen Rechtschutz [...] dient.
conflitto di interessi;Interessenwiderstreit;Se vi è conflitto di interessi tra minori soggetti alla stessa tutela, il giudice tutelare nomina ai minori un curatore speciale.;§ 181 [BGB] beruht auf dem Gedanken, dass die Mitwirkung derselben Person auf beiden Seiten des Rechtsgeschäft die Gefahr eines Interessenkonflikts und damit die Schädigung eines Teils in sich birgt.
termine perentorio;Verfallsfrist;Il processo deve essere proseguito o riassunto entro il termine perentorio di sei mesi dall'interruzione, altrimenti si estingue.;Bei unverschuldeter Versäumung ist Wiedereinsetzung in den vorigen Stand nach [...] möglich, sofern es sich nicht um Ausschlußfristen handelt, nach deren Ablauf die Prozeßhandlung schlechthin unzulässig ist [...].
sgabello a gradini;Tritthocker;Per sgabelli a gradini, sgabelli a rampa e sgabelli a cupola: la norma di riferimento per dimensioni e altro è la UNI EN 14183[.];Liegen die obersten Regalfächer über einer Höhe von 1,80 m, sind Tritthocker oder kleinere Stehleitern zu benutzen.
mandato senza rappresentanza;Auftrag ohne Vollmacht;Il mandato è di per sé senza rappresentanza: abilita ed obbliga il mandatario ad agire per conto del mandante ma in nome proprio.;
ministro;Minister;Ministri sono responsabili collegialmente degli atti del Consiglio dei ministri, e individualmente degli atti dei loro dicasteri.;Der Regierungspräsident ist […] fachlich nicht nur dem Innenminister, sondern auch den sonstigen Ministern nachgeordnet, etwa in Gewerbeangelegenheiten dem Wirtschaftsminister, in Denkmalschutzfragen dem Kultusminister, in Straßen- und Verkehrssachen dem Verkehrsminister.
sgabello a rampa;Treppentritt;Per sgabelli a gradini, sgabelli a rampa e sgabelli a cupola: la norma di riferimento per dimensioni e altro è la UNI EN 14183[.];Beim Treppentritt sind die Stufen besonders breit, daher wird er häufig bei der Bedienung von Maschinen eingesetzt.
confessione;Geständnis;La confessione non è efficace se non proviene da persona capace di disporre del diritto, a cui i fatti confessati si riferiscono.;"Während früher das Geständnis jeden anderen Beweis überflüssig, ja unzulässig machte, unterliegt heute in Deutschland auch das Geständnis der freien Beweiswürdigung. Normalerweise wird das Geständnis starke Beweiskraft haben, unter Umständen so große, daß auf andere Beweismittel ganz verzichtet werden kann; daher ist auch Hauptverhandlung ohne Zeugen möglich und gar nicht selten."
superficiario;Inhaber der Überbaurecht;L'estinzione del diritto di superficie per scadenza del termine importa l'estinzione dei diritti reali imposti dal superficiario.;Erlischt das Erbbaurecht durch Zeitablauf, so hat der Grundstückseigentümer dem Erbbauberechtigten eine Entschädigung für das Bauwerk zu leisten.
inondazione;Überschwemmung;Chiunque cagiona un'inondazione o una frana, ovvero la caduta di una valanga, è punito con la reclusione da cinque a dodici anni.;Wer eine Überschwemmung herbeiführt und dadurch Leib oder Leben eines anderen Menschen oder fremde Sachen von bedeutendem Wert gefährdet, wird mit Freiheitsstrafe von einem bis zu zehn Jahren bestraft.
connivenza;Gewährenlassen;La destituzione è inflitta: per illecito uso o distrazione di somme affidate o tenute in deposito o per connivenza in tali abusi.;Gewisse Teilnahmehandlungen des Vorgesetzten an Delikten seines Untergebenen im Amt bedroht § 357 als selbständige Eigentat des Vorgesetzten (sog. Konnivenz), so daß insoweit die Teilnahmevorschriften der §§ 25ff. ausscheiden.
professione intellettuale;geistig Tätigkeit;La legge determina le professioni intellettuali per l'esercizio delle quali è necessaria l'iscrizione in appositi albi o elenchi.;Gegenstand eines Dienstvertrags können Dienste jeder Art sein, z.B. auch der Zugang zum Mobilfunknetz oder zum Internet. Liegt eine selbständig höhere - meist geistige - Tätigkeit wirtschaftlicher Art vor (z.B Rechtsanwaltsvertrag), so gelten die Besonderheiten des Geschäftsbesorgungsvertrags.
fase di propagazione;Wachstumsphase;Il flashover è il punto che identifica la transizione di un incendio dalla fase di propagazione a una fase pienamente sviluppata.;Die Dauer der Entstehungsphase ist abhängig von der Zündquelle und den thermophysikalischen und geometrischen Eigenschaften des Brandgutes […]. | Der in der Entstehungsbrandphase freigesetzte Brandrauch kann möglicherweise, z. B. im Fall von einzeln überwachten elektrischen Schaltschränken, mit einem Rauchmelder detektiert werden.
disdetta;Kündigung;La locazione per un tempo determinato dalle parti cessa con lo spirare del termine [...] senza che ci sia la necessaria disdetta.;An die Stelle des Rücktritts vom Vertrag tritt bei Dauerschuldverhältnissen i.d.R. die Kündigung.
esecuzione diretta;Vollstreckung durch Selbstvornahme;Mediante esecuzione diretta possono essere normalmente eseguiti gli obblighi non adempiuti di dare, di facere fungibili, di pati.;"Nach den meisten Landesvollstreckungsgesetzen liegt eine Ersatzvornahme nicht nur dann vor, wenn die Behörde einen Dritten beauftragt (Fremdvornahme), sondern auch dann, wenn sie selbst ""ersatzweise"" tätig wird (Selbstvornahme)."
causa non imputabile;nicht zu vertretend Umstand;Quando il creditore è in mora, è a suo carico l'impossibilità della prestazione sopravvenuta per causa non imputabile al debitore.;
sottoscrizione;Zeichnung;L'autenticazione consiste nell'attestazione da parte del pubblico ufficiale che la sottoscrizione è stata apposta in sua presenza.;"Die Unterschrift des Erblassers soll den Vornamen und den Familiennamen enthalten [...]. | Bei einem Vertrag muss die Unterzeichnung der Parteien auf derselben Urkunde erfolgen. Werden über den Vertrag mehrere gleichlautende Urkunden aufgenommen, so genügt es, wenn jede Partei die für die andere Partei bestimmte Urkunde unterzeichnet. | Der Handlungsbevollmächtigte hat sich bei der Zeichnung jedes eine Prokura andeutenden Zusatzes zu enthalten; er hat mit einem das Vollmachtsverhältnis ausdrückenden Zusatze zu zeichnen."
prezzo di emissione;Ausgabepreis;Entro quindici giorni il collegio sindacale deve esprimere il proprio parere sulla congruità del prezzo di emissione delle azioni.;
cessione del credito;Zession;"La cessione del credito rientra nella facoltà del creditore; essa avviene senza l'assenso del debitore, e può avere diverse cause.";Anfechtbar ist in jedem Fall eine durch Zahlungseinstellung der Sicherungsgeberin aufschiebend bedingte Abtretung der Forderung, ebenso wie ein Vertrag mit einem Kündigungsrecht bei Insolvenz und gleichzeitigem entschädigungslosen Eigentumsübergang.
scommessa;Wette;Non compete azione per il pagamento di un debito di gioco o di scommessa, anche se si tratta di gioco o di scommessa non proibiti.;Durch Spiel oder durch Wette wird eine Verbindlichkeit nicht begründet. Das auf Grund des Spieles oder der Wette Geleistete kann nicht deshalb zurückgefordert werden, weil eine Verbindlichkeit nicht bestanden hat.
area a rischio di esplosione;explosionsgefährdet Bereich;Le aree a rischio di esplosione sono ripartite in zone in base alla frequenza e alla durata della presenza di atmosfere esplosive.;Die explosionsgefährdeten Bereiche müssen in Zonen eingeteilt werden und es muss ein Explosionsschutzdokument erstellt werden.
applicazione industriale;gewerblich Verfahren;Le invenzioni, le scoperte o le nuove applicazioni industriali devono rimanere segrete nell'interesse della sicurezza dello Stato.;Nicht jede neue, gewerblich anwendbare Erfindung im Sinne einer Lehre zum technischen Handeln ist jedoch patentierbar, sie muß vielmehr auf einer erfinderischen Tätigkeit beruhen.
capitale nominale;Nominalkapital;Il capitale nominale costituisce, nella misura in cui è stato versato, un debito di restituzione della società verso i soci [...].;Nach § 9 Nr. 7 GewStG wird die Summe des Gewinns und der Hinzurechnungen um die Gewinne aus Anteilen an einer aktiv tätigen ausländischen Kapitalgesellschaft bei einer mindestens ein Zehntel des Nennkapitals betragenden Beteiligung gekürzt.
figlio legittimo;ehelich Kind;In nessun caso è ammesso un riconoscimento in contrasto con lo stato di figlio legittimo o legittimato in cui la persona si trova.;Das Kindschaftsreformgesetz (1998) gestaltet die einzelnen Regelungsbereiche (Abstammung, elterliche Sorge, Umgang, Unterhatl) für alle Kinder ohne zwischen ehelichen und nichtehelichen Kindern zu unterscheiden.
decorso del tempo;Zeitablauf;Se il decorso del tempo serve a far acquistare un diritto soggettivo, l'istituto che viene in considerazione è l'usucapione [...].;Verjährung ist die Entkräftung eines Anspruchs durch Zeitablauf.
prezzo di mercato;Marktpreis;La vendita dei prodotti [...] è fatta dal concedente previo accordo col mezzadro e, in mancanza, sulla base del prezzo di mercato.;
costituzione di parte civile;Adhäsionesverfahren;L'azione civile nel processo penale è esercitata, anche a mezzo di procuratore speciale, mediante la costituzione di parte civile.;
pupillo;minderjährig Kind;Le dette pene si applicano congiuntamente a chi: malversa o dilapida i beni del figlio minore (o del pupillo) o del coniuge [...].;Ist der gesetzliche Vertreter ein Vormund, so kann die Ermächtigung, wenn sie von ihm verweigert wird, auf Antrag des Minderjährigen durch das Familiengericht ersetzt werden. Das Familiengericht hat die Ermächtigung zu ersetzen, wenn sie im Interesse des Mündels liegt.
autenticazione;Beglaubigung;L'autenticazione consiste nell'attestazione da parte del pubblico ufficiale che la sottoscrizione è stata apposta in sua presenza.;Bei der Beglaubigung einer Abschrift bescheinigt der Notar die Übereinstimmung der Abschrift mit dem ihm vorgelegten Original.
compostaggio;Kompostierung;Tutti i processi di compostaggio producono comunque una certa quantità di materiali non recuperabili, da avviare allo smaltimento.;"Betreiber folgender Anlagen haben einen betriebsangehörigen Betriebsbeauftragten für Abfall zu bestellen: 1. Ortsfeste Abfallbeseitigungsanlagen zum Lagern oder Ablagern von Abfällen; 2. ortfeste Abfallbeseitigungsanlagen mit einer Durchsatzleistung von insgesamt mehr als 0,75 Tonnen je Stunde […] b) zur Kompostierung von Abfällen […]."
corso della prescrizione;Lauf der Verjährung;Il corso della prescrizione rimane sospeso nei casi di autorizzazione a procedere, o di questione deferita ad altro giudizio[...].;
cooperativa;Genossenschaft;Alle cooperative, concepite come società cooperative, il codice civile estende molte norme dettate per le società lucrative [...].;
volontarietà;Freiwilligkeit;Il giudice, se ritiene opportuno verificare la volontarietà della richiesta o del consenso, dispone la comparizione dell'imputato.;
famiglia legittima;ehelich Familie;L'eventuale inserimento del figlio naturale nella famiglia legittima di uno dei genitori può essere autorizzato dal giudice [...].;Die Aufteilung des Nachlasses in einer letztwilligen Verfügung zwischen der ehelichen Familie einerseits und der Mutter der nichtehelichen Kinder, die lediglich als deren Ersatzerben bestimmt sind, andererseits kann als schlüssige Enterbung der nichtehelichen Kinder durch Vergabe des Nachlasses an andere zu werten sein.
propaganda e istigazione a delinquere per motivi di discriminazione razziale etnica e religiosa;Verhetzung;Integra il reato di istigazione all’odio razziale anche una isolata manifestazione a connotazione razzista costituente propaganda.;Wer als Strafverteidiger in einem Verfahren wegen Volksverhetzung in einem Beweisantrag den unter der Herrschaft des Nationalsozialismus an den Juden begangenen Völkermord leugnet, macht sich damit grundsätzlich seinerseits nach § 130 Abs. 3 StGB strafbar. Eine derartige Erklärung ist regelmäßig als verteidigungsfremdes Verhalten zu bewerten, für das die Tatbestandsausschlußklausel des § 86 Abs. 3 StGB (i.V.m. § 130 Abs. 5 StGB) nicht gilt.
certificato;Bescheinigung;L'ufficiale dello stato civile che non crede di poter procedere alla pubblicazione rilascia un certificato coi motivi del rifiuto.;Das Bundesverwaltungsamt stellt Spätaussiedlern zum Nachweis ihrer Spätaussiedlereigenschaft eine Bescheinigung aus.
stabilizzatore di base;Traverse;Lo stabilizzatore di base allarga la superficie per evitare il ribaltamento della scala soprattutto nella posizione a cavalletto.‎;
cinghia;Gurtband;[La cintura di posizionamento] è costituita da un insieme di nastri e/o cinghie regolabili, che avvolgono sul punto vita il corpo.;Ein Auffanggurt besteht aus Gurtbändern, die den Körper umschließen.
opera edilizia;Bauwerk;Il regolamento edilizio deve contenere norme [...] sull' altezza massima e minima ed il volume massimo delle opere edilizie [...].;
diritto privato;Privatrecht;Le lezioni teoriche prevedono la trattazione obbligatoria delle seguenti materie: [...] nozioni generali di diritto privato [...].;
contenuto del contratto;Vertragsinhalt;Le parti possono liberamente determinare il contenuto del contratto nei limiti imposti dalla legge [...] e dalle norme corporative.;
irradiazione esterna;äußerer Bestrahlung;"I fattori che agiscono sul livello di irradiazione esterna sono: la distanza dalla sorgente; […] il tempo [… e] le schermature […].";Die Strahlenexposition kann durch äußere Bestrahlung aus einer externen Strahlenquelle oder durch innere Bestrahlung aus inkorporierten radioaktiven Stoffen verursacht werden.
prestazione del giuramento;Ableistung der Eid;Dell'avvenuta prestazione del giuramento è compilato processo verbale sottoscritto dal presidente e dal pubblico ufficiale addetto.;Wird das Zeugnis oder die Eidesleistung ohne Angabe eines Grundes oder aus einem rechtskräftig für unerheblich erklärten Grund verweigert, so werden dem Zeugen, [...] die durch die Weigerung verursachten Kosten auferlegt. [...]. | Wer als Angehöriger zur Verweigerung des Zeugnisses berechtigt ist, kann die Ableistung des Eides verweigern.
assicurazione contro il furto;Diebstahlversicherung;L'assicurazione contro il furto garantisce il risarcimento dei danni causati da terzi in conseguenza di reati contro il patrimonio.;
negozio giuridico;Rechtsgeschäft;[L]a nozione di negozio giuridico è costruzione dogmatica di origine dottrinale, modellata sulla disciplina generale del contratto.;
rada;Reede;Coloro che, in una rada dello Stato o straniera, occupata militarmente da forze navali, commettono alcuno dei reati militari [...].;Das Ankern ist im Fahrwasser mit Ausnahme auf den Reeden verboten.
prelevamento;Geldabhebung;Salvo patto contrario, i versamenti e i prelevamenti si eseguono alla sede della banca presso la quale si è costituito il rapporto.;Das Vormundschaftsgericht kann anordnen, daß das Geld des Kindes in bestimmter Weise anzulegen und daß zur Abhebung seine Genehmigung erforderlich ist. | Verboten sind [...] der Betrieb des Kreditgeschäftes oder des Einlagengeschäftes, wenn es durch Vereinbarung oder geschäftliche Gepflogenheit ausgeschlossen oder erheblich erschwert ist, über den Kreditbetrag oder die Einlagen durch Barabhebung zu verfügen.
irraggiamento termico;Wärmestrahlung;[Si ha l’accensione indiretta] quando il calore d’innesco avviene nelle forme della convezione, conduzione e irraggiamento termico.;Die Wärmestrahlung heißer Oberflächen erwärmt die Haut und kann zu Schmerzen oder Verbrennungen führen.
competente;zuständig;Tutte le strade statali sono a precedenza, salvo che l'autorità competente disponga diversamente in particolari intersezioni [...].;Wird gegen den Verurteilten eine Freiheitsstrafe vollstreckt, so ist für die [...] zu treffenden Entscheidungen die Strafvollstreckungskammer zuständig, in deren Bezirk die Strafanstalt liegt, in die der Verurteilte zu dem Zeitpunkt, in dem das Gericht mit der Sache befaßt wird, aufgenommen ist.
estensione della patente di guida;Erweiterung der Fahrerlaubnis;Procedure relative all'espletamento dell'esame di teoria per l'estensione della patente di guida dalla categoria A a B e viceversa.;Der Bewerber hat [...] anzugeben, ob er bereits eine Fahrerlaubnis aus einem Mitgliedstaat der Europäischen Union oder einem anderen Vertragsstaat des Abkommens über den Europäischen Wirtschaftsraum besitzt oder besessen hat oder ob er sie bei einer anderen Behörde eines solchen Staates beantragt hat. Beantragt der Inhaber einer Fahrerlaubnis aus einem solchen Staat eine Erweiterung der Fahrerlaubnis auf eine andere Klasse, ist dieser Antrag hinsichtlich der vorhandenen Klassen als Antrag auf Erteilung der deutschen Fahrerlaubnis [...] zu werten. [...].
paternità naturale;unehelich Vaterschaft;L'azione per ottenere che sia dichiarata giudizialmente la paternità o la maternità naturale è imprescrittibile riguardo al figlio.;
scioglimento dell'unione civile;Aufhebung der eingetragen Lebenspartnerschaft;La sentenza di rettificazione di attribuzione di sesso determina lo scioglimento dell'unione civile tra persone dello stesso sesso.;Das Lebenspartnerschaftsgesetz regelte zunächst im Wesentlichen die Begründung und die Aufhebung der eingetragenen Lebenspartnerschaft sowie die persönlichen und vermögensrechtlichen Rechtsbeziehungen der Lebenspartner. Das Unterhaltsrecht wurde dabei in Anlehnung an das Eherecht ausgestaltet.
jus excludendi;Ausschließungsrecht;[L’] articolo 832 del codice civile, [...] garantisce lo jus excludendi quale facoltà di godimento spettante al proprietario [...].;Den Inhalt der Befugnisse des Eigentümers beschreibt § 903 [BGB] in allgemeiner Form. Daraus ergibt sich eine positive und eine negative Komponente (Eiwirkungs- und Ausschließungsrechte).
diritto delle assicurazioni;Versicherungsrecht;La commissione di esame [...] è composta da [...] un docente universitario di diritto delle assicurazioni o di diritto commerciale.;
conguaglio in denaro;bar Zuzahlung;Il conguaglio in denaro [...] non può essere superiore al dieci per cento del valore nominale delle azioni o delle quote assegnate.;Soweit sich [bei der Ermittlung des Umtauschverhältnisses] kein einfaches Verhältnis festlegen läßt, kann ein Ausgleich durch bare Zuzahlungen geschaffen werden [...].
principio di uguaglianza;Gleichheitsgrundsatz;La Corte Costituzionale utilizza il principio di uguaglianza come parametro per valutare la legittimità costituzionale delle leggi.;
partita;Teilwerk;Se si tratta di opera da eseguire per partite, ciascuno dei contraenti può chiedere che la verifica avvenga per le singole partite.;
principio di colpevolezza;nulla Poena sine Culpa;L'affermazione del principio di colpevolezza è il risultato della evoluzione in senso subiettivo della responsabilità penale [...].;Die Bedeutung des Schuldprinzips im Strafrecht läßt wie folgt umschreiben: a) Neben Tatbestandsmäßigkeit und Rechtswidrigkeit ist die Schuld ein strafbegündendes und strafbegrenzendes Verbrechensmerkmal (Keine Strafe ohne Schuld).
effetti costitutivi;Gestaltungswirkung;La stessa disposizione si applica nel caso in cui l'effetto traslativo o costitutivo sia differito fino allo scadere di un termine.;Die Herbeiführung einiger Rechtsfolgen durch Rechtsgeschäft zwischen Privatpersonen, ist der Privatautonomie entzogen. In den gesetzlich angeordneten Fällen sind die Beteiligten gezwungen, diese Rechtsfolge im Wege der Gestaltungsklag,e durch Urteil herbeizuführen. Dem Richterspruch kommt damit unmittelbar rechtsgestaltende Wirkung zu. | Aufgrund materiellen Rechts oder teilweise auch aufgrund Prozessrechts, insbes. in der Zwangsvollstreckung [...] sollen bestimmte Urteile nicht nur eine anderweitig bestehende oder durch Parteiwillen herbeigeführte Rechtslage rechtskräftig entscheiden, sondern durch das Urteil selbst eine konstitutive Änderung der Rechtslage herbeiführen.
amministratore di sostegno;gerichtlich Erwachsenenvertreter;La scelta dell'amministratore di sostegno avviene con esclusivo riguardo alla cura ed agli interessi della persona del beneficiario.;
volontà;Wille;Nessuno può essere punito per un'azione od omissione preveduta dalla legge come reato, se non l'ha commessa con coscienza e volontà.;Es muß sich um die Äußerung eines auf eine Rechtsfolge gerichteten Willens handeln. Im natürlichen Sinn des Begriffs ist jede Kundgabe eines Willens eine Willenserklärung.
perdita della cittadinanza;Verlust der Bürgerrecht;La cancellazione dalle anagrafi degli italiani residenti all'estero viene effettuata: [...] e) per perdita della cittadinanza [...].;Der Verlust der Staatsangehörigkeit tritt ein mit der Aushändigung der von der Genehmigungsbehörde ausgefertigten Verzichtsurkunde.
morte biologica;Totaltod;[Sul problema della individuazione del momento finale della vita] si distingue fra morte biologica o assoluta [...] e morte clinica.;
processo di parti;Parteiprozess;Il sistema accusatorio è essenzialmente un processo di parti e quindi riconosce alle stesse una limitata disponibilità del processo.;
diritto civile;Zivilrecht;Ove manchino disposizioni del diritto della navigazione e non ve ne siano di applicabili per analogia, si applica il diritto civile.;Zum Privatrecht gehören z.B. das bürgerliche Recht, das Handelsrecht, das Wechsel- und Scheckrecht und Teile des Arbeitsrechts. | Zivilrecht ist in der Gegenwarti eine andere Bezeichnung für Privatrecht. Sie leitet sich von lateinisch ius civile ab, das ursprünglich nur für römische Bürger geltende Recht im Gegensatz zum auch für Fremde geltenden ius honorarium bedeutete.
tutela dei beni culturali;Kulturgutschutz;La legge statale disciplina […] forme di intesa e coordinamento [fra Stato e Regioni] nella materia della tutela dei beni culturali.;Denkmalschutz und Denkmalpflege haben die Aufgabe, die Kulturdenkmale zu schützen und zu pflegen, insbesondere deren Zustand zu überwachen, auf die Abwendung von Gefährdungen und die Bergung von Kulturdenkmalen hinzuwirken und diese zu erfassen und wissenschaftlich zu erforschen. | Teil der staatlichen Aufgabe im Bereich des Kulturgutschutzes ist es [...] auch, die notwendige Sensibilität zu schaffen und durch einen geeigneten Regelungsrahmen sowohl die Bedeutung des Anliegens zu unterstreichen als auch die erforderliche Rechtssicherheit zu gewährleisten.
esecuzione penale;Strafvollstreckung;L'esecuzione penale consiste nel procedimento diretto all'attuazione della pretesa punitiva, già accertata nella fase di cognizione.;Die Strafvollstreckung kann auch dann aufgeschoben werden, wenn sich der Verurteilte in einem körperlichen Zustand befindet, bei dem eine sofortige Vollstreckung mit der Einrichtung der Strafanstalt unverträglich ist.
in buona fede;in gut Glaube;I soci accomandanti non sono tenuti alla restituzione degli utili riscossi in buona fede secondo il bilancio regolarmente approvato.;Gutgläubiger Erwerb | Der Erwerber ist nicht in gutem Glauben, wenn ihm bekannt oder infolge grober Fahrlässigkeit unbekannt ist, dass die Sache nicht dem Veräußerer gehört.
invito a comparire;Aufforderung zu erscheinen;L'ordinanza è notificata (137) al consulente tecnico a cura del cancelliere, con invito a comparire all'udienza fissata dal giudice.;
fermato;angehalten Person;L'udienza di convalida si svolge in camera di consiglio con la partecipazione necessaria del difensore dell'arrestato o del fermato.;Der Festgenommene ist, sofern er nicht wieder in Freiheit gesetzt wird, unverzüglich, spätestens am Tage nach der Festnahme, dem Richter bei dem Amtsgericht, in dessen Bezirk er festgenommen worden ist, vorzuführen. Der Richter vernimmt den Vorgeführten gemäß § 115 Abs. 3. | Der Verhaftete darf nicht mit anderen Gefangenen in demselben Raum untergebracht werden. Er ist auch sonst von Strafgefangenen, soweit möglich, getrennt zu halten.
guida in stato di ebbrezza;Trunkenheitsfahrt;La guida in stato di ebbrezza, ove il fatto non costituisce reato più grave, è contravvenzione punita con l'arresto e con l'ammenda.;"Das Landgericht hat den Angeklagten wegen ""unerlaubten Handeltreibens mit Betäubungsmitteln in nicht geringer Menge unter Einsatz eines gefährlichen Gegenstandes in Tateinheit mit unerlaubtem Besitz eines gefährlichen Gegenstandes in sieben Fällen in Tatmehrheit mit Trunkenheit am Steuer"" zu einer Gesamtfreiheitsstrafe von vier Jahren und sechs Monaten verurteilt. | Trunkenheit im Verkehr kann als Straftat oder als Ordnungswidrigkeit geahndet werden. Als Straftatbestand kommt zunächst die Straßenverkehrsgefährdung gemäß § 315 c I Nr. 1 a, III StGB in Betracht. Danach wird bestraft, wer im Straßenverkehr ein Fahrzeug (nicht unbedingt Kraftfahrzeug, also auch ein Fahrrad) führt, obwohl er infolge des Genusses alkoholischer Getränke oder anderer berauschender Mittel nicht in der Lage ist, das Fahrzeug sicher zu führen und dadurch Leib oder Leben eines anderen Menschen oder fremde Sachen von bedeutenden Wert gefährdet. | Anders als § 316 StGB [Strafgesetzbuch], der die Trunkenheitsfahrt wegen der mit ihr verbundenen abstrakten Gefahren unter Strafandrohung stellt, setzt § 315 c Abs. 1 StGB [...] in allen seinen Tatvarianten eine konkrete Gefährdung von Leib oder Leben eines anderen oder fremder Sachen von bedeutendem Wert voraus."
legittimo;rechtmässig;Risponde del reato [...] chi ha eseguito l'ordine, salvo che, per errore di fatto, abbia ritenuto di obbedire a un ordine legittimo.;Durch die rechtmäßige Veräußerung des Pfandes erlangt der Erwerber die gleichen Rechte, wie wenn er die Sache von dem Eigentümer erworben hätte. Dies gilt auch dann, wenn dem Pfandgläubiger der Zuschlag erteilt wird.
partecipazione agli utili;Gewinnbeteiligung;L'assemblea dei sottoscrittori [...] delibera sulla riserva di partecipazione agli utili fatta a proprio favore dai promotori [...].;Bei der Berechnung des nach Absatz 1 einem Gesellschafter zukommenden Gewinnanteils werden Leistungen [...] nach dem Verhältnisse der seit der Leistung abgelaufenen Zeit berücksichtigt. | Auch bei der Zusage einer Gewinnbeteiligung bleibt der Dienstverpflichtete Arbeitnehmer, wenn ein persönliches Abhängigkeitsverhältnis besteht.
patria potestà;väterlich Gewalt;La domanda deve essere firmata dall'interessato e, nel caso di minore di anni 18, anche dalla persona esercitante la patria potestà.;
impossibilità soggettiva;Unvermögen;Relativa è [...] l'impossibilità che ha riguardo alla sola persona del debitore o alla sua capacità economica o alle sue attitudini.;"Bei der Unmöglichkeit einer Leistung ist zwischen objektiver Unmöglichkeit (die Leistung ist niemandem möglich, z.B. die Sache ist untergegangen) und subjektiver Unmöglichkeit (auch Unvermögen genannt; die Leistung ist hier nur dem Schuldner unmöglich, z.B. die Sache gehört einem Dritten) sowie zwischen anfänglicher – d.h. bereits vor Entstehen des Schuldverhältnisses, also in der Regel vor Vertragsschluß bestehender – und nachträglicher Unmöglichkeit zu unterscheiden. | Den bisher [mit subjektiver Unmöglichkeit] synonym verwandten Terminus ""Unvermögen"" enthält die neue Fassung des § 275 nicht mehr, Rechtsprechung und Lehre werden ihn aber weiter verwenden."
riduzione del capitale per perdite;nominell Kapitalherabsetzung;La riduzione del capitale per perdite presuppone che sia stata intaccata quella plusvalenza tra attivo e passivo del bilancio [...].;
causa di nullità;Nichtigkeitsgrund;L'inosservanza delle disposizioni stabilite per gli atti del procedimento è causa di nullità soltanto nei casi previsti dalla legge.;Eine auf § 579 Abs. 1 Nr. 1 ZPO gestützte Nichtigkeitsbeschwerde ist nach § 579 Abs. 2 ZPO nicht nur dann unstatthaft, wenn der Nichtigkeitsgrund im Ausgangsverfahren durch ein Rechtsmittel hätte geltend gemacht werden können, sondern auch dann, wenn dieser Grund in einem Rechtsmittelverfahren erfolglos geltend gemacht worden ist.
grazia;Gnade;L'indulto o la grazia condona, in tutto o in parte, la pena inflitta, o la commuta in un'altra specie di pena stabilita dalla legge.;
divieto probatorio;Beweisverbot;"In base all'art. 191, l'inutilizzabilità è la conseguenza che deriva dall'aver acquisito una prova violando un ""divieto"" probatorio.";Der Begriff Beweisverbote geht zurück auf Beling [...]. Nach herrschender Meinung ist er der Oberbegriff für Beweiserhebungs- und Beweisverwertungsverbot [...].
modalità esecutiva;Art und Weise der Ausführung der Vollsteckung;Sull'applicazione e sulla revoca delle misure nonché sulle modifiche delle loro modalità esecutive, provvede il giudice che procede.;
incapacità di testare;Unfähigkeit zu testieren;La prova dell'incapacità di testare deve essere fornita con ogni mezzo in modo rigoroso e specifico dalla parte che l'abbia dedotta.;Testierunfähigkeit des Erblassers im Zeitpunkt der Testamentserrichtung bewirkt, dass das errichtete Testament unwirksam, ist und bleibt.
superficie di appoggio;Stehfläche;La scala a pioli differisce da quella a gradini in quanto il piolo ha una superficie di appoggio per il piede larga non più di 8 cm.;[Ergonomische] Faktoren sind z. B. für tragbare Leitern eine begrenzte Länge, ein begrenztes Eigengewicht, eine ausreichend bemessene Stehfläche auf den Stufen/Sprossen und von besonderer Bedeutung die Neigung (Anlegewinkel) sowie der günstigste Abstand der Trittflächen (Stufen/Sprossen) untereinander.
polizia giudiziaria;gerichtlich Polizei;Gli agenti e ufficiali di polizia giudiziaria non sono tenuti a rivelare alla Commissione i nomi di chi ha loro fornito informazioni.;Der erste Zugriff (§ 163) obliegt der Polizei in ihrer Strafverfolgungstätigkeit (Kriminalpolizei im materiellen, funktionellen Sinn).
situazione patrimoniale;Vermögensstand;La liquidazione della quota è fatta in base alla situazione patrimoniale della società nel giorno in cui si verifica lo scioglimento.;
coadiuvante familiare;mithelfend Familienangehöriger;Possono essere considerati familiari coadiuvanti [...] il coniuge [...] i figli legittimi o legittimati ed i nipoti in linea diretta.;
stato di emergenza;Ausnahmezustand;La durata della dichiarazione dello stato di emergenza non può superare i 180 giorni prorogabile per non più di ulteriori 180 giorni.;
avente causa;Rechtsnachfolger;"[C]olui che per effetto della successione perde il diritto si chiama autore o dante causa; chi lo acquista successore o avente causa.";Gelangt eine Sache, hinsichtlich derer ein dinglicher Anspruch besteht, durch Rechtsnachfolge in den Besitz eines Dritten, so kommt die während des Besitzes des Rechtsvorgängers verstrichene Verjährungszeit dem Rechtsnachfolger zugute.
negozio atipico;atypisch Rechtsgeschäft;Il contratto di sponsorizzazione è un negozio giuridico atipico, a prestazioni corrispettive onerose, e con fini di pubblicità [...].;
intesa;Einvernehmen;La conferenza stessa può essere indetta anche quando l'amministrazione procedente debba acquisire intese, concerti, nulla osta [...].;Wird anstatt eines Verwaltungsaktes, bei dessen Erlass nach einer Rechtsvorschrift die Genehmigung, die Zustimmung oder das Einvernehmen einer anderen Behörde erforderlich ist, ein Vertrag geschlossen, so wird dieser erst wirksam, nachdem die andere Behörde in der vorgeschriebenen Form mitgewirkt hat.
scadenza;Fälligkeit;L'obbligazione avente per oggetto una somma di danaro deve essere adempiuta al domicilio che il creditore ha al tempo della scadenza.;"Der Schuldner einer Entgeltforderung kommt spätestens in Verzug, wenn er nicht innerhalb von 30 Tagen nach Fälligkeit und Zugang einer Rechnung oder gleichwertigen Zahlungsaufstellung leistet; […]."
procura irrevocabile;unwiderruflich Vollmacht;La procura può essere irrevocabile: tale é la c.d. procura in rem suam, cioè quella conferita anche nell'interesse del rappresentato.;Außerdem ist der Vollmachtgeber berechtigt, eine wirksam erteilte unwiderrufliche Vollmacht zu widerrufen, wenn dafür ein wichtiger Grund [...] vorliegt [...].
factoring pro solvendo;unecht Factoring;In Italia la l. 21 febbraio 1991, n. 52, ha stabilito che [il factoring] è, salvo diversa volontà delle parti, cessione pro solvendo.;Da das unechte Factoring zugleich Dienstleistungsfunktion hat, stellt es einen gemischttypischen Vertrag mit darlehens- und geschäftsbesorgenden Elementen dar.
pseudonimo;Deckname;Lo pseudonimo, usato da una persona in modo che abbia acquistato l'importanza del nome, può essere tutelato ai sensi dell'articolo 7.;
offerta al pubblico;Angebot an der Allgemeinheit;L'offerta al pubblico, quando contiene gli estremi essenziali del contratto alla cui conclusione è diretta, vale come proposta [...].;Wer durch öffentliche Bekanntmachung eine Belohnung für die Vornahme einer Handlung, insbesondere für die Herbeiführung eines Erfolges, aussetzt, ist verpflichtet, die Belohnung demjenigen zu entrichten, welcher die Handlung vorgenommen hat, auch wenn dieser nicht mit Rücksicht auf die Auslobung gehandelt hat.
commissione speciale;Spezialkommission;La Camera può sempre procedere alla costituzione di Commissioni speciali, composte in modo da rispecchiare la proporzione dei Gruppi.;Zur Vorbereitung der Verhandlungen setzt der Bundestag ständige Ausschüsse ein. Für einzelne Angelegenheiten kann er Sonderausschüsse einsetzen.
impronta legale;gesetzlich Abdruck;La contraffazione e l'alterazione devono avere per oggetto l'impronta legale portata dalle misure o pesi, di cui l'agente faccia uso.;Bei der Fälschung einer öffentlichen Urkunde muß das Falsifikat auch die vorgeschriebenen Förmlichkeiten aufweisen, zB. einen vorgeschriebenen Stempel.
pericolo di scivolamento;Rutschgefahr;Le scalette, i montatoi ed i praticabili dei rotabili devono essere atti a ridurre, per quanto possibile, il pericolo di scivolamento.;"Von Bedeutung für die Bewertung der Rutschgefahr sind [...] Größe des Arbeitsraumes oder -bereiches, Art und Anzahl der Geräte, Einrichtungen und Maschinen, Anordnung der Arbeitsplätze, Verkehrswegführung, Anzahl der Beschäftigten im Arbeitsraum oder -
bereich, Menge der auf den Fußboden gelangenden gleitfördernden Stoffe, Art der Be- und Verarbeitung sowie des Transportes der gleitfördernden Stoffe."
cancellazione della società;Löschung der Gesellschaft;Approvato il bilancio finale di liquidazione, i liquidatori devono chiedere la cancellazione della società dal registro delle imprese.;
bilancio finale di liquidazione;Liquidationsschlussrechnung;Approvato il bilancio finale di liquidazione, i liquidatori devono chiedere la cancellazione della società dal registro delle imprese.;
rappresentanza legale;gesetzlich Vertretung;Nell'ipotesi di rappresentanza legale il potere di vincolare in nome e per conto di un altro soggetto sorge per disposizione di legge.;Zur elterlichen Sorge gehört nach § 1629 I 1 BGB die gesetzliche Vertretung des Kindes, also die Befugnis, im Namen des Kindes Rechtsgeschäfte vorzunehmen und Prozesse zu führen.
azione ordinaria;Stammaktie;La dirigenza della Volkswagen ha proposto per quest'anno la distribuzione di un dividendo di 9 marchi per ogni azione ordinaria [...].;
giudice ordinario;Richter der ordentlich Gerichtsbarkeit;La giurisdizione civile, salvo speciali disposizioni di legge, è esercitata dai giudici ordinari secondo le norme del presente codice.;
segno mendace;irreführend Zeichen;Il delitto di vendita di prodotti industriali con segni mendaci si consuma con la messa in vendita o in circolazione di tali prodotti.;[Unter] nicht schützenswerten Marken [zählen z.B.] irreführende Zeichen.
assemblea dei partecipanti;Versammlung der Teilhaber;L'assemblea dei partecipanti [...] nomina il Consiglio superiore della Banca d'Italia, e quindi, indirettamente, anche il Governatore.;"Die Teilhaberversammlung hat folgende Aufgaben: 5.11 Bestellung des Geschäftsführers/der Geschäftsführerin im Benehmen mit der Gemeinde, 5.12 Festsetzung der Höhe der in § 4 Ziffer 4.5 bezeichneten Aufwendungen. 5.13 Prüfung und Bestätigung des vom Geschäftsführer/der Geschäftsführerin
vorgelegten jährlichen Betriebsergebnisses, 5.14 Änderungen und Ergänzungen dieses Vertrags."
diritto consuetudinario;Gewohnheitsrecht;Il nostro codice civile conferma il ruolo di second'ordine ormai assunto dal diritto consuetudinario nell'ambito del sistema italiano.;Das in einem anderen Staate geltende Recht, die Gewohnheitsrechte und Statuten bedürfen des Beweises nur insofern, als sie dem Gericht unbekannt sind.
alterazione di un atto vero;Urkundenverfälschung;L'alterazione [di un atto vero] si verifica quando il documento, redatto dall'autore apparente, ha subito una qualsiasi modificazione.;Gegenstand einer Urkundenverfälschung kann nach dem Wortlaut von § 267 [StGB] nur eine echte Urkunde sein.
fusione omogenea;Verschmelzung gleichartig Rechtsträger;La dottrina prevalente [...] ritiene che, nelle ipotesi di fusione omogenea, competa ai soci dissenzienti il diritto di recesso [...].;
imballaggio;Verpackung;Se il vettore accetta le cose da trasportare senza riserve, si presume che le cose stesse non presentino vizi apparenti d'imballaggio.;Der Versicherer haftet nicht für Beschädigung oder Teilverlust von Gütern, wenn sie oder ihre Verpackung bei Beginn der versicherten Reise beschädigt sind [...].
attività artigiana;Handwerk;Sono escluse limitazioni alla libertà di accesso del singolo imprenditore all'attività artigiana o di esercizio della sua professione.;Zur Handwerkskammer gehören die Inhaber eines Betriebs eines Handwerks und eines handwerksähnlichen Gewerbes des Handwerkskammerbezirks sowie die Gesellen, andere Arbeitnehmer mit einer abgeschlossenen Berufsausbildung und die Lehrlinge dieser Gewerbetreibenden.
operazione militare;Militärischer Vorgang;Chiunque, in tempo di guerra, tiene intelligenze con lo straniero per favorire le operazioni militari del nemico [...] è punito [...].;Wer von einem Wehrmittel, einer militärischen Einrichtung oder Anlage oder einem militärischen Vorgang eine Abbildung oder Beschreibung anfertigt [...] wird [...] bestraft.
acquirente;Erwerber;La proprietà si acquista libera da diritti altrui sulla cosa, se questi non risultano dal titolo e vi è la buona fede dell'acquirente.;Übernimmt der Erwerber eines Grundstücks durch Vertrag mit dem Veräußerer eine Schuld des Veräußerers, für die eine Hypothek an dem Grundstück besteht, so kann der Gläubiger die Schuldübernahme nur genehmigen, wenn der Veräußerer sie ihm mitteilt.
strada comunale;Gemeindestrasse;La costruzione, il ripristino e la manutenzione di strade comunali sono di esclusiva competenza dei rispettivi comuni o loro consorzi.;Zum Bau oder Ausbau von Ortsdurchfahrten im Zuge von Bundesstraßen und zum Bau oder Ausbau von Gemeinde- und Kreuzstraßen, die Zubringer zu Bundesfernstraßen in der Baulast des Bundes sind, kann der Bund Zuwendungen gewähren.
concentrazione;Zusammenlegung;La fusione e la concentrazione di aziende tra più imprese assicuratrici non sono cause di scioglimento del contratto di assicurazione.;
obbligazione all'ordine;Verbindlichkeit aus Orderpapier;Per le obbligazioni all'ordine si deve [...] esibire il titolo al conservatore, il quale vi annota l'eseguita iscrizione dell'ipoteca.;"Schuldverschreibungen dürfen grundsätzlich nur mit staatlicher Genehmigung in den Verkehr gebracht werden; das gilt auch für Orderschuldverschreibungen, wenn sie Teile einer Gesamtemission darstellen."
cancellazione;Streichung;Approvato il bilancio finale di liquidazione, i liquidatori devono chiedere la cancellazione della società dal registro delle imprese.;"Zur Aufhebung eines Rechts an einem Grundstück ist, soweit nicht das Gesetz ein anderes vorschreibt, die Erklärung des Berechtigten, dass er das Recht aufgebe, und die Löschung des Rechts im Grundbuch erforderlich. | Die Streichung des Vermerks ""nur zur Verrechnung"" gilt als nicht erfolgt."
vaccinazione di richiamo;Boosterimpfung;Il vaccino dTpaIPV è indicato per la vaccinazione di richiamo (booster) contro la difterite, il tetano, la pertosse e la poliomielite.;Der Einsatz von Auffrischungsimpfungen bei bestimmten Personengruppen wurde am 2. August 2021 von der Gesundheitsministerinnen- und Gesundheitsministerkonferenz (GMK) beschlossen. | Von der Ständigen Impfkommission beim Robert Koch-Institut empfohlene Abstände zwischen Erst- und Folge- sowie Auffrischimpfungen sollen eingehalten werden. | Bei Kindern im Alter von 2 bis 5 Monaten sind 2 Impfstoffdosen (im Abstand von 2 Monaten) oder 3 Impfstoffdosen (im Abstand von 1 Monat) zur Grundimmunisierung und in allen anderen Altersgruppen 2 Impfstoffdosen vom Hersteller empfohlen. Bei Kindern, die in den ersten 2 Lebensjahren geimpft wurden, ist zusätzlich eine Boosterimpfung erforderlich.
fatto doloso;vorsätzlich handeln;Qualunque fatto doloso o colposo, che cagiona ad altri un danno ingiusto, obbliga colui che ha commesso il fatto a risarcire il danno.;
rimedio giuridico;Rechtsbehelf;In ogni caso i provvedimenti relativi ai sequestri per il procedimento penale sono assoggettati soltanto ai rimedi previsti dal codice.;
riserve occulte;still Rücklage;La vera ragione delle riserve occulte è che si vuole, con esse, tenere nascosta al pubblico la prosperità di cui gode la società [...].;"Übermäßige Dotierung der [stillen Rücklagen]ist Verstoß gegen das Prinzip der Bilzanzwahrheit und Bilanzklarheit, während ""normale stille Rücklagen"" der kaufmännischen Vorsicht (sog. Bilanzvorsicht) und dem im Handelsrecht verankerten Gläubigerschutz entsprechen."
fondo di riserva legale;Fond für der gesetzlich Reserve;Qualunque sia l'ammontare del fondo di riserva legale, deve essere a questa destinata almeno la quinta parte degli utili netti annuali.;
impresa di riassicurazione;Rückversicherungsunternehmung;Le imprese di riassicurazione limitano l’oggetto sociale all’esercizio della riassicurazione ed alle operazioni connesse o strumentali.;Es erscheint deshalb sinnvoll, die Koordinierung nicht auf die von der Richtlinie [...] erfassten Rechtsformen zu beschränken, sondern den Anwendungsbereich auf den [...] auszudehnen und darüber hinaus einige aus dem Anwendungsbereich dieser Richtlinien ausgeklammerte Unternehmen sowie Rückversicherungsunternehmen mit einzubeziehen.
giudice ordinario;ordentlich Gericht;La giurisdizione civile, salvo speciali disposizioni di legge, e' esercitata dai giudici ordinari secondo le norme del presente codice.;Ordentliche Gerichtsbarkeit ist die Gerichtsbarkeit der ordentlichen Gerichte [...].
minimo edittale;von Strafrahmen vorgesehen Mindeststrafe;Quando ritiene di emettere decreto di condanna, il pretore può applicare una pena diminuita sino alla metà rispetto al minimo edittale.;Steht dem Gläubiger ein Anspruch auf Schadensersatz wegen Nichterfüllung zu, so kann er die verwirkte Strafe als Mindestbetrag des Schadens verlangen. | Droht das Gesetz ein erhöhtes Mindestmaß der Freiheitsstrafe an, so bestimmt sich das Mindestmaß der Geldstrafe in den Fällen des Satzes 1 nach dem Mindestmaß der angedrohten Freiheitsstrafe [...].
luce artificiale;Kunstlicht;I luoghi di lavoro all'aperto devono essere opportunamente illuminati con luce artificiale quando la luce del giorno non è sufficiente.;Die Arbeitsstätten müssen möglichst ausreichend Tageslicht erhalten. Eine Beleuchtung mit Tageslicht ist der Beleuchtung mit ausschließlich künstlichem Licht vorzuziehen. | Generell gilt für die Beleuchtung fast aller Arbeitsplätze: so viel Tageslicht wie möglich. [...] Eine gesunde nachhaltige, energiebewusste, leistungsfördernde, altersgerechte und intelligente Beleuchtung heißt: systemergonomisches Lichtmanagement von Tages- und Kunstlicht am besten mit Tageslichtspektrumleuchten sowie einer individuellen altersgerechten Steuerung bzw. Arbeitsplatzleuchte.
stato passionale;Affekt;Gli stati emotivi e passionali, se [...] non influiscono sull'imputabilità, tuttavia, possono dar luogo a circostanze attenuanti [...].;"Bei Affekten - ""Höchstform der Erregung"" -, bei der ein besonnenes Abwägen von Gründen und Gegengründen nicht mehr stattfindet [...], stellt sich die Frage einer ""tiefgreifenden Bewußtseinsstörung"" vor allem bei sthenischen Affekten (Wut, Hass, usw.), u.U. auch bei auf Panik, Schrecken usw. beruhenden asthenischen Reaktionen."
riserva legale;gesetzlich Reserve;Qualunque sia l'ammontare del fondo di riserva legale, deve essere a questa destinata almeno la quinta parte degli utili netti annuali.;In der Bilanz des [...] aufzustellenden Jahresabschlusses ist eine gesetzliche Rücklage zu bilden.
dispositivo di segnalazione;Signaleinrichtung;Il disinserimento involontario dei dispositivi di avvertimento e di segnalazione deve essere reso impossibile in sede di fabbricazione.;Fahrzeuge mit Zusatzlenkung, deren Betätigung durch Mitgänger oder Mitfahrer erfolgt, müssen mit Signaleinrichtungen zur wechselseitigen Verständigung zwischen Mitgänger oder Mitfahrer und Fahrzeugführer ausgerüstet sein.
dispositivo di avvertimento;Warneinrichtung;Il disinserimento involontario dei dispositivi di avvertimento e di segnalazione deve essere reso impossibile in sede di fabbricazione.;Bei raumlufttechnischen Anlagen muss eine Störung durch eine selbsttätige Warneinrichtung angezeigt werden.
ransomware;Erpressungssoftware;Gli attori malevoli che diffondono il ransomware Egregor tendono […] a utilizzare diversi approcci per compromettere le reti aziendali.;Infektionsvektoren von Ransomware sind aktuell E-Mail-Anhänge oder Spam-Mails mit verlinkter Schadsoftware, sowie Schwachstellen in aus dem Internet erreichbaren Server-Systemen. | [Das] Netzwerk mit dem Namen Avalanche war eine der weltweit größten bekannten Botnetz-Infrastrukturen. In dieser konnten insgesamt 20 verschiedene Botnetze identifiziert werden, die die Infrastruktur zur Verbreitung von Spam- und Phishing-E-Mails sowie von Schadsoftware wie beispielsweise Ransomware (Erpressungstrojaner) oder Banking-Trojaner, nutzen. | Cyberangriffe mit Erpressungssoftware (sogenannte Ransomware) sind für Cyber-Kriminelle ein einträgliches Geschäftsmodell, das Unternehmen an den Rand ihrer Existenz bringen kann.
matrimonio tra persone dello stesso sesso;gleichgeschlechtlich Ehe;È legittimo il rifiuto dell'ufficiale di stato civile di procedere alla pubblicazione per un matrimonio tra persone dello stesso sesso.;Das Bundesverfassungsgericht hat in ständiger Rechtsprechung entschieden, daß die Ehe [...] die Vereinigung von Mann und Frau zu einer Lebensgemeinschaft ist [...]. Daraus folgt, daß aus dieser Grundrechtsnorm ein Recht auf Eingehung einer Ehe mit einem gleichgeschlechtlichen Partner nicht hergeleitet werden kann.
amnistia;Amnestie;L'amnistia e l'indulto devono essere applicati qualora il condannato ne faccia richiesta, anche se è terminata l'esecuzione della pena.;Eine Amnestie, die in einem Teilgebiet erlassen wird, muß, soweit dessen Recht auch unter Berücksichtigung des ordre public allein anzuwenden ist, in allen übrigen Landesteilen berücksichtigt werden.
coniuge;Gattin;Gli ascendenti, i discendenti e il coniuge immessi nel possesso temporaneo dei beni ritengono a loro profitto la totalità delle rendite.;Ein Ehegatte kann ein Kind seines Ehegatten allein annehmen. Er kann ein Kind auch dann allein annehmen, wenn der andere Ehegatte das Kind nicht annehmen kann, weil er geschäftsunfähig ist oder das 21. Lebensjahr noch nicht vollendet hat. | Beihilfe wird auch gewährt für Aufwendungen 1. der Ehegattin oder des Ehegatten, der Lebenspartnerin oder des Lebenspartners, die oder der kein zur wirtschaftlichen Selbständigkeit führendes Einkommen hat, [...].
possesso attuale;jetzig Besitz;Il possesso attuale non fa presumere il possesso anteriore, salvo che il possessore abbia un titolo a fondamento del suo possesso [...].;Der Kläger hat seinen früheren Besitz, den gegenwärtigen Besitz des Beklagten und dessen bösen Glauben zu beweisen.
Consiglio dei ministri;Bundesrat;Il Governo della Repubblica è composto del Presidente del Consiglio e dei Ministri, che costituiscono insieme il Consiglio dei ministri.;Durch Gesetz können die Bundesregierung, ein Bundesminister oder die Landesregierungen ermächtigt werden, Rechtsverordnungen zu erlassen. Dabei müssen Inhalt, Zweck und Ausmaß der erteilten Ermächtigung im Gesetze bestimmt werden.
riconoscimento;Anerkenntnis;La prescrizione è interrotta dal riconoscimento del diritto da parte di colui contro il quale il diritto stesso può essere fatto valere.;Zur Entstehung einer rechtsfähigen Stiftung sind das Stiftungsgeschäft und die Anerkennung durch die zuständige Behörde des Landes erforderlich, in dem die Stiftung ihren Sitz haben soll.
procedimento di esecuzione penale;Strafvollstreckungsverfahren;Il procedimento di esecuzione penale ha natura amministrativa nella fase non contenziosa e natura giurisdizionale in quella contenziosa.;
obbligazionista;Schuldverschreibungsinhaber;Ciascun obbligazionista può impugnare le deliberazioni che non sono prese in conformità della legge, a norma degli articoli 2377 e 2378.;Der Aussteller kann dem Inhaber der Schuldverschreibung nur solche Einwendungen entgegensetzen, welche die Gültigkeit der Ausstellung betreffen [...].
mandante;Mandant;"Il mandante può revocare il mandato; ma, se era stata pattuita l'irrevocabilità, risponde dei danni, salvo che ricorra una giusta causa.";Durch die Annahme eines Auftrags verpflichtet sich der Beauftragte, ein ihm vom Auftraggeber übertragenes Geschäft für diesen unentgeltlich zu besorgen.
tasso di conversione;Umrechnungskurs;Il bilancio può essere pubblicato, oltre che in lire, anche in ECU, al tasso di conversione della data di chiusura dell'esercizio [...].;Werden die Angaben im Jahresabschluß oder im Konzernabschluß außer in Deutscher Mark auch in Europäischer Währungseinheit gemacht, ist der am Bilanzstichtag gültige Umrechnungskurs zugrunde zu legen.
opera;Arbeitsleistung;La parte spettante al socio che ha conferito la propria opera, se non è determinata dal contratto, è fissata dal giudice secondo equità.;
dominio collettivo;Allmende;[L]a Repubblica riconosce i domini collettivi, comunque denominati, come ordinamento giuridico primario delle comunità originarie [...].;
convenzione di voto;Abstimmungsvereinbarung;Al sindacato di voto si ricorre, di regola, nelle ipotesi in cui nessun azionista è, da solo, in grado di controllare l'assemblea [...].;Abstimmungsvereinbarungen unter den Aktionären oder Dritten sind im Grundsatz zulässig.
corrente di contatto;Berührungsstrom;Le correnti di contatto costituiscono uno dei meccanismi di accoppiamento indiretto tra CEM [campi elettromagnetici] e soggetti esposti.;Wenn ein Beschäftigter einen geladenen Gegenstand berührt oder in Kontakt mit einem geerdeten Gegenstand kommt, während er selbst durch Exposition gegenüber einem statischen elektrischen Feld oder Reibungselektrizität geladen ist, fließt ein Kontaktstrom.
equo compenso;billig Vergütung;Il giudice nel pronunciare la rescissione, può, secondo le circostanze, assegnare un equo compenso all'altra parte per l'opera prestata.;Hat der Urheber das Vermietrecht (§ 17) an einem Bild- oder Tonträger dem Tonträger- oder Filmhersteller eingeräumt, so hat der Vermieter gleichwohl dem Urheber eine angemessene Vergütung für die Vermietung zu zahlen.
disconoscimento di paternità;Vaterschaftsanfechtung;L'azione per il disconoscimento di paternità da parte della madre deve essere proposta nel termine di sei mesi dalla nascita del figlio.;"Das Land Baden-Württemberg hat im Jahre 2005 dem Bundesrat den ""Entwurf eines Gesetzes zum Schutz der Persönlichkeitsrechte bei Abstammungsuntersuchungen"" zugeleitet [...]. Nach diesem Entwurf soll § 1600 BGB ein Absatz 5 hinzugefügt werden, nach dem es einer anfechtungsberechtigten Person [...] erlaubt sein soll, ohne Einwilligung des betroffenen Kindes und seiner Mutter zur Vorbereitung einer Anfechtung der Vaterschaft eine genetische Untersuchung durchführen zu lassen und zu diesem Zwecke Proben vom Kind zu gewinnen [...]."
stress mentale;mental Belastung;"La norma [UNI EN ISO 10075-1] sottolinea che ""qualsiasi attività, anche quella a prevalente impegno fisico, può indurre stress mentale"".";Werden die Voraussetzungen des einzelnen Menschen [...] über- oder unterfordert [...], so führt psychische Belastung zu Fehlbeanspruchung. Diese kann sich beim Beschäftigten so auswirken, dass er seine Arbeit öde findet, schnell ermüdet, sich nicht mehr konzentrieren kann, wichtige Signale nicht mehr wahrnimmt. | Obwohl es weiterhin körperlich belastende Arbeitsplätze gibt, ist ihre Anzahl in unserer Dienstleistungs- und Informationsgesellschaft vergleichsweise abnehmend gegenüber dem immer umfangreicher werdenden Anteil von Arbeitsplätzen mit eher körperlicher Inaktivität und wachsender mentaler Belastung – als charakteristisches Beispiel: die Bildschirm- und Büroarbeitsplätze.
sottrazione;Wegnahme;La sottrazione non è punibile se viene commesso su cose fungibili, se il valore di esse non eccede la quota spettante a chi fa l'azione.;Die Wegnahme kann vollendet sein schon beim Verstecken in den Räumen des Bestohlenen, desgleichen beim Verbergen des in einem Warenhaus Gestohlenen unter der eigenen Kleidung, selbst wenn der Bestohlene den Diebstahl beobachtet hat.
tempo;Zeitraum;L'usufruttuario può cedere il proprio diritto per un certo tempo o per tutta la sua durata, se ciò non è vietato dal titolo costitutivo.;Die Verjährung von Ansprüchen des Kindes gegen den Beistand ist während der Dauer der Beistandschaft gehemmt. | Sofern sich die Mehraufwendungen innerhalb eines angemessenen 8 Zeitraums - der bei Maßnahmen der hier in Rede stehenden Art in der Regel zehn Jahre beträgt - amortisieren, hielten sich die Maßnahmen noch im Rahmen der modernisierenden Instandsetzung [...].
temperatura ambientale;Raumtemperatur;[Nella f]ase d’incendio generalizzato […] la temperatura ambientale tende all’uniformità e raggiunge valori compresi fra 500 °C e 600 °C.;Die erste Phase [eines Brandes] ist der Initial- oder Schwelbrand, wobei die Dauer abhängig von der Sauerstoffkonzentration ist. Die zweite Phase ist ein lokaler Brand, der die Luft in einem Raum sehr stark aufheizt. In der dritten Phase überschreitet die Raumtemperatur die Zündtemperatur von den brennbaren Materialien, die in dem Raum vorhanden sind und es kommt zu einer explosiven Brandausbreitung.
opinione;Meinung;Tutti i giudici enunciano le ragioni della loro opinione e votano su ciascuna questione qualunque sia stato il voto espresso sulle altre.;Wer in Beziehung auf einen anderen eine Tatsache behauptet oder verbreitet, welche denselben verächtlich zu machen oder in der öffentlichen Meinung herabzuwürdigen geeignet ist, wird, wenn nicht diese Tatsache erweislich wahr ist, mit Freiheitsstrafe bis zu einem Jahr oder mit Geldstrafe und, wenn die Tat öffentlich oder durch Verbreiten von Schriften (§ 11 Abs. 3) begangen ist, mit Freiheitsstrafe bis zu zwei Jahren oder mit Geldstrafe bestraft.
possesso anteriore;früh Besitz;"Il possesso attuale non fa presumere il possesso anteriore, salvo che il possessore abbia un titolo a fondamento del suo possesso; [...].";In der Mitte zwischen dem Anspruch des Besitzers aus verbotener Eigenmacht und dem Anspruch des Eigentümers auf Herausgabe steht der Anspruch aus früherem Besitz, den das BGB in Anlehnung an das germanische Recht und in Erweiterung der actio Publicana des römischen Rechtes, aber nur für bewegliche Sachen, gewährt [...].
lavoro notturno;Nachtarbeit;Il lavoro notturno non compreso in regolari turni periodici deve essere [...] retribuito con una maggiorazione rispetto al lavoro diurno.;Der Arbeitgeber hat den Nachtarbeitnehmer auf dessen Verlangen auf einen für ihn geeigneten Tagesarbeitsplatz umzusetzen, wenn [...] nach arbeitsmedizinischer Feststellung die weitere Verrichtung von Nachtarbeit den Arbeitnehmer in seiner Gesundheit gefährdet [...].
costo di acquisto;Anschaffungskosten;Nelle valutazioni devono essere osservati i seguentzi criteri: 1) le immobilizzazioni sono iscritte al costo di acquisto o di produzione.;Vermögensgegenstände (Wirtschaftsgüter) werden in der Handels- und Steuerbilanz grundsätzlich mit den AK oder HK bewertet.
radiazione;Strahlung;Quando si parla a livello lavorativo delle radiazioni, spesso si fa riferimento all’esposizione a radiazioni ionizzanti e non ionizzanti.;[A]n Arbeitsplätzen kann Strahlung auf Beschäftigte einwirken, sei es, dass Strahlung in einem Arbeitsverfahren gezielt eingesetzt wird, sei es, dass Strahlung bei Arbeitsprozessen unerwünscht auftritt.
foro esclusivo;ausschliesslich Gerichtsstand;[A]nche il foro esclusivo è, almeno di regola ed in assenza di una diversa previsione di legge, derogabile per accordo delle parti [...].;
capo dello Stato;Staatsoberhaupt;Lo scioglimento dell'istituto è disposto con decreto del Capo dello Stato su proposta del Ministro per il lavoro e la previdenza sociale.;
giurisdizione penale;Gerichtsbarkeit in Strafsache;La giurisdizione penale è esercitata dai giudici previsti dalle leggi di ordinamento giudiziario [...] secondo le norme di questo codice.;Die deutsche Strafgerichtsbarkeit besteht grundsätzlich für alle Taten, die der deutschen Strafgewalt unterliegen. Wenn dies der Fall ist, wird vom Internationalen Strafrecht bestimmt.
attività assicurativa;Versicherungstätigkeit;Sono soggetti all'obbligo dell'iscrizione nel registro delle imprese gli imprenditori che esercitano un'attività bancaria o assicurativa.;Eine in einem Vertragsstaat ansässige Person, die Einkünfte aus dem anderen Vertragsstaat bezieht, kann im anderen Vertragsstaat nur dann alle Vergünstigungen nach diesem Abkommen beanspruchen, wenn diese Person [...] im erstgenannten Vertragsstaat aktiv gewerblich tätig ist (außer wenn das Gewerbe in der Platzierung oder Verwaltung von Kapitalanlagen besteht, es sei denn, es handelt sich bei dieser Tätigkeit um Bank- oder Versicherungstätigkeiten einer Bank oder Versicherungsgesellschaft) und die aus dem anderen Vertragsstaat bezogenen Einkünfte im Zusammenhang mit dieser gewerblichen Tätigkeit bezogen werden oder aus Anlass dieser Tätigkeit anfallen.
società a responsabilità limitata unipersonale;Gesellschaft mit beschränkt Haftung mit ein alleinig Gesellschafter;[A]nche la società a responsabilità limitata unipersonale può esercitare l'attività artigiana se il socio unico presenta detti requisiti.;
crampo da calore;Hitzekrampf;Il crampo da calore, l'esaurimento da calore ed il colpo di calore sono tutte situazioni causate da un[']eccessiva esposizione al calore.;Hitze am Arbeitsplatz kann zur Belastung des Herz-Kreislauf-Systems, der Atemwege und des Wasser- und Elektrolythaushalts führen. Im extremen Fall können Hitzekrankheiten wie Hitzekrämpfe, Hitzekollaps und Hitzschlag ausgelöst werden.
giudice dell'impugnazione;Rechtsmittelgericht;Al giudice della impugnazione sono trasmessi senza ritardo il provvedimento impugnato, l'atto di impugnazione e gli atti del procedimento.;Der Beitritt des Nebenintervenienten erfolgt durch Einreichung eines Schriftsatzes bei dem Prozessgericht und, wenn er mit der Einlegung eines Rechtsmittels verbunden wird, durch Einreichung eines Schriftsatzes bei dem Rechtsmittelgericht. [...].
principio dispositivo;Dispositionsmaxime;In virtù del principio dispositivo, il giudice non può rimediare con proprio provvedimento istruttorio alle lacune probatorie delle parti.;Wesentliche Prozeßgrundsätze. 1. Parteiherrschaft. Sie umfaßt: [...] Dispositionmaxime (Verfügungsgrundsatz) [...]. Sie betrifft die Verfügungsfreiheit der Parteien über den Streitgegenstand und damit über den Gang und Inhalt des Verfahrens. | Das Gegenstück zum Dispositionsgrundsatz bildet die Offizialmaxime, nach der die Einleitung eines Verfahrens von Amts wegen erfolgt.
causa pendente;anhängig Rechtsstreit;La competenza degli arbitri non è esclusa dalla connessione tra la controversia ad essi deferita ed una causa pendente dinanzi al giudice.;
capitale assicurato;Versicherungssumme;Il capitale assicurato non è soggetto a pignoramento o sequestro ed è escluso dall'asse ereditario e dal reddito imponibile ai fini Irpef.;Ergibt sich, daß die Versicherungssumme den Wert des versicherten Interesses (Versicherungswert) erheblich übersteigt, so kann sowohl der Versicherer als auch der Versicherungsnehmer verlangen, daß zur Beseitigung der Überversicherung die Versicherungssumme, unter verhältnismäßiger Minderung der Prämie mit sofortiger Wirkung, herabgesetzt wird.
cognome comune;gemeinsam Nachname;La parte può anteporre o posporre al cognome comune il proprio cognome, se diverso, facendone dichiarazione all'ufficiale di stato civile.;Die Lebenspartner können einen gemeinsamen Namen (Lebenspartnerschaftsnamen) bestimmen. Zu ihrem Lebenspartnerschaftsnamen können die Lebenspartner [...] den Geburtsnamen oder den zur Zeit der Erklärung über die Bestimmung des Lebenspartnerschaftsnamens geführten Namen eines der Lebenspartner bestimmen.
indulto;Erlass der Strafe;Nel concorso di più reati, l'indulto si applica una sola volta, dopo cumulate le pene, secondo le norme concernenti il concorso dei reati.;Der Widerruf der Aussetzung, der Erlaß der Strafe, der Widerruf des Erlasses, die Verurteilung zu der vorbehaltenen Strafe und die Feststellung, daß es bei der Verwarnung sein Bewenden hat, können mit sofortiger Beschwerde angefochten werden.
ente concedente;Konzessionsgeber;La durata delle concessioni è limitata ed è determinata dall’ente concedente in funzione dei lavori o servizi richiesti al concessionario.;Die Laufzeit von Konzessionen ist beschränkt. Der Konzessionsgeber schätzt die Laufzeit je nach den geforderten Bau- oder Dienstleistungen.
pubblica insegna onorifica;Würdebezeichnung;Alla stessa pena [multa da lire duecentomila a due milioni] soggiace chi si arroga [...] decorazioni o altre pubbliche insegne onorifiche.;Diese Verordnung [§ 132 a Absatz 3] steht im Gegensatz zur grundgesetzlich garantierten Religionsfreiheit, jedoch beschneidet sie die Religionsfreiheit des Einzelnen, indem bestimmte Würdenbezeichnungen der deutschen Sprache, die eindeutig im Zusammenhang mit religiöser Handlung zu sehen sind und nur einigen wenigen Personen der sog. Amtskirchen und Religionsgesellschaften des öffentlichen Rechts vorbehalten bleiben.
tutore;Vormund;Il giudice tutelare, appena avuta notizia del fatto da cui deriva l'apertura della tutela, procede alla nomina del tutore e del protutore.;"Das Familiengericht hat den leiblichen Eltern die elterliche Sorge zurückzuübertragen, wenn und soweit dies dem Wohl des Kindes nicht widerspricht; andernfalls bestellt es einen Vormund oder Pfleger."
acqua nebulizzata;Wasser-Nebel;Gli estintori ad acqua nebulizzata, che sottraggono calore alle fiamme per evaporazione, sono molto efficaci solo con combustibili solidi.;
a tempo indeterminato;unbefristet;In caso di assunzione a tempo indeterminato, con prestazione a tempo parziale, l'importo sarà proporzionato alla durata della prestazione.;"Vergleichbar ist ein unbefristet beschäftigter Arbeitnehmer des Betriebes mit der gleichen oder einer ähnlichen Tätigkeit. Gibt es im Betrieb keinen vergleichbaren unbefristet beschäftigten Arbeitnehmer, so ist der vergleichbare unbefristet beschäftigte Arbeitnehmer auf Grund des anwendbaren Tarifvertrages zu bestimmen; [...]."
premio netto;Nettoprämie;Il premio imponibile comprende il premio netto più gli accessori di polizza, cioè i costi di emissione ed amministrazione della compagnia.;Die Schadenquote berechnet sich aus dem Verhältnis der bezahlten Schäden (abzüglich erzielter Regreßerlöse) zur bezahlten Nettoprämie (ohne Versicherungssteuer und ohne politische Risiken).
fatto illecito;rechtswidrig Tat;Le disposizioni precedenti si applicano anche quando la causa preesistente o simultanea o sopravvenuta consiste nel fatto illecito altrui.;
diritti civili;bürgerlich Grundrecht;Può essere eletto Presidente della Repubblica ogni cittadino che abbia compiuto cinquanta anni d'età e goda dei diritti civili e politici.;Der Genuß bürgerlicher und staatsbürgerlicher Rechte, die Zulassung zu öffentlichen Ämtern sowie die im öffentlichen Dienste erworbenen Rechte sind unabhängig von dem religiösen Bekenntnis. | Die Bürgerrechte gehören neben den Menschenrechten zu den Grundrechten, die in der Bundesrepublik im Grundgesetz festgeschrieben sind.
residenza;Wohnsitz;Il trasferimento della residenza non può essere opposto ai terzi di buona fede, se non è stato denunciato nei modi prescritti dalla legge.;Der Wohnsitz kann gleichzeitig an mehreren Orten bestehen.
fondazione;Stiftung;Le associazioni e le fondazioni devono essere costituite con atto pubblico. [...]. La fondazione può essere disposta anche con testamento.;Zur Entstehung einer rechtsfähigen Stiftung sind das Stiftungsgeschäft und die Anerkennung durch die zuständige Behörde des Landes erforderlich, in dem die Stiftung ihren Sitz haben soll.
retribuzione tabellare;Tariflohn;La retribuzione tabellare è determinata su base oraria in relazione alla durata normale annua della prestazione di lavoro espressa in ore.;"[G]rundsätzlich gilt der Tariflohn für vergleichbare Beschäftigungen in vergleichbaren Betrieben als Richtschnur; von ihm ist aber bei Vorliegen entsprechender Anhaltspunkte nach oben oder unten abzuweichen."
corte;Gerichtshof;La dichiarazione di astensione è presentata al presidente della corte o del tribunale che decide con decreto senza formalità di procedura.;
contributo figurativo;Ersatzbeitrag;I contributi figurativi sono computabili a tutti gli effetti ai fini della determinazione sia del diritto sia della misura della pensione.;Anrechnungszeiten sind Zeiten, in denen Versicherte 1. wegen Krankheit arbeitsunfähig gewesen sind oder Leistungen zur medizinischen Rehabilitation oder zur Teilhabe am Arbeitsleben erhalten haben, 1a. nach dem vollendeten 17. und vor dem vollendeten 25. Lebensjahr mindestens einen Kalendermonat krank gewesen sind, soweit die Zeiten nicht mit anderen rentenrechtlichen Zeiten belegt sind, 2. wegen Schwangerschaft oder Mutterschaft während der Schutzfristen nach dem Mutterschutzgesetz eine versicherte Beschäftigung oder selbständige Tätigkeit nicht ausgeübt haben, [...].
territorio estero;Ausland;"Nei casi indicati dai due articoli precedenti [CP 291; 292] la pena è aumentata se il fatto è commesso dal cittadino in territorio estero.";Das deutsche Strafrecht gilt für Taten, die im Ausland gegen einen Deutschen begangen werden, wenn die Tat am Tatort mit Strafe bedroht ist oder der Tatort keiner Strafgewalt unterliegt.
esercitazione di guida;Übungsfahrt;"Gli autoveicoli per le esercitazioni e gli esami di guida devono essere muniti di appositi contrassegni recanti la lettera alfabetica ""P"".";"Wer die Fahrstunde verpasst und dem Fahrlehrer nicht abgesagt hat, befindet sich in Verzug mit der Annahme der Leistung. Nach § 615 Abs. 1 Bürgerliches Gesetzbuch (BGB) kann der Fahrlehrer in einem solchen Fall grundsätzlich volle Vergütung für die nutzlos vertane Zeit verlangen und ist selbst zur Nachholung der Fahrstunde nicht verpflichtet. | Der Fahrlehrer darf täglich nur so lange praktischen Fahrunterricht erteilen, wie er in der Lage ist, die Verantwortung für die Ausbildungsfahrt zu übernehmen und den Fahrschüler sachgerecht zu unterrichten. Die tägliche Gesamtdauer des praktischen Fahrunterrichts einschließlich der Prüfungsfahrten […] darf 495 Minuten nicht überschreiten; sie muß durch Pausen von ausreichender Dauer unterbrochen sein. […]. | Der praktische Unterricht ist auf die theoretische Ausbildung zu beziehen und inhaltlich mit dieser zu verzahnen. Er hat sich an den [...] Inhalten zu orientieren und die praktische Anwendung der Kenntnisse einzubeziehen, die zur Beurteilung der Verkehrs- und Betriebssicherheit des Fahrzeuges erforderlich sind. Er ist systematisch aufzubauen. Der praktische Unterricht besteht aus einer Grundausbildung und besonderen Ausbildungsfahrten. […]."
procedimento d'impugnazione;Rechtsmittelverfahren;Le sentenze interlocutorie sono impugnabili a norma della legge precedente, ma il procedimento d'impugnazione è regolato dal codice [...].;Die Kosten des Rechtsmittelverfahrens sind der obsiegenden Partei ganz oder teilweise aufzuerlegen, wenn sie auf Grund eines neuen Vorbringens obsiegt, das sie in einem früheren Rechtszug geltend zu machen imstande war.
falso in prospetto;Verletzung der Ad-hoc-Publizitätspflicht;La riforma della disciplina penale delle società commerciali e delle materie connesse è ispirata a [prevedere il] falso in prospetto [...].;
Legge Fondamentale;Grundgesetz;La Costituzione dovrà essere fedelmente osservata come Legge fondamentale della Repubblica da tutti i cittadini e dagli organi dello Stato.;Das demokratische Prinzip des Grundgesetzes schließt daher Ausländer vom Wahlrecht und von den staatsleitenden, politischen Ämtern aus.
categoria di azioni;Aktienkategorie;Si possono tuttavia creare categorie di azioni fornite di diritti diversi, con l'atto costitutivo o con successive modificazioni di questo.;
macroclima;Makroklima;[U]n’esposizione ad un macroclima sfavorevole può comportare danni a carico degli apparati respiratori, osteo-articolari e cardiovascolari.;In der Arbeitswelt wird zwischen dem Klima in Räumen (Raumklima) und dem Klima beim Arbeiten im Freien (Außenklima) unterschieden.
applicazione uniforme;einheitlich Anwendung;Nell'interpretazione di tali convenzioni si terrà conto del loro carattere internazionale e dell'esigenza della loro applicazione uniforme.;"Die  Frage, nach welchen Maßstäben die Unzumutbarkeit zu beurteilen ist, wenn eine juristische Person ""Verpflichteter"" im Sinne von § 15  BSHG  ist, ist in Rechtsprechung des Bundesverwaltungsgerichts noch nicht geklärt und bedarf für eine einheitliche Anwendung des Rechts der  Klärung."
introito;Einnahme;Sono entrate dell'azienda oltre a quelle previste dall'art. 13 della legge ogni altro provento o introito connesso alla gestione aziendale.;
rifiuto di dare le proprie generalità;Verweigerung der Angabe der Personalie;Se il soggetto non rifiuta di dare le proprie generalità, ma le dà false, egli risponderà nel delitto più grave previsto dall'art. 495 c.p.;Es verstößt gegen Art. 2 Abs. 1 GG, wenn die Verweigerung der Angabe der Personalien nach § 111 OWiG geahndet wird, ohne daß zuvor die Rechtmäßigkeit der Aufforderung in vollem Umfang überprüft worden ist.
assegno non trasferibile;Rektascheck;Colui che paga un assegno non trasferibile a persona diversa dal prenditore o dal banchiere giratario per l'incasso risponde del pagamento.;Für die Weiterübertragung des Schecks ist von Bedeutung, ob es sich um einen Rektascheck, einen Orderscheck oder einen Inhaberscheck handelt.
recesso;Rücktritt;Nei contratti a esecuzione continuata o periodica [...] il recesso non ha effetto per le prestazioni già eseguite o in corso di esecuzione.;Hat sich in einem Vertrag ein Teil den Rücktritt vorbehalten, so sind die Parteien, wenn der Rücktritt erfolgt, verpflichtet, einander die empfangenen Leistungen zurückzugewähren.
terzo debitore;Drittschuldner;Le parti ed il terzo debitore possono sempre chiedere, con le forme del processo ordinario, la modificazione e la revoca del provvedimento.;Geschäfte, die auf Grund eines schon vor der Pfändung bestehenden Rechtes oder einer schon vor diesem Zeitpunkte bestehenden Verpflichtung des Drittschuldners vorgenommen werden, gelten nicht als neue Geschäfte im Sinne dieser Vorschrift.
pericolo concreto;effektiv Gefahr;Le misure cautelari sono disposte [...] quando l'imputato si è dato alla fuga o sussiste concreto pericolo che egli si dia alla fuga [...].;Es genügt,daß der Täter es unternimmt, dadurch Leib oder Leben eines beliebigen anderen (also nicht eines Tatbeteiligten) oder fremde Sachen von bedeutendem Wert in konkrete Gefahr zu bringen [...].
ufficiale giudiziario;Gerichtsvollzieher;L'ufficiale giudiziario esegue la notificazione mediante consegna al destinatario di copia conforme all'originale dell'atto da notificarsi.;Die von den Parteien zu betreibenden Zustellungen erfolgen durch den Gerichtsvollzieher nach Maßgabe der §§ 193 und 194 [ZPO].
dote;Mitgift;Se la separazione è pronunziata per colpa di entrambi i coniugi l'autorità giudiziaria ha la facoltà di ordinare la separazione della dote.;Während der Tochter nach früherem Recht gegen ihren Vater, subsidiär gegen die Mutter ein Anspruch auf Gewährung einer Mitgift zustand (sogenannte Aussteuer [...]), können nach geltendem Recht Kinder keine Mitgift verlangen, es sei denn, es liegt ein Ausstattungsversprechen vor. | Während der Tochter nach früherem Recht gegen ihren Vater, subsidiär gegen die Mutter ein Anspruch auf Gewährung einer Mitgift zustand [...], können nach geltendem Recht Kinder keine Mitgift verlangen, es sei denn, es liegt ein Ausstattungsversprechen vor.
azione di risparmio;Vorzugsaktie ohne Stimmrecht;Un'altra categoria [...] è quella delle azioni di risparmio, privilegiate nella ripartizione degli utili e nel rimborso del capitale [...].;
creditore in solido;Gesamtgläubiger;Se nella medesima persona si riuniscono le qualità di debitore e di creditore in solido, l'obbligazione si estingue per la parte di questo.;Vereinigen sich Forderung und Schuld in der Person eines Gesamtgläubigers, so erlöschen die Rechte der übrigen Gläubiger gegen den Schuldner.
giudice per le indagini preliminari;Untersuchungsrichter;Se l'intervento è avvenuto prima dell'esercizio dell'azione penale, sull'opposizione provvede il giudice per le indagini preliminari [...].;In Sachen, die [...] zur Zuständigkeit des Oberlandesgerichts im ersten Rechtszug gehören, können die im vorbereitenden Verfahren dem Richter beim Amtsgericht obliegenden Geschäfte auch durch Ermittlungsrichter dieses Oberlandesgerichts wahrgenommen werden [...].
interpretazione;Interpretation;Nell'interpretazione di tali convenzioni si terrà conto del loro carattere internazionale e dell'esigenza della loro applicazione uniforme.;"Bei der Auslegung fremden Rechts sind die Worte und Begriffe des fremden Rechts (sei es Gesetz, Gewohnheitsrecht) in dem Sinn und der Tragweite anzuwenden, wie sie in dem fremden Rechtskreis aufgefaßt werden. [Der Richter] hat ""nach pflichtmäßigem Ermessen unter Gebrauch der ihm zugänglichen Erkenntnismöglichkeiten den Inhalt ausländischen Rechts zu ermitteln"", wobei in der Ausübung dieses Ermessens ein gewisser Spielraum besteht. | Beide Parteien hätten angenommen, der von der Klägerin produzierte Strom unterfalle dem Stromeinspeisungsgesetz beziehungsweise dem Erneuerbare-Energien-Gesetz. Grund dafür sei die unrichtige Interpretation des Gesetzes gewesen, wonach in § 1 Nr. 2 StrEG nur Wasserkraftwerke des Bundes und der Länder gemeint seien."
azione di nuova emissione;neu Aktie;[L] le azioni di nuova emissione [...] devono essere assegnate gratuitamente agli azionisti in proporzione di quelle da essi già possedute.;
acque piovane;Niederschlagswasser;Il proprietario deve costruire i tetti in maniera che le acque piovane scolino nel suo terreno e non può farle cadere nel fondo del vicino.;Der Eigentümer eines Gebäudes hat das von seinem Gebäude abfließende Niederschlagswasser sowie Abwasser und andere Flüssigkeiten aus seinem Gebäude auf das eigene Grundstück so abzuleiten, daß der Nachbar nicht belästigt wird.
adottato;angenommen Kind;L'adozione non induce alcun rapporto civile tra l'adottante e la famiglia dell'adottato né tra l'adottato e i parenti dell'adottante [...].;Schließt ein Annehmender mit dem Angenommenen [...] den eherechtlichen Vorschiriften zuwider die Ehe, so wird mit der Eehschließung das durch die Annahme zwischen ihnen begründete Rechtsverhältnis aufgehoben. | Ein angenommenes Kind kann, solange das Annahmeverhältnis besteht, bei Lebzeiten eines Annehmenden nur von dessen Ehegatten angenommen werden.
adottante;Annehmender;L'adozione non induce alcun rapporto civile tra l'adottante e la famiglia dell'adottato né tra l'adottato e i parenti dell'adottante [...].;Schließt ein Annehmender mit dem Angenommenen oder einem seiner Abkömmlinge den eherechtlichen Vorschriften zuwider die Ehe, so wird mit der Eheschließung das durch die Annahme zwischen ihnen begründete Rechtsverhältnis aufgehoben [...].
danneggiamento;Beschädigung;Sono [...] a carico delle parti conduttrici eventuali danneggiamenti a parti comuni, di cui non si riesca a individuare l'autore/l'autrice.;Wegen Hausfriedensbruchs, Beleidigung, Verletzung des Briefgeheimnisses, Körperverletzung [...], Bedrohung und Sachbeschädigung ist die Erhebung der Klage erst zulässig, nachdem von einer durch die Landesjustizverwaltung zu bezeichnenden Vergleichsbehörde die Sühne erfolglos versucht worden ist.
denominazione sociale;Firma;Le denominazione sociale è il nome della società di capitali, in contrapposto alla ragione sociale, che è il nome della società di persone.;Ein Kaufmann, der sein Geschäft ohne Gesellschafter oder nur mit einem stillen Gesellschafter betreibt, hat seinen Familiennamen mit mindestens einem ausgeschriebenen Vornamen als Firma zu führen.
atto di impugnazione;Rechtsmittelschrift;Al giudice della impugnazione sono trasmessi senza ritardo il provvedimento impugnato, l' atto di impugnazione e gli atti del procedimento.;Allerdings hat die höchstrichterliche Rechtsprechung im Hinblick auf den technischen Fortschritt in einem erheblichen Umfang Ausnah-men von dem Unterschriftserfordernis zugelassen. So hat die Rechtspre-chung bereits früh die Übermittlung einer Rechtsmittelschrift und anderer bestimmender Schriftsätze durch ein Telegramm oder mittels Fern-schreiben für zulässig erachtet (vgl. die Nachw. bei BGHZ 144, 160, 162 ff.). [...]
rapporto di servizio;Dienstverhältnis;Il rapporto di servizio sorge con un atto amministrativo di assunzione del soggetto. In casi eccezionali, il rapporto può sorgere di fatto.;Der Richter ist entlassen [...] wenn er in ein öffentlich-rechtliches Dienst- oder Amtsverhältnis zu einem anderen Dienstherrn tritt, [...] wenn er die Altersgrenze erreicht oder dienstunfähig ist und das Dienstverhältnis nicht durch Eintritt in den Ruhestand endet [...].
costo di distribuzione;Vertriebskosten;Nelle valutazioni devono essere osservati i seguenti criteri: i costi di distribuzione non possono essere computati nel costo di produzione.;
testatore;Erblasser;[I]l testatore, in presenza dei testimoni, dichiara al notaio la sua volontà, la quale è ridotta in iscritto a cura del notaio stesso [...].;
conservazione ex situ;Ex-situ-Erhaltung;Sono beneficiari degli aiuti [...] gli agricoltori, singoli o associati, e altri soggetti pubblici individuati per la conservazione ex situ.;
manifestazione di volontà espressa;unmittelbar Willenserklärung;A seconda dei modi con cui la manifestazione avviene, essa si distingue [...] in dichiarazione espressa [...] e manifestazione tacita [...].;Bei einer ausdrücklichen (direkten, unmittelbaren) Willenserklärung kommt der Geschäftswille des Erklärenden unmittelbar zum Ausdruck.
bracciale;Armbinde;Il segnalatore deve indossare o impugnare uno o più elementi di riconoscimento adatti, come giubbotto, casco, manicotti, bracciali, palette.;Auch bei Übungen gelten die Verhaltensmaßnahmen wie im Ernstfall in Bezug auf sofortige Handlung und das sofortige Aufsuchen der Sammelstelle. Es kann auch z. B. Laborbereiche geben, welche während der Evakuierungsübung besetzt bleiben müssen. Für diese Fälle werden kurzfristig vor der Übung Mitarbeiterinnen oder Mitarbeiter benannt. Es empfiehlt sich, diese z. B. mit der Armbinde entsprechend zu kennzeichnen.
presunzione;Vermutung;La mancata comunicazione comporta in ogni caso la presunzione di cessazione delle esigenze di pubblico interesse all'utilizzazione del bene.;
induzione magnetica;B;L'induzione magnetica (B) è una grandezza vettoriale che determina una forza che agisce sulle cariche in movimento. È espressa in tesla (T).;"Die magnetische Flussdichte B ist eine Vektorgröße, aus der sich eine Kraft auf bewegte Ladungen ergibt; sie wird in Tesla (T) ausgedrückt."
ragione sociale;Firma;La società in nome collettivo agisce sotto una ragione sociale costituita dal nome di uno o più soci con l'indicazione del rapporto sociale.;
replica;Replik;La replica è ammessa una sola volta e deve essere contenuta nei limiti strettamente necessari per la confutazione degli argomenti avversari.;"Nach dem Schluß der Beweisaufnahme erhalten der Staatsanwalt und sodann der Angeklagte zu ihren Ausführungen und Anträgen das Wort. Dem Staatsanwalt steht das Recht der Erwiderung zu; dem Angeklagten gebührt das letzte Wort."
denuncia di sinistro;Schadensmeldung;[I]n caso di mancata presentazione della denuncia di sinistro si applica l'articolo 1915 del codice civile per l' omesso avviso di sinistro.;"Eine Schadensanzeige nach Ablieferung ist schriftlich zu erstatten; die Übermittlung der Schadensanzeige kann mit Hilfe einer telekommunikativen Einrichtung erfolgen. | Auf eine Vereinbarung, nach welcher der Versicherer von der Verpflichtung zur Leistung frei sein soll, wenn der Pflicht zur Anzeige des Versicherungsfalls nicht genügt wird, kann sich der Versicherer nicht berufen, sofern er in anderer Weise von dem Eintritt des Versicherungsfalls rechtzeitig Kenntnis erlangt hat."
madre;Mutter;L'azione di disconoscimento di paternità del figlio nato nel matrimonio può essere esercitata dal marito, dalla madre e dal figlio medesimo.;Mutter eines Kindes ist die Frau, die es geboren hat.
profitto non patrimoniale;immateriell Vorteil;Quanto al profitto non patrimoniale [...], esso dovrà considerarsi ingiusto tutte le volte che sia in contrasto con l'ordinamento giuridico.;"[Bei der Vorteilsannahme gemäß § 331 StGB gilt] ein (sehr) weiter Vorteilsbegriff, da weder eine Bereicherung des Amtsträgers noch eine Entreicherung des Gebers verlangt wird und die vorausgesetzte ""objektive"" Besserstellung durch die (damit erfolgte) Einbeziehung ""immaterieller Vorteile"" eine subjektive Komponente erhält."
falso;Fälschung;La transazione nei giudizi civili di falso non produce alcun effetto, se non è stata omologata dal tribunale, sentito il pubblico ministero.;Die Beobachtung der für die Hauptverhandlung vorgeschriebenen Förmlichkeiten kann nur durch das Protokoll bewiesen werden. Gegen den diese Förmlichkeiten betreffenden Inhalt des Protokolls ist nur der Nachweis der Fälschung zulässig.
padre adottivo;Wahlvater;L'addottato assume solo il cognome del padre adottivo. L'adottato maggiorenne invece aggiuge il cognome dell'adottante premettendolo al suo.;"Heiratet [...] der Adoptivvater seine Tochter, so wird die Eltern-Kind-Beziehung auflgelöst; die Tochter bleibt aber Enkelin der Eltern ihres Mannes und Tochter im Verhältnis zu ihrer geschiedenen Adoptivmutter."
eguaglianza giuridica dei coniugi;rechtlich Gleichstellung der Ehegatt;Il matrimonio è ordinato sull'eguaglianza morale e giuridica dei coniugi, con i limiti stabiliti dalla legge a garanzia dell'unità familiare.;Die rechtliche Gleichstellung der Ehegatten in der Eheführung bildet dann die Grundlage dafür, daß sie im Ehevermögensrecht gleich behandelt werden.
forma vincolata;gesetzlich vorgeschrieben Form;La elezione di domicilio è un atto personale a forma vincolata, da compiersi esclusivamente secondo le modalità indicate nell'art. 162 c.p.p.;Es kommt vielmehr darauf an, ob das Gesetz die Gültigkeit des in Rede stehenden Rechtsgeschäfts nur für den Fall anerkennen will, daß dieses die gesetzlich vorgeschriebene Form einhält [...].
attenzione;Achtung;"Per i pericoli più gravi deve figurare l’avvertenza ""pericolo"", mentre per quelli meno gravi deve essere riportata l’avvertenza ""attenzione"".";Das Signalwort „Achtung“ wird bei Kategorien mit geringeren Gefährdungen verwendet.
reato complesso;mehraktig Delikt;La causa estintiva di un reato, che è elemento costitutivo o circostanza aggravante di un reato complesso, non si estende al reato complesso.;"[Tatbestandliche Handlungseinheit] gilt einmal bei mehraktigen oder zusammengesetzten Delikten, die auf mehreren Einzelhandlungen im natürlichen Sinn aufbauen (zB Raub: Nötigung und Wegnahme) [...]. Hierzu gehören auch die Fälle, in denen bestimmte Vorbereitungstätigkeiten der rechtsgutbeeinträchtigenden Tathandlung gleichgestellt sind, wie das Nachmachen von Geld zewcks Inverkehrbringens (§ 146 StGB); vorbereitende Tätigkeit und eigentliche Tathandlung beilden eine deliktische Einheit [...]."
assunzione dei mezzi di prova;Beweiserhebung;Il giudice istruttore provvede all'assunzione dei mezzi di prova e, esaurita l'istruzione, rimette le parti al collegio per la decisione […].;Im Anschluss an die Beweisaufnahme hat das Gericht erneut den Sach- und Streitstand und, soweit bereits möglich, das Ergebnis der Beweisaufnahme mit den Parteien zu erörtern. | Eine Beweiserhebung darf nicht [...] abgelehnt werden, weil das Beweismittel oder die zu beweisende Tatsache zu spät vorgebracht worden sei.
pericolo;Gefahr;"Per i pericoli più gravi deve figurare l’avvertenza ""pericolo"", mentre per quelli meno gravi deve essere riportata l’avvertenza ""attenzione"".";Das Signalwort „Gefahr“ kennzeichnet schwerwiegende Gefährdungen.
assorbimento;Konsumtion;[L]a consunzione e cioè l'assorbimento di una disposizione in un'altra, è un carattere comune a tutti i casi di conflitto apparente di norme.;"Bei der Konsumtion trifft ein Delikt typischerweise mit bestimmten anderen Delikten zusammen; so ist Hausfriedensbruch [...] typische Begleittat eines Einbruchdiebstahls [...]. Hier wird angenommen, daß das schwerere Delikt (der Einbruchdiebstahl) den Unrechts- und Schuldgehalt des leichteren Delikts ""verzehrt""; es wird also nur wegen des schwereren Delikts bestraft."
attività casalinga;Familienarbeit;[L]a Regione Trentino-Alto Adige riconosce l'attività casalinga come lavoro a tutti gli effetti, meritevole di adeguata tutela previdenziale.;Nach ständiger Rechtsprechung stellt die Haushaltstätigkeit (einschließlich der Versorgung und Erziehung von Kindern) insoweit eine Erwerbstätigkeit i.S. der §§ 842, 843 BGB dar, als sie für den Familienunterhalt erbracht wird und zwar gleichgültig, ob sie absprachegemäß von beiden Ehegatten anteilig oder von der Ehefrau oder dem Ehemann allein ausgeführt wird. | Nach neuester Rechtsprechung wird die während der Ehe erbrachte Familienarbeit (auch Haushaltstätigkeit genannt) als den ehelichen Lebensstandard prägend und auch wirtschaftlich verbessernd nunmehr als eine der Erwerbstätigkeit gleichwertige Leistung angesehen.
verifica;Prüfung;Le verifiche di legge dell’impianto di messa a terra devono essere svolte dall’ASL/ARPA o da altro organismo abilitato, con cadenza biennale.;Die Prüfung umfasst neben den elektrischen Messungen [gegebenenfalls] auch die Kontrolle der Wirksamkeit der mechanischen, pneumatischen, hydraulischen und elektrischen Schutzeinrichtungen sowie der sicheren Funktion der Schalt- und Steuerelement.
acquisizione;Akquisition;Nell'ottobre 2000 la stampa ha informato dell'avvenuta acquisizione da parte della Società Enel S.p.A. della società Infostrada S.p.A. [...].;Zur bilanziellen Erfassung der Akquisition von Tochtergesellschaften wird die Erwerbsmethode angewandt.
scorreria in armi;bewaffnet Durchstreifen;Badalamenti è condannato a 6 anni e 8 mesi di reclusione per i reati contestatigli «esclusa, come per tutti gli altri, la scorreria in armi».;Ein besonders schwerer Fall liegt in der Regel vor, wenn der Täter [...] eine andere Waffe bei sich führt, um diese bei der Tat zu verwenden [...].
società risultante dalla fusione;aus der Verschmelzung hervorgehend Gesellschaft;Con la fusione, ad una pluralità di società se ne sostituisce una sola: la società incorporante o la nuova società che risulta dalla fusione.;In dem Verschmelzungsvertrag muß der Gesellschaftsvertrag, die Satzung oder das Statut des neuen Rechtsträgers enthalten sein oder festgestellt werden.
cosa legata;vermachten Sache;La cosa legata, con tutte le sue pertinenze deve essere prestata al legatario nello stato in cui si trova al tempo della morte del testatore.;Hat der Erblasser nur den Besitz der vermachten Sache, so gilt im Zweifel der Besitz als vermacht [...].
negozio plurilaterale;mehrseitig Rechtsgeschäft;Esempio di negozio plurilaterale è [...] il contratto di società. | È un negozio giuridico plurilaterale [...] il contratto di società [...].;Das wichtigste mehrseitige Rechtsgeschäft ist vor allem der Vertrag.
mandato oneroso;Geschäftsbesorgungsvertrag;La revoca del mandato oneroso, conferito per un tempo determinato o per un determinato affare, obbliga il mandante a risarcire i danni [...].;
registro dello stato civile;Zivilstandsregister;I registri dello stato civile sono tenuti in ogni comune in conformità delle norme contenute nella legge sull'ordinamento dello stato civile.;Der Standesbeamte führt ein Heiratsbuch, ein Familienbuch, ein Heiratsbuch und ein Sterbebuch (Personenstandsbücher). | Die Personenstandsregister werden elektronisch geführt.
prelazione contrattuale;vertraglich vereinbart Vorkaufsrecht;[L]a prelazione contrattuale ha, per contro, efficacia meramente obbligatoria, allo stesso modo del patto di non alienare (art. 1379), [...].;Der Vorkauf hat nach §§ 504, 505 [BGB] drei Voraussetzungen: ein vertragliches oder gesetzliches Vorkaufsrecht, einen Drittkauf als Vorkaufsfall und die Ausübung des Vorkaufsrechts.
Catalogo nazionale dei beni culturali;KGT-Verzeichnis;Il Catalogo nazionale dei beni culturali, già nella sua definizione normativa viene descritto come un sistema partecipativo Stato-regioni […].;Zuständig für die Eintragung in ein Verzeichnis national wertvollen Kulturgutes ist die oberste Landesbehörde des Landes, in dem sich das Kulturgut zum Zeitpunkt der Einleitung des Eintragungsverfahrens befindet.
fondo inferiore;tief liegend Grundstück;Il fondo inferiore è soggetto a ricevere le acque che dal fondo più elevato scolano naturalmente, senza che sia intervenuta l'opera dell'uomo.;Der Abfluss des Wassers darf nicht durch Vorrichtungen zum Nachteil eines tieferliegenden Grundstücks geändert werden. Unter dies Verbot fällt nicht eine natürliche Veränderung des Wasserablaufs als Folge einer veränderten wirtschaftlichen Nutzung eines Grundstücks. | Der Eigentümer eines Grundstücks darf den Ablauf des wild abfließenden Wassers nicht künstlich so ändern, daß tiefer liegende Grundstücke belästigt werden.
indebito;Nichtschuld;Chi ha ricevuto il pagamento è tenuto alla restituzione verso il vero creditore, secondo le regole stabilite per la ripetizione dell'indebito.;Kenntnis der Nichtschuld
legittimazione attiva;Klageberechtigung;La legittimazione attiva ad esperire l'azione di rivendicazione deve riconoscersi solo ed esclusivamente al proprietario del bene rivendicato.;Die Aktiv- bzw. Passivlegitimation betrifft die materiell-rechtliche Befugnis zur Geltendmachung des Anspruchs.
pubblicazione oscena;pornographisch Schrift;Il delitto di pubblicazioni e spettacoli osceni si consuma con la fabbricazione, importazione, detenzione, acquisto, etc. dell'oggetto osceno.;Wer pornographische Schriften [...] einer Person unter achtzehn Jahren anbietet, überläßt oder zugänglich macht, [...] wird mit Freiheitsstrafe bis zu einem Jahr oder mit Geldstrafe bestraft.
facilmente infiammabile;leicht entzündlich;"[U]n estintore deve essere collocato in prossimità dei depositi di pittura e dei magazzini contenenti prodotti facilmente infiammabili; [...].";
ritrovatore;Finder;Il proprietario deve pagare a titolo di premio al ritrovatore, se questi lo richiede, il decimo della somma o del prezzo della cosa ritrovata.;Der Finder ist zur Verwahrung der Sache verpflichtet.
emigrazione;Auswanderung;Riconosce la libertà di emigrazione, salvo gli obblighi stabiliti dalla legge nell'interesse generale, e tutela il lavoro italiano all'estero.;Der Bund hat die ausschließliche Gesetzgebung über: 3. die Freizügigkeit, das Paßwesen, das Melde- und Ausweiswesen, die Ein- und Auswanderung und die Auslieferung.
ripetizione dell'indebito;Rückforderung ein Nichtschuld;Chi ha ricevuto il pagamento è tenuto alla restituzione verso il vero creditore, secondo le regole stabilite per la ripetizione dell'indebito.;
azione al portatore;Inhaberaktie;Le azioni possono essere nominative o al portatore a scelta dell'azionista, se l'atto costitutivo non stabilisce che devono essere nominative.;
annotazione;Amtsvermerk;Le annotazioni non possono affluire nel fascicolo di dibattimento [...] e non possono neppure essere utilizzate per le contestazioni ai terzi.;"Die Beschlagnahme eines Grundstückes oder eines Rechtes, das den Vorschriften über die Zwangsvollstreckung in das unbewegliche Vermögen unterliegt, wird dadurch bewirkt, daß ein Vermerk über die Beschlagnahme in das Grundbuch eingetragen wird. [...] | Über Anhörungen des Beamten und Beweiserhebungen sind Protokolle aufzunehmen; § 168a der Strafprozessordnung gilt entsprechend. Bei der Einholung von schriftlichen dienstlichen Auskünften sowie der Beiziehung von Urkunden und Akten genügt die Aufnahme eines Aktenvermerks."
creditore;Gläubiger;Il creditore può rifiutare un adempimento parziale anche se la prestazione è divisibile, salvo che la legge o gli usi dispongano diversamente.;Kraft des Schuldverhältnisses ist der Gläubiger berechtigt, von dem Schuldner eine Leistung zu fordern. Die Leistung kann auch in einem Unterlassen bestehen.
sottoscrittore;Zeichner;Se entro un anno dal deposito l'iscrizione non ha avuto luogo, le somme di cui al comma precedente devono essere restituite ai sottoscrittori.;Ist die Durchführung der Erhöhung des Grundkapitals eingetragen, so kann sich der Zeichner auf die Nichtigkeit oder Unverbindlichkeit des Zeichnungsscheins nicht berufen [...].
apparecchio elettrico sotto tensione;Elektrogerät unter Spannung;[L]'acqua e le altre sostanze conduttrici non devono essere usate in prossimità di conduttori, macchine e apparecchi elettrici sotto tensione.;
protezione degli occhi;Augenschutz;[I]l datore di lavoro […] fornisce ai lavoratori informazioni, in particolare per quanto riguarda […] la protezione degli occhi e della vista.;Laser-Schutzbrillen dienen dem Schutz der Augen gegen Laserstrahlung für die jeweils betreffende(n) Wellenlänge(n) im ultravioletten, sichtbaren und/oder infraroten Spektralbereich.
cracker;Cracker;Gli attacchi ai segreti e alle informazioni aziendali non arrivano solamente dall'esterno, da hacker e cracker, ma anche da personale interno.;Unerheblich ist, auf welche Weise das Unkenntlichmachen vorgenommen wird (zB bloßes Löschen, Beseitigen einer Kopiersperre durch Cracker, überschreiben mit neuen Daten, Zerstören des Datenträgers).
variazione del capitale sociale;Anpassung der Gesellschaftskapital;Le variazioni del capitale sociale possono essere in aumento o in diminuzione e si attuano mediante modificazioni dell'atto costitutivo [...].;Der Geschäftsführer kann mit Wirkung für und gegen alle Gesellschafter das Gesellschaftskapital verändern, wenn sich bis zum Abschluß der Investitionsphase infolge einer nicht vorhergesehenen Änderung des Investitionsvolumens eine Notwendigkeit der Anpassung des Gesellschaftskapitals an die Verhältnisse ergibt.
spese per la costituzione;Gründungsaufwand;L'atto costitutivo deve contenere [...] l'importo globale, almeno approssimativo delle spese per la costituzione poste a carico della società.;
opera dell'ingegno;schöpferisch Werk;L'opera dell'ingegno è protetta pure penalmente [...] allorquando costituisca espressione particolare di lavoro intellettuale applicato [...].;Werke im Sinne dieses Gesetzes sind nur persönliche geistige Schöpfungen.
patto di prova;Probezeitklausel;L'imprenditore e il prestatore di lavoro sono rispettivamente tenuti a consentire e a fare l'esperimento che forma oggetto del patto di prova.;Fraglich ist, ob der Arbeitgeber bei einer Probezeitklausel immer den gesetzlichen Rahmen von sechs Monaten ausschöpfen oder ob er bei einfachen Tätigkeiten zum Beispiel eine höchstens drei- oder viermonatige Probezeit vereinbaren kann.
autonomia statutaria;Satzungsgewalt;I comuni e le province hanno autonomia statutaria ed autonomia finanziaria nell'ambito delle leggi e del coordinamento della finanza pubblica.;Für Gemeinden folgt die Satzungsautonomie aus Art. 28 II 1 GG. Der Erlass von Satzungen setzt – soweit sie keinen Eingriff in Freiheit oder Eigentum des Bürgers enthalten – keine gesetzliche Grundlage voraus. | [D]er Erlass der Rechtsverordnung [ist] heteronome, die Satzunggebung dagegen autonome Rechtsetzung. In diesem Sinne wird auch die Satzungsbefugnis als „Autonomie“ oder „Satzungsautonomie“ bezeichnet. Sie ist Teil der Selbstverwaltung. | [D]er Erlass der Rechtsverordnung [ist] heteronome, die Satzunggebung dagegen autonome Rechtsetzung. In diesem Sinne wird auch die Satzungsbefugnis als „Autonomie“ oder „Satzungsautonomie“ bezeichnet. Sie ist Teil der Selbstverwaltung. | Die Satzungsgewalt der Universitäten und wissenschaftlichen Hochschulen ist teilweise in den Landesverfassungen ausdrücklich anerkannt.
premio al ritrovatore;Finderlohn;Il proprietario deve pagare a titolo di premio al ritrovatore, se questi lo richiede, il decimo della somma o del prezzo della cosa ritrovata.;Hat die Sache nur für den Empfangsberechtigten einen Wert, so ist der Finderlohn nach billigem Ermessen zu bestimmen.
cosa ritrovata;Fundsache;Il proprietario deve pagare a titolo di premio al ritrovatore, se questi lo richiede, il decimo della somma o del prezzo della cosa ritrovata.;"Es empfiehlt sich [...], die gefundene Sache sofort der Polizeibehörde abzuliefern, um jeglicher Haftung aus Verwahrung zu entgehen! | [J]eder, der einen Rechtsverlust erlitten hat [...], hat während dieser Zeit [3 Jahre] einen Anspruch gegen den Finder [...] aus ungerechtfertigter Bereicherung auf ""Herausgabe des durch die Rechtsänderung Erlangten"" [...], also in erster Linie auf Rückübereignung der Fundsache oder auf Wertersatz."
illuminazione naturale;natürlich Beleuchtung;[I]n caso di cattiva illuminazione naturale sarà opportuno utilizzare colori fosforescenti, materiali riflettenti o illuminazione artificiale.;"Fenster dienen der natürlichen Belichtung sowie dem Sichtbezug nach außen – in der Regel aber auch der natürlichen Be- und Entlüftung. | Für die Sicherheit und die Gesundheit der Beschäftigten sind die folgenden Gütemerkmale der natürlichen Beleuchtung von
Bedeutung: Beleuchtungsniveau, Sichtverbindung nach außen, Begrenzung der Blendung und der Wärmeeinstrahlung, Lichtfarbe, Farbwiedergabe und Farbwirkungen[.]"
relazione dei sindaci;Revisionsbericht;Il bilancio [...] deve restare depositato in copia nella sede della società, insieme con le relazioni degli amministratori e dei sindaci [...].;
sottoscrittore moroso;säumig Aktionär;Decorso inutilmente questo termine, è facoltà dei promotori di agire contro i sottoscrittori morosi o di scioglierli dall'obbligazione assunta.;Die AG [Aktiengesellschaft] klagt den säumigen Aktionär auf Zahlung der Einlage [...].
leasing in valuta;Fremdwährungsleasing;Per le aziende che operano con l'estero la possibilità di usufruire di un leasing in valuta con tutti i vantaggi speculativi in esso contenuto.;
seduta;Sitzung;"Le sedute sono pubbliche; tuttavia ciascuna delle due Camere e il Parlamento a Camere riunite possono deliberare di adunarsi in seduta segreta.";Die erste Sitzung der in einer allgemeinen Wahl neu gewählten Vertreterversammlung muß spätestens fünf Monate, bei der Bundesknappschaft zwei Monate, nach dem Wahltag stattfinden.
documento casuale;Zufallsurkunde;Sulla particolarità, ora posta in rilievo, si basa la distinzione fra documenti intenzionali e documenti occasionali (detti anche « casuali »).;Doch auch nachträglich kann die Beweisbestimmung der Urkunde gegeben werden (sogenannte Zufallsurkunden, besser: nachträgliche Urkunden).
sentenza di primo grado;Urteil erster Instanz;Le domande e le eccezioni non accolte nella sentenza di primo grado, che non sono espressamente riproposte in appello, si intendono rinunciate.;
televendita;Teleshopping;Laddove non diversamente specificato, sponsorizzazione e televendita comprendono anche le attività svolte a mezzo della radiodiffusione sonora.;Teleshopping findet mit Ausnahme von Teleshopping-Spots im öffentlich-rechtlichen Rundfunk nicht statt.
capacità elettorale;Wahlberechtigung;L'iscrizione alle liste elettorali [...] è una condizione indispensabile (ma non sempre) per la concreta espressione della capacità elettorale.;Wer [...] die Eintragung eines Wahlberechtigten als Wähler verhindert, obwohl er dessen Wahlberechtigung kennt, [...] wird mit Freiheitsstrafe bis zu sechs Monaten oder mit Geldstrafe bis zu einhundertachtzig Tagessätzen bestraft, wenn die Tat nicht in anderen Vorschriften mit schwererer Strafe bedroht ist.
lettura;Verlesung;Il giudice, anche di ufficio, dispone che sia data lettura, integrale o parziale, degli atti contenuti nel fascicolo per il dibattimento [...].;Die Vernehmung eines Zeugen, Sachverständigen oder Mitbeschuldigten darf durch Verlesung von Niederschriften über eine frühere Vernehmung sowie von Urkunden, die eine von ihnen stammende schriftliche Äußerung enthalten, ersetzt werden.
membro supplente;Ersatzmitglied;Il membro supplente deve appartenere al medesimo gruppo linguistico di quello effettivo, e lo sostituisce in caso di sua assenza o impedimento.;Das Amt des Ersatzmitglieds erlischt spätestens mit Ablauf der Amtszeit des weggefallenen Aufsichtsratsmitglieds.
competenza funzionale;funktionell Zuständigkeit;Si può avere riguardo agli organi collegiali, per distinguere la competenza funzionale del presidente dalla competenza funzionale del collegio.;
principio dell'immediatezza;Unmittelbarkeitsgrundsatz;Sotto altro aspetto il principio di immediatezza si inserisce nella fase del dibattimento, in particolare nella fase di formazione della prova.;"Der Grundsatz der Unmittelbarkeit bedeutet zweierlei: Das Gericht, das das Urteil fällt, muß selbst wahrnehmen (formelle Unmittelbarkeit); es darf grundsätzlich die Beweisaufnahme nicht anderen Personen, etwa einem beauftragten oder ersuchten Richter, überlassen [...]. | Der Unmittelbarkeitsgrundsatz, den § 250 im Interess möglichst zuverlässiger Beweisgewinnung aufstellt, gilt nur für Wahrnehmungen von Zeugen und Sachverständigen und nur im Strengbeweisverfahren [...]."
anello;Schlinge;L’imbracatura è costituita da nastri e cinghie, che avvolgono il corpo, e da anelli di attacco dorsale o sternale al sistema di arresto caduta.;
morte cerebrale;Gehirntod;I concetti di morte respiratoria, cardiaca e cerebrale si riferiscono ai modi di accertamento e non alla nozione di morte che è una sola [...].;Was den vorrangig noch zu bestimmenden Todesbegriff betrifft, bei dem es sich nicht einfach um eine medizinische Vorgegebenheit sondern um eine normative Konvention handelt [...], kann es dafür weder erst auf den [Totaltod] noch bereits auf den Stillstand von Herz- und Atmungstätigkeit ankommen, sondern allein auf den sogenannten Hirntod.
stato patrimoniale;Jahresbilanz;Gli amministratori devono redigere il bilancio di esercizio, costituito dallo stato patrimoniale, dal conto economico e dalla nota integrativa.;In der Bilanz sind das Anlage- und das Umlaufvermögen, das Eigenkapital, die Schulden sowie die Rechnungsabgrenzungsposten gesondert auszuweisen und hinreichend aufzugliedern.
disponibilità liquide;flüssig Mittel;La società deve depositare le disponibilità liquide dei fiducianti presso enti creditizi in conti rubricati come di amministrazione fiduciaria.;
nota integrativa;Anhang;Gli amministratori devono redigere il bilancio di esercizio, costituito dallo stato patrimoniale, dal conto economico e dalla nota integrativa.;Gleichfalls als Teil des Jahresabschlußes ist ein Anhang zu erstellen zur Erläuterung der Bilanz und der Gewinn- und Verlustrechnung.
rifiuto organico;biogen Abfall;La raccolta separata dei rifiuti organici deve essere effettuata con contenitori a svuotamento riutilizzabili o con sacchetti compostabili (…).;Pflanzenreste, die auf forst- oder landwirtschaftlich genutzten Flächen anfallen und auf diesen Flächen verbleiben, sind keine Bioabfälle.
mortis causa;mortis causa;[È] vietata la donazione mortis causa. Quella donazione che cioè fa della morte del donante la condizione per l'attribuzione patrimoniale [...].;Private intergenerationelle Vermögenstransfers lassen sich [...] unterscheiden, ob sie zu Lebzeiten der Geber geleistet (Schenkungen) oder durch deren Tod bedingt sind(Erbschaften). Im ersten Fall sprechen wir auch von Transfers inter vivos, im letzteren von Transfers mortis causa.
voce;Posten;Per ogni voce dello stato patrimoniale e del conto economico deve essere indicato l'importo della voce corrispondente dell'esercizio precedente.;Posten der Aktivseite dürfen nicht mit Posten der Passivseite, Aufwendungen nicht mit Erträgen, Grundstücksrechte nicht mit Grundstückslasten verrechnet werden.
atto conservativo;Massnahme zu Sicherung;Il protutore [..] ha cura della persona del minore, lo rappresenta e può fare tutti gli atti conservativi e gli atti urgenti di amministrazione.;Erscheint der Nachlassbestand während der Schwebezeit gefährdet, so hat das Nachlassgericht die erforderlichen Sicheurngsmaßnahmen zu treffen.
rilevazione dell'incendio;erkennen von Brand;Le misure di protezione attiva sono [...] finalizzate alla pronta rilevazione dell’incendio, alla segnalazione ad allo spegnimento dello stesso.;Brandmelder dienen dem frühzeitigen Erkennen von Bränden und Auslösen eines Alarms.
autorità superiore;übergeordnet Behörde;L'autorità superiore che revisiona il documento caratteristico deve motivare l'eventuale dissenso dal giudizio espresso dall'autorità inferiore.;Sind die nach dieser Verordnung zuständigen Behörden aus tatsächlichen Gründen nicht in der Lage, ihre Befugnisse auszuüben, so können diese von den übergeordneten Behörden desselben Verwaltungszweiges wahrgenommen werden. […].
autorità inferiore;nachgeordnet Behörde;L'autorità superiore che revisiona il documento caratteristico deve motivare l'eventuale dissenso dal giudizio espresso dall'autorità inferiore.;Die Hessische Landeszentrale für politische Bildung ist eine nachgeordnete Behörde der Hessischen Staatskanzlei.
esercizio di vicinato;Nahversorgungsbetrieb;Il sindaco ordina la chiusura di un esercizio di vicinato qualora il titolare: a) sospende l’attività per un periodo superiore a un anno [...] .;Flächen  für Einzelhandelsgroßprojekte dürfen nur in Zentralen Orten ausgewiesen werden. Abweichend sind Ausweisungen zulässig - für Nahversorgungsbetriebe bis 1 200 m² Verkaufsfläche in allen Gemeinden [...].
società irregolare;Vorgesellschaft;Le società commerciali di persone possono validamente esistere se non iscritte ed in tal caso si configurano ed operano come società irregolari.;
norma transitoria;Übergangsvorschrift;[D]ue sono eletti, uno per ciascun gruppo linguistico, dal personale con le modalità di cui all' articolo 22 e relativa norma transitoria [...].;
mallevadore;Garantiegeber;Il patto di manleva realizza un obbligo, a carico del mallevadore, che consiste nel sollevare altri dalle conseguenze di un fatto dannoso [...].;Tritt der Garantiefall ein, so stehen dem Käufer [...] die Rechte aus der Garantie gegen den Garantiegeber (z.B. auf Nichterfüllung oder Schadloshaltung) zu (§ 443 BGB).
fondatezza;Begründetheit;Non è consentita la trattazione e la pronuncia di nuovi provvedimenti su questioni relative all'ammissibilità e alla fondatezza della richiesta.;Über die Zulässigkeit und Begründetheit des Einspruchs entscheidet das Amtsgericht durch Beschluss.
fattispecie a formazione progressiva;Tatbestand -- der stufenweise verwirklichen werden;La figura del procedimento, che assume particolare importanza nel campo del diritto pubblico, realizza una fattispecie a formazione progressiva.;
fuoco di materiali solidi;Feststoffbrand;Gli estintori a schiuma sono omologati con classe di spegnimento “A” (fuochi di materiali solidi) e “B” (fuochi da liquidi o solidi liquefatti).;Wasser ist ein effektives Löschmittel für Feststoffbrände, zum Löschen von Flüssigbränden ist Wasser aber völlig ungeeignet, da es zum Beispiel beim Auftreffen auf brennendes Fett eine explosionsartige Ausbreitung des Feuers verursacht, was zu Verletzungen führen kann.
polvere ABC;ABC-Löschpulver;L’azione estinguente della polvere ABC è basata su diversi effetti tra cui l’inibizione chimica e la separazione del combustibile dall’ossigeno.;"Bei Gasbränden gilt es zu beachten, dass diese sich nicht mit Wasser, Schaum oder Kohlenstoffdioxid (CO2) löschen lassen und somit als Löschmittel völlig unbrauchbar sind. Als Löschmittel eignen sich Feuerlöscher mit ABC-Pulver und BC-Pulver. | Die Löschwirkung des ABC-Löschpulvers beruht bei Flammenbränden (Brandklassen B, C, teilweise auch A) auf ""heterogener Inhibition"", bei Glutbränden der Brandklasse A bildet sich durch das schmelzende Löschpulver zusätzlich eine erstickende Sinterschicht auf dem heißen Brandgut."
interessi legali;gesetzlich Zins;L'affrancazione si opera mediante il pagamento di una somma risultante dalla capitalizzazione del canone annuo sulla base dell'interesse legale.;Rechtlich unterscheidet man vertraglich vereinbarte und gesetzliche Zinsen.
segnale luminoso intermittente;intermittierend Leuchtzeichen;Se al posto o ad integrazione di un segnale acustico si utilizza un segnale luminoso intermittente, il codice del segnale dovrà essere identico.;Intermittierende Leuchtzeichen sollten mit einer Frequenz von 1 Hz bis 5 Hz betrieben werden.
miglioramento;Verbesserung;Salvo disposizioni particolari della legge o degli usi, il conduttore non ha diritto a indennità per i miglioramenti apportati alla cosa locata.;Maßnahmen zur Verbesserung der Mietsache, zur Einsparung von Energie oder Wasser oder zur Schaffung neuen Wohnraums hat der Mieter zu dulden.
infruttifero;zinslos;Il fondo di rotazione [...] è autorizzato ad avvalersi di un apposito conto corrente infruttifero in ECU, aperto presso la Banca d'Italia [...].;Auf Zins-, Renten- und Gewinnanteilscheine, die nicht später als in dem nächsten auf die Veräußerung oder Verpfändung folgenden Einlösungstermin fällig werden, auf unverzinsliche Inhaberpapiere, die auf Sicht zahlbar sind, und auf Banknoten sind diese Vorschriften nicht anzuwenden.
deliberazione di esclusione;Ausschließungsbeschluss;Contro la deliberazione di esclusione il socio può, nel termine di trenta giorni dalla comunicazione, proporre opposizione davanti al tribunale.;
esibizione;Vorlegung;Ove l'amministrazione non provveda all'adempimento, il presidente ordina l'esibizione degli atti e dei documenti nel tempo e nei modi opportuni.;Der Gegner ist zur Vorlegung der Urkunde verpflichtet, wenn der Beweisführer nach den Vorschriften des bürgerlichen Rechts die Herausgabe oder die Vorlegung der Urkunde verlangen kann.
proprietà legale;zivilrechtlich Eigentum;Il Leasing finanziario consente il pieno utlizzo del veicolo anche se la proprietà legale rimane della finanziaria fino al termine del contratto.;Handels- und Steuerrecht stellen bei der Objektzurechnung nicht auf das zivilrechtliche Eigentum, sondern auf die wirtschaftliche Zugehörigkeit ab.
fornitore imprenditore;Hersteller;Dal leasing finanziario si distingue poi il c.d. leasing operativo, che è il contratto di leasing concluso direttamente dall'impresa produttrice.;Zwischen dem Lieferanten und dem Leasinggeber wird ein Kauf-, Werk- oder Werklieferungsvertrag, zwischen dem Leasinggeber und dem Leasingnehmer der Leasingvertrag geschlossen. | Bevor der Entscheidungsträger - der potentielle Leasingnehmer - eine Leasinggesellschaft konsultiert, hat er i.d.R. das Objekt ausgewählt und einen [...] Hersteller gefunden.
obbligazione;Verpflichtung;Le obbligazioni derivano da contratto, da fatto illecito o da ogni altro atto o fatto idoneo a produrle in conformità dell'ordinamento giuridico.;Eine Verbindlichkeit besteht und kann erfüllt, gegebenenfalls auch gesichert, aufgerechnet werden.
erede;Erbe;L'impugnazione può essere notificata [...] collettivamente e impersonalmente agli eredi della parte defunta dopo la notificazione della sentenza.;[S]tirbt der Hauptschuldner, so kann sich der Bürge nicht darauf berufen, daß der Erbe für die Verbindlichkeit nur beschränkt haftet.
successore universale;Alleinerbe;Quando la parte vien meno per morte o per altra causa, il processo è proseguito dal successore universale o in suo confronto [...]. | CeBa 07:678;Aufgrund der Universalsukzession werden der Alleinerbe oder die Miterbengemeinschaft [...] an Stelle des Erblassers mit dem Erbfall Eigentümer beweglicher unf unbeweglicher Sachen [...], Inhaber schuldrechtlicher Forderungen [...] usw.
dolo diretto;unmittelbar Vorsatz;Talvolta compare anche, in dottrina, una forma di dolo denominato dolo intenzionale [...], considerato dai più una specie del dolo diretto [...].;Der direkte Vorsatz kann in zwei verschiedenen Formen auftreten, in der Form der Absicht iSd direkt auf den Erfolge gerichteten Willens und in der Form des sicheren Wissens davon, dass die Handlung eine Rechtsverletzung darstellt.
dichiarazione;Erklärungsakt;La dichiarazione del concedente di valersi della clausola risolutiva espressa [...] non impedisce l'esercizio del diritto di affrancazione [...].;Ist durch Gesetz für eine Erklärung öffentliche Beglaubigung vorgeschrieben, so muss die Erklärung schriftlich abgefasst und die Unterschrift des Erklärenden von einem Notar beglaubigt werden.
periodo di prova;Probezeit;Salva diversa disposizione delle norme corporative, l'assunzione del prestatore di lavoro per un periodo di prova deve risultare da atto scritto.;Während einer vereinbarten Probezeit, längstens für die Dauer von sechs Monaten, kann das Arbeitsverhältnis mit einer Frist von zwei Wochen gekündigt werden.
capacità di agire;Handlungsfähigkeit;I familiari partecipanti alla impresa che non hanno la piena capacità di agire sono rappresentati nel voto da chi esercita la potestà su di essi.;
scioglimento dell'associazione;Auflösung der Verein;Per deliberare lo scioglimento dell'associazione e la devoluzione del patrimonio occorre il voto favorevole di almeno tre quarti degli associati.;Die Auflösung des Vereins sowie die Entziehung der Rechtsfähigkeit ist in das Vereinsregister einzutragen.
